CustomerID,Age,CreditScore,Tenure,Balance,NumOfProducts,EstimatedSalary,TotalAssets
USR-10000,32.0,460,3,12212.30995857474,3,94771.55570426758,11874.661201755269
USR-10001,51.0,658,5,87044.87055225932,2,51001.99471343291,92212.6490404279
USR-10002,84.0,438,3,68932.33925007246,1,38601.608332851145,71383.1610217499
USR-10003,52.0,465,6,58280.95758065802,1,134722.78697969217,59769.313476069256
USR-10004,55.0,606,2,19104.275353204634,1,143830.1566495183,20695.56509466642
USR-10005,,403,2,,1,84781.18188315326,
USR-10006,29.0,324,6,48289.39178188749,1,131975.93904396408,49830.816923436585
USR-10007,57.0,454,2,37727.24851182073,1,101609.99754510216,38809.9991675954
USR-10008,24.0,733,7,43451.322786486635,1,130618.69191307043,45667.894980007724
USR-10009,85.0,650,0,,2,44736.24151757645,
USR-10010,35.0,715,7,443.88221209539915,1,71934.08959682012,-1117.4089879981213
USR-10011,34.0,700,3,89319.48940069607,1,59797.289233939664,93800.98636575151
USR-10012,66.0,620,5,69023.95999495988,1,63210.618285276876,73832.23331826943
USR-10013,85.0,667,7,54969.89876309739,2,74299.71891848769,57008.15860071257
USR-10014,33.0,597,7,,2,69911.77485497789,
USR-10015,75.0,777,1,48242.76612152322,2,106204.57078989586,50281.31126743062
USR-10016,37.0,627,1,,2,70385.37051596565,
USR-10017,53.0,318,0,55272.04600650064,2,85373.37208817543,57215.29441606862
USR-10018,37.0,741,9,51801.46324671135,1,112101.04606162447,54662.97666987592
USR-10019,47.0,720,9,43110.901910413566,2,129669.63261278854,44431.97070715825
USR-10020,32.0,721,7,17321.440740055663,1,136807.16311368835,18383.670301341754
USR-10021,48.0,406,9,24516.91336716369,2,101556.50063997743,25029.32412312663
USR-10022,21.0,787,5,59515.98659710317,2,20579.192842645807,62501.246069080764
USR-10023,67.0,773,1,25903.677917879166,2,40249.16164533173,27237.55507518694
USR-10024,24.0,618,9,38630.027412075855,2,130406.74424582871,39484.13637069234
USR-10025,34.0,319,8,38952.74374473534,1,143014.34660303767,40429.9853330077
USR-10026,,641,4,30188.17803008773,2,96770.87639354626,29579.651630704888
USR-10027,39.0,692,4,77107.04696748506,1,93399.7149036259,80723.85058622176
USR-10028,32.0,715,5,30358.675267468632,2,90348.41862367479,31829.914763884146
USR-10029,24.0,516,9,42689.33707243246,2,114883.12543992329,44979.99444135274
USR-10030,,667,2,32993.334025575205,3,93954.8399124944,36611.311515703186
USR-10031,53.0,770,3,45109.12840936237,1,35544.84300613051,49466.49876762567
USR-10032,22.0,443,7,,3,,
USR-10033,31.0,526,1,49115.73203610035,2,,52773.851610464
USR-10034,85.0,467,5,64059.57449178972,2,91024.63062641436,65450.77904002187
USR-10035,21.0,546,6,20834.2362016988,1,60761.25101537924,21341.959809411906
USR-10036,37.0,675,0,,1,31510.32285946694,
USR-10037,57.0,423,1,43210.99326003493,1,54382.65593938591,44546.08666709427
USR-10038,25.0,412,0,37501.1841103035,2,66280.88549085577,39413.48739359319
USR-10039,33.0,367,2,52722.08771551602,1,75199.79895387188,55442.88820521137
USR-10040,25.0,324,1,45638.90038909523,1,53048.62852111449,47903.444861806885
USR-10041,32.0,813,3,41919.7976383907,2,85764.178157352,44378.83223730807
USR-10042,41.0,373,6,63194.90281762913,1,72123.77358665524,65329.465251176654
USR-10043,29.0,679,3,55599.512181208804,1,62905.56502555685,58091.45830850995
USR-10044,43.0,724,9,52834.50771203766,1,66842.58408865545,57323.84292284524
USR-10045,73.0,550,9,50167.372475483484,2,74182.15674159635,52089.327865542735
USR-10046,40.0,741,9,35414.75144541087,2,132550.75883219525,38391.711104296366
USR-10047,30.0,346,3,71344.54934459916,2,132444.32961196848,74842.1137713253
USR-10048,24.0,664,2,56518.49265860084,1,139489.896567771,59382.930420765
USR-10049,42.0,515,9,31528.777254309833,1,99266.09486662506,31868.92388935184
USR-10050,,532,6,53351.74287163792,2,139420.10601218895,55904.85981118189
USR-10051,83.0,467,1,,2,58200.82819870322,
USR-10052,33.0,834,2,43109.48694904692,1,110887.58494078653,45269.69805399192
USR-10053,,579,8,22575.228389181262,3,87151.11975527715,23814.89599633978
USR-10054,,801,7,60231.6021131623,3,62753.80641161146,63382.91418659656
USR-10055,83.0,574,1,32486.218464469803,2,82243.31177874253,33775.441541488
USR-10056,26.0,467,5,65218.98109483927,2,119813.39245089491,67889.07455388406
USR-10057,31.0,454,1,68371.66142651631,2,20483.20235018618,72655.32416972563
USR-10058,36.0,390,9,51688.16384459587,2,80633.43113397938,54841.8050386979
USR-10059,,517,5,42010.079087513725,1,111785.21768533993,42873.09426500569
USR-10060,60.0,526,3,67724.91662977461,1,56975.47584995725,68729.10068935825
USR-10061,41.0,670,7,75194.52757749349,1,,78846.61514673993
USR-10062,28.0,745,8,83665.02787455638,3,137726.83012665412,86269.51435227192
USR-10063,61.0,519,8,61520.31253201884,1,125490.93723266528,65498.31972658193
USR-10064,60.0,660,3,16860.06018202399,2,139279.1335556872,16758.095992167277
USR-10065,40.0,338,1,78743.79739835428,2,120184.54769293145,81759.29810867038
USR-10066,33.0,373,5,26428.456810711,1,135045.311911105,28198.59258965047
USR-10067,28.0,815,0,39511.48040506473,1,90437.41657965472,41776.86335104567
USR-10068,41.0,820,9,,1,80865.9973587467,
USR-10069,30.0,525,4,52961.86251384752,2,119270.43309002562,56442.1772804701
USR-10070,53.0,405,6,60381.015736849324,2,,62837.03750278678
USR-10071,36.0,694,4,68846.99198809624,1,34502.3420148741,74632.28307931742
USR-10072,33.0,572,0,61757.15782787815,2,25265.23971111557,67137.88817142247
USR-10073,26.0,526,0,73716.28253333214,2,70785.15479180528,77116.0488153981
USR-10074,46.0,758,8,65681.52518761455,1,107914.18426297334,69574.21182336069
USR-10075,46.0,417,6,94418.93620069888,2,,99043.2046628712
USR-10076,32.0,795,8,76803.13441423466,1,93611.51412611107,80550.17493110428
USR-10077,,779,4,72683.9215632792,1,112747.88628319689,75500.32308588349
USR-10078,48.0,643,6,102303.75785803377,2,61992.165947622765,107634.37422453698
USR-10079,25.0,466,0,33318.256129899724,1,62433.03007257851,34730.46129326158
USR-10080,27.0,576,9,44493.66811227715,1,144346.03568524565,45915.90430777887
USR-10081,30.0,757,6,74069.82711560187,1,94707.35755843634,78482.77468397994
USR-10082,34.0,562,7,56086.2470903896,1,99352.70962426535,58834.84320819246
USR-10083,,417,7,36017.6358263238,1,133199.90544195997,36523.22719077715
USR-10084,,632,4,93186.52206761137,3,93197.86458405184,98443.72487331381
USR-10085,50.0,333,8,44570.93119247036,4,40304.50656097378,45613.31360301084
USR-10086,40.0,369,7,20343.58916230676,1,88305.78032763975,21128.570497637535
USR-10087,62.0,804,6,76013.41453384637,3,56412.96311970138,79168.34471824733
USR-10088,18.0,345,5,53832.30742383114,1,,56337.97530947046
USR-10089,31.0,560,7,58860.84580087727,1,45568.681433661484,63907.593597091116
USR-10090,27.0,755,3,41684.193472345505,1,110206.54803697414,43014.09926861005
USR-10091,34.0,521,6,64167.92985265049,1,99787.96478492155,67717.86718875963
USR-10092,47.0,331,8,69596.07659351782,1,130129.63434542075,72385.76861180548
USR-10093,69.0,598,5,60635.73122417733,2,52488.82370413079,64842.640952131216
USR-10094,39.0,394,5,15796.111704592884,1,73222.32143181839,15914.03370249474
USR-10095,33.0,311,1,,1,61401.774256773126,
USR-10096,,404,6,58283.168441035974,1,41390.080360648746,61322.39335583556
USR-10097,28.0,785,2,,1,100578.84220515433,
USR-10098,44.0,526,8,50081.379825688506,2,71685.3388883833,52466.58972812795
USR-10099,34.0,452,2,70136.01542059919,1,73143.16151926773,73811.05906195626
USR-10100,35.0,462,5,61675.7827289173,2,119264.82435138874,65015.32215996054
USR-10101,50.0,436,5,75976.84941090751,1,20108.369589322683,79029.09635870496
USR-10102,21.0,646,5,81317.53920587208,2,49634.205967366695,86015.50548573303
USR-10103,28.0,691,1,52052.195012714656,3,93755.71427888129,55461.08100760526
USR-10104,30.0,353,9,16784.552527595377,1,130749.3937958114,16138.08151117547
USR-10105,38.0,744,9,46877.1230495272,2,76968.95865701577,48632.43072566562
USR-10106,32.0,790,0,73533.11534704182,1,30201.53606230264,78394.56811802658
USR-10107,35.0,620,2,66916.25530543533,1,132739.86845792644,70957.99574770594
USR-10108,29.0,346,7,38253.76125103466,2,124978.87907846337,39084.83454787551
USR-10109,52.0,659,7,74439.27927820853,1,118569.59752228692,78482.58020479411
USR-10110,43.0,623,1,46506.31602685403,3,66962.41925326939,48619.92195173568
USR-10111,44.0,394,2,72126.10299123597,3,63113.78871341693,74764.15326610573
USR-10112,43.0,833,4,68977.41169747559,3,68730.13646143195,72900.9791870332
USR-10113,34.0,364,4,64600.96508016685,2,24885.43578673654,67561.65057345573
USR-10114,25.0,506,2,49556.664612535504,1,29393.313955246653,51696.3040702109
USR-10115,22.0,331,4,55448.91581221369,1,47927.91023246305,58617.055783906595
USR-10116,18.0,408,1,70651.39607080493,2,120418.18970640635,74196.74516074352
USR-10117,62.0,674,5,65850.61406926878,1,116996.7560874753,69120.53145206913
USR-10118,35.0,429,7,48268.80260682078,1,,50244.53327690103
USR-10119,42.0,313,2,,2,131762.15945229778,
USR-10120,41.0,652,8,98109.99282722385,3,134718.11322802416,104041.00464251959
USR-10121,23.0,832,9,29147.644215263626,1,81381.2387954423,32316.76568013655
USR-10122,31.0,684,4,36839.8548751433,2,114428.56654709093,38818.96745262435
USR-10123,49.0,461,9,82105.95599072124,3,55678.43222371868,87276.85668275604
USR-10124,36.0,680,7,59786.77461556049,1,46302.04970725757,63520.35522937674
USR-10125,22.0,822,2,40287.324523007046,4,60550.45638808207,40774.569072622224
USR-10126,78.0,838,6,,2,94122.32818479833,
USR-10127,51.0,772,0,42586.72071632139,1,59405.77923550061,46099.244831982476
USR-10128,62.0,791,9,53702.00539644653,1,40652.152628665644,56390.19730625562
USR-10129,41.0,782,5,60341.576305112394,2,,63334.22468111351
USR-10130,55.0,397,6,65359.96268394948,2,43127.58135847725,70556.17867187236
USR-10131,21.0,587,6,31836.823875183898,2,147804.2497952012,35415.27229174005
USR-10132,38.0,555,1,49851.84139227553,1,139822.09743906086,53805.08177000939
USR-10133,30.0,350,5,75588.83481516925,2,96437.48635624854,78064.11868834015
USR-10134,26.0,321,3,,1,125872.6986502452,
USR-10135,32.0,608,0,66006.74124497085,1,83400.38576920712,69027.67030116386
USR-10136,,728,3,18940.342937726356,1,135048.94667290573,20328.453521324675
USR-10137,45.0,628,2,,2,44943.114325111004,
USR-10138,44.0,332,0,33226.74629454972,1,,34801.22197328643
USR-10139,41.0,353,7,61500.34064961873,2,121469.48840816176,65230.58436967435
USR-10140,34.0,832,9,34091.7435976245,1,140825.7999066061,37569.725853886324
USR-10141,39.0,757,2,42431.88093187903,2,29992.937588717265,43406.54854983252
USR-10142,34.0,549,9,53667.89496361235,1,119587.47283526765,56118.761661595214
USR-10143,74.0,391,5,48523.04999055834,1,147932.4254560465,49362.24371352956
USR-10144,63.0,577,2,,1,116308.15807789526,
USR-10145,47.0,426,7,15426.350192657876,2,108953.68380809986,15669.281818005695
USR-10146,25.0,731,2,57098.06677845384,2,103367.66957701139,59809.30479101472
USR-10147,33.0,799,9,70120.54511373237,1,149266.92039753989,73416.54910828703
USR-10148,26.0,318,9,56881.64915482793,3,101846.71865586088,60647.759328823224
USR-10149,26.0,470,2,53162.95883592752,1,67579.0139856635,57649.23992031485
USR-10150,21.0,808,0,65429.55267619291,2,115443.07556746026,69208.9409341531
USR-10151,34.0,389,7,50027.79950827063,1,139954.67395812226,54333.52703998075
USR-10152,50.0,629,9,56252.412591193184,1,137166.79892074276,59708.249704510265
USR-10153,50.0,397,6,87345.85831810828,1,38364.61354992349,90859.47214157974
USR-10154,31.0,805,1,59353.39649514486,4,134161.27065947498,63745.21884300299
USR-10155,29.0,401,0,73166.76962884775,2,57245.47235860769,76935.86776784081
USR-10156,64.0,491,9,,2,105096.62860417493,
USR-10157,,476,4,22040.738990153794,1,,22979.997984293903
USR-10158,50.0,719,4,60074.54304045884,1,125591.85476102939,64335.358687678236
USR-10159,49.0,538,9,58706.843081136176,1,,61939.13331780242
USR-10160,28.0,636,4,52091.44092615224,1,28663.107511191803,55352.54778653155
USR-10161,52.0,741,2,63560.35689286402,1,71517.36810424068,65945.96701806092
USR-10162,58.0,846,4,86989.75759579649,1,45953.810029819295,91468.8006414061
USR-10163,29.0,426,2,56923.11762474287,2,48304.97725039726,59996.38575869872
USR-10164,61.0,516,5,84940.3108700224,1,91879.33645056364,88688.16866911178
USR-10165,35.0,380,0,57583.57990086334,3,84812.59304414774,59754.980490888316
USR-10166,21.0,813,7,55305.0655480574,1,91926.40712325263,57208.77530902433
USR-10167,84.0,445,5,62498.48907522771,1,,65744.17228472521
USR-10168,85.0,361,2,73330.95417541255,2,48992.89574189338,78056.43625872408
USR-10169,23.0,355,6,27830.736072526175,2,,29276.26741703677
USR-10170,44.0,730,5,26621.686990112692,1,60670.550284298944,26985.459451836763
USR-10171,48.0,669,2,,1,42697.35600849721,
USR-10172,43.0,684,4,22627.128428890665,1,37151.31936500998,23583.907223904447
USR-10173,50.0,305,8,29349.717404795985,2,149796.30891064194,30607.664010072946
USR-10174,37.0,639,1,64437.497858871444,4,132820.4759239729,68663.66982388994
USR-10175,,621,3,66136.16365300151,1,84916.68083270834,69162.16998339952
USR-10176,46.0,336,1,,2,108308.0004602192,
USR-10177,29.0,506,0,58372.209599098634,1,131105.27508719102,61384.09960023345
USR-10178,32.0,815,7,48663.50212810804,1,,49706.929876366376
USR-10179,47.0,335,9,36340.31550811116,2,32554.742595204145,39390.783853387285
USR-10180,24.0,832,9,24227.614944749017,1,,25775.765231212197
USR-10181,29.0,323,7,49689.378443797184,1,46782.435660076764,52337.48543795882
USR-10182,39.0,513,2,45055.10097140031,4,41112.01478920344,46797.195563000874
USR-10183,37.0,458,0,61948.448034444715,1,92849.25440115911,63953.73060091424
USR-10184,37.0,651,2,46714.44819675978,1,114977.37311634867,49382.73840782935
USR-10185,59.0,433,6,30689.510867694058,2,85003.72102595326,31241.02781194779
USR-10186,47.0,537,0,,2,63113.9107671006,
USR-10187,41.0,662,0,33468.778819418454,1,102028.4154145482,35188.24303533681
USR-10188,32.0,388,0,27213.23802247763,2,64667.39893523017,28662.860221774892
USR-10189,39.0,738,7,0.0,2,107188.15329621057,-400.5045298677588
USR-10190,58.0,764,4,44707.700905598904,1,148830.4020915412,47452.17163198192
USR-10191,46.0,702,3,82415.9334236049,1,93281.18942085233,86813.49776672272
USR-10192,23.0,704,2,87702.85515964424,2,35166.21977241145,89782.38739443422
USR-10193,46.0,609,0,43555.71329360816,2,28594.571469376595,45645.58443454539
USR-10194,58.0,668,4,93023.86567124448,1,129140.75776762968,98909.79556621502
USR-10195,85.0,802,2,57490.91248756565,1,117359.25508525287,61582.15003430631
USR-10196,,707,0,60974.66808540979,2,123424.46812578234,62506.414692572005
USR-10197,49.0,642,1,47997.96820261012,1,33330.66417447701,51293.2792423747
USR-10198,24.0,438,1,12652.025768906278,1,31701.695362862753,12661.63386397052
USR-10199,37.0,526,4,,2,93996.33526626154,
USR-10200,51.0,328,8,47642.74701011031,1,121139.43358137854,48059.217151071534
USR-10201,23.0,459,6,44834.74941122936,1,58626.27019924493,47418.383772307905
USR-10202,49.0,833,5,29103.163169475916,2,128681.73456610623,30252.7428948522
USR-10203,23.0,381,8,54333.59476697041,2,29458.73624078922,57504.29369976775
USR-10204,25.0,667,3,43543.446457580816,2,132763.14897060316,44704.942662769674
USR-10205,50.0,653,8,44721.26612087295,1,92332.7923839835,47144.28317967424
USR-10206,32.0,388,8,48868.60057834389,3,,50642.71222748591
USR-10207,58.0,476,2,27630.66101684436,1,88065.06300507837,28757.22885732307
USR-10208,33.0,737,6,,2,44196.11660314047,
USR-10209,34.0,697,2,73496.51336595157,2,108385.4068631206,75699.81329656002
USR-10210,24.0,394,0,61767.19936168843,1,117702.24789174639,64717.198696039515
USR-10211,24.0,495,6,74382.4374069353,2,,78956.38509911251
USR-10212,34.0,442,1,45321.78143214154,2,54488.917479791075,47229.362513899876
USR-10213,48.0,735,7,,2,,
USR-10214,33.0,520,1,26334.66867948817,1,141999.63926894116,29433.367549245704
USR-10215,47.0,465,1,40892.417063856425,2,83979.368306182,41431.9900763396
USR-10216,34.0,569,0,34520.157850725634,1,71048.70200737653,35382.36586707798
USR-10217,37.0,819,5,46255.15919769202,2,,48636.47418961163
USR-10218,33.0,382,3,,1,94470.20429614902,
USR-10219,61.0,449,4,40979.07587180355,1,76321.31587781972,41327.01698638171
USR-10220,70.0,362,3,109961.64588470376,2,27561.84685673454,114880.04609838172
USR-10221,69.0,589,6,54698.25619160594,1,48413.84104502653,58188.26800397115
USR-10222,65.0,775,5,8732.06154010383,3,121291.29708406246,9422.779924689254
USR-10223,34.0,393,4,70383.1944904287,1,73022.5263686706,74549.76683797897
USR-10224,21.0,769,7,48597.6957367381,1,26269.977080214016,51138.114313321814
USR-10225,29.0,763,4,25091.732793988973,1,139541.41941808292,27205.134761210214
USR-10226,32.0,584,5,32519.143363944513,2,72584.89057530748,36630.5105238174
USR-10227,36.0,763,2,37070.58468772273,1,25070.528989430575,38619.13224231879
USR-10228,58.0,331,0,6323.677749444381,1,51751.71997083185,6279.5330540813
USR-10229,29.0,334,0,49054.53448548163,2,36040.687037372554,50857.977049562665
USR-10230,32.0,354,7,55506.51740747465,2,105291.09776041702,57843.832321147005
USR-10231,36.0,541,6,,1,86103.0351293534,
USR-10232,35.0,472,7,22835.728304623575,2,131487.44427195546,24591.520569408793
USR-10233,54.0,716,3,44500.170318209224,3,37262.81915105968,47318.61959348964
USR-10234,27.0,317,0,50569.69025792909,1,110588.36628815036,54205.3131565933
USR-10235,28.0,779,2,5826.750748987106,2,74807.28045619532,5513.36204532107
USR-10236,21.0,355,4,53816.088173824835,1,43255.569251250156,56696.277047635616
USR-10237,46.0,340,7,82692.47086770013,3,107982.05319314807,86472.44590664147
USR-10238,25.0,337,1,37665.09094385234,2,,39444.202025785424
USR-10239,38.0,758,0,64023.43189403164,1,102765.01501997141,67748.02676076759
USR-10240,27.0,763,4,60496.88806567498,2,47467.06820333238,62706.30721894319
USR-10241,,558,4,54040.60486075121,1,146559.7912228621,55752.784527092015
USR-10242,38.0,501,5,,1,119606.2361478799,
USR-10243,23.0,423,3,80325.91565144018,3,,84776.09730732987
USR-10244,31.0,815,2,43488.04585518988,2,72857.73676526127,47501.97225000641
USR-10245,48.0,343,6,67382.56468112885,2,70132.19435424003,69383.67864868499
USR-10246,62.0,602,0,33849.312924062964,2,24986.413472059587,36038.2906176964
USR-10247,28.0,705,1,52859.64849159199,1,129202.73672659192,54207.95719978336
USR-10248,36.0,594,0,5890.990772200952,2,140149.18197455085,6772.747086980666
USR-10249,25.0,419,5,50527.70029585894,1,64181.33356633329,53054.11634588193
USR-10250,51.0,425,7,39525.83397516617,3,136871.69470430835,41660.12211559999
USR-10251,40.0,511,6,77875.96287037947,1,82842.35837851363,80387.76699842933
USR-10252,42.0,421,6,21792.993936177,1,138515.339034133,22630.3172827456
USR-10253,39.0,332,3,60186.372507097505,2,94650.28389727704,61988.045259884086
USR-10254,29.0,517,7,86384.27762044413,2,66695.05651722147,90899.410796616
USR-10255,65.0,413,0,80816.20024561539,2,143552.64208965818,84234.92041532918
USR-10256,31.0,557,0,75093.93786112612,1,60076.3635165966,80131.56161378889
USR-10257,85.0,638,4,,1,88337.1913258146,
USR-10258,43.0,428,7,68000.59796858033,2,129127.6130034738,70605.39634583994
USR-10259,50.0,755,2,,1,123269.90803835187,
USR-10260,63.0,604,4,48043.24312921599,2,109981.01354144631,49980.92457481892
USR-10261,44.0,414,8,59189.4444228441,2,121164.48483008724,63513.4101193349
USR-10262,33.0,733,9,30098.116336090825,4,78681.21490045576,30370.263646093015
USR-10263,32.0,441,5,69432.8729593343,2,134404.02807663707,71969.2624684879
USR-10264,32.0,670,3,,1,149461.03791288217,
USR-10265,44.0,396,9,41102.901194152524,2,146853.97187904012,44092.2897088882
USR-10266,55.0,303,2,19122.64678778645,1,,19391.329007594446
USR-10267,54.0,672,2,,1,74530.71057514279,
USR-10268,61.0,627,6,26140.861202007054,1,109334.54730740128,28409.225314248302
USR-10269,37.0,734,0,69987.1837436253,2,36047.38634545605,71721.3864913288
USR-10270,47.0,541,2,70720.83704991089,1,110056.52415030972,74346.69542936802
USR-10271,50.0,619,9,,1,92074.03980260291,
USR-10272,35.0,635,7,719164.086296777,2,141782.49892155977,756258.2906504767
USR-10273,38.0,565,5,52006.74043267651,2,99938.6828175192,57429.268718105435
USR-10274,27.0,665,1,52619.49765899784,1,107846.9026833619,56074.70762284491
USR-10275,25.0,445,3,50003.21746053317,1,59961.75358846004,52389.924701033844
USR-10276,47.0,822,3,,2,52781.85016361842,
USR-10277,,674,5,58539.39563197839,1,147448.67397810187,61475.406611433755
USR-10278,32.0,806,8,40186.22464054078,2,122521.69972675185,41970.4398578387
USR-10279,34.0,505,1,7873.622414976424,1,27123.431570904737,8689.687649211635
USR-10280,43.0,444,7,60808.5612931788,1,28690.741405452623,63402.77425220216
USR-10281,27.0,843,3,14796.820596919591,2,20381.937902050337,13900.551303140777
USR-10282,,481,9,66037.67693025575,1,133740.91009244617,69844.58915081456
USR-10283,62.0,673,0,56406.12565365221,1,68758.73577079666,59270.47734450129
USR-10284,35.0,328,1,61151.86812279269,1,90583.02088252315,61869.04743037104
USR-10285,44.0,789,7,45856.407330471375,3,128050.93732667621,48452.908354992105
USR-10286,35.0,806,8,62772.12430543105,2,109784.81185062775,64901.44351947402
USR-10287,38.0,828,4,57198.458939440374,1,39715.86253274523,58700.99676122951
USR-10288,37.0,646,6,26034.489196779006,1,137543.28832053914,27461.628226437675
USR-10289,32.0,677,4,40370.346346841565,1,44068.32614625247,43223.76010130907
USR-10290,34.0,536,1,80989.80808364999,2,138018.17612259736,85263.01441823263
USR-10291,42.0,824,2,34721.523149546105,1,122635.08074095455,35726.57529012982
USR-10292,33.0,631,1,,4,,
USR-10293,36.0,548,7,,1,78274.87260954594,
USR-10294,28.0,833,8,,1,40256.430451363995,
USR-10295,21.0,626,6,54488.11407064006,1,,58111.81372891094
USR-10296,85.0,832,6,42399.92290755655,3,52889.715087634475,43864.61811091764
USR-10297,24.0,410,5,39093.6035038398,2,26315.68171476965,41464.42229484411
USR-10298,49.0,314,7,26684.65112190899,1,116778.1098253403,29364.922897894332
USR-10299,43.0,740,7,78918.41612730175,2,105236.7442943059,80630.49027694497
USR-10300,53.0,636,7,47521.476220029224,1,130506.20722272873,49745.720264363896
USR-10301,27.0,649,4,28221.813469418845,1,82819.99779217564,28767.709654566617
USR-10302,30.0,375,9,70519.79020161959,1,38140.95968598679,73851.78123548602
USR-10303,34.0,651,2,51824.13588897485,3,92457.8945449794,54102.39312739422
USR-10304,32.0,320,2,46135.39643030283,2,103713.19911325893,46994.06044961918
USR-10305,35.0,505,0,41571.04856259527,2,106625.86995764458,43398.827228578186
USR-10306,38.0,754,4,59987.65574697751,2,42929.54183766301,62195.172869373906
USR-10307,69.0,561,0,32784.99328679243,4,58440.1481222102,35616.723694012406
USR-10308,55.0,346,0,47875.47637801887,1,,51156.452840548955
USR-10309,23.0,451,0,60229.0056797376,2,122827.10676720312,63752.837416520764
USR-10310,21.0,397,7,78374.2320298171,1,27033.363999740945,82426.63963379755
USR-10311,23.0,346,9,37036.683536483586,2,21903.830085874994,39661.438247650905
USR-10312,34.0,519,0,7326.006535749781,2,84297.43115318351,6940.669871299948
USR-10313,60.0,622,3,,2,147063.47533200477,
USR-10314,43.0,619,3,,2,52032.305674388954,
USR-10315,30.0,384,2,60178.8372076238,1,31630.006290879246,62510.01010816557
USR-10316,20.0,814,1,50320.50827796069,2,145207.2031295966,52514.81318341478
USR-10317,36.0,606,4,17150.225957267547,2,25903.95701670438,17399.61940711973
USR-10318,38.0,469,7,77447.78464409684,2,141152.05186640285,81802.0375254066
USR-10319,,379,1,,1,93748.61664137708,
USR-10320,28.0,330,5,64443.62526384569,1,,69186.89756822171
USR-10321,20.0,314,5,,3,146253.38613065684,
USR-10322,25.0,684,2,61295.1167714107,1,145943.0993714512,63684.838700325694
USR-10323,46.0,756,6,,1,37771.113479405525,
USR-10324,33.0,418,9,40113.87521164972,2,40227.3119742811,42539.42696656771
USR-10325,26.0,484,3,58462.97608571156,2,23967.583645343737,62060.891224104445
USR-10326,85.0,831,2,74052.57549582783,2,137722.64903872038,76287.1097504834
USR-10327,39.0,805,9,53026.53007779167,1,139450.88412919117,55666.17198623938
USR-10328,52.0,813,0,21316.915327265237,2,42106.68675206162,22856.043710531547
USR-10329,59.0,642,1,56066.48566289672,2,81281.56895863859,58460.40442827026
USR-10330,69.0,690,5,35537.43567795435,1,45338.20025825889,36454.983156017995
USR-10331,51.0,382,0,,2,97925.75268277057,
USR-10332,27.0,617,8,61789.64095379367,2,73261.7468629141,65613.57881610125
USR-10333,62.0,403,5,65936.47633629333,1,145656.24374490703,68125.22486457707
USR-10334,50.0,616,9,61724.550842316494,1,73250.95429999036,62759.32808414021
USR-10335,29.0,303,5,57137.0101426815,1,140230.36969102395,60763.22142336496
USR-10336,42.0,466,6,,1,138101.49724817494,
USR-10337,,768,6,35219.85145811152,1,105596.06607915885,36932.10618605972
USR-10338,37.0,350,8,58436.632795772544,1,116449.3713146033,60324.031359001056
USR-10339,32.0,329,9,70148.89544841473,1,26919.804481018757,73974.70303512251
USR-10340,57.0,434,0,,2,77804.55055340604,
USR-10341,72.0,586,0,76078.00155780907,3,99001.28854475463,79777.40834781354
USR-10342,74.0,777,2,56297.806375410815,1,134529.9470348514,60718.88274900194
USR-10343,42.0,680,8,32985.228572397275,1,29891.85180020423,36293.8088062444
USR-10344,35.0,739,6,36870.83675668509,4,140743.4604374959,37882.68580331455
USR-10345,52.0,406,5,73018.34257289759,1,112063.00631848683,77679.67445423463
USR-10346,27.0,355,9,52539.35960396087,2,139616.59782544,54291.91875533999
USR-10347,71.0,804,5,69008.31393475499,1,147191.1128531287,72394.40611125676
USR-10348,53.0,754,4,38102.11960455473,2,103397.49984791814,39363.82327699247
USR-10349,23.0,372,1,42630.94109804611,1,,43800.76320483533
USR-10350,53.0,760,7,45656.56200906982,2,74839.90512059451,45896.69253332773
USR-10351,30.0,442,4,41022.640393558366,2,101414.55758632263,42891.82160917925
USR-10352,67.0,333,1,70043.24401310518,2,,72475.28780410766
USR-10353,31.0,319,1,70529.76609248517,1,56031.16285446393,73608.50799834655
USR-10354,33.0,690,3,,2,,
USR-10355,32.0,482,2,66738.22147810465,1,29262.35263277596,70220.9029776834
USR-10356,40.0,485,1,845587.5619238437,2,,887217.4163534777
USR-10357,67.0,803,0,42315.51005323529,1,,44348.90927435418
USR-10358,32.0,485,1,53812.89373245051,2,140395.3354100599,57381.25396677641
USR-10359,35.0,730,9,36358.99902247214,1,,37064.22703049627
USR-10360,35.0,346,4,68908.07529666011,1,93536.99291676158,72409.03040411868
USR-10361,41.0,660,1,44893.24452985741,2,122010.96388035224,48907.48779563544
USR-10362,50.0,417,0,38560.25787407278,1,87505.5271671846,42749.38204788051
USR-10363,85.0,718,0,72476.68575315275,1,99168.1447361718,76443.4202850022
USR-10364,40.0,339,4,27266.786417895502,2,118828.26199675114,28084.309113021125
USR-10365,30.0,846,5,53699.57484639969,1,69338.71826567728,55120.311394839344
USR-10366,60.0,535,2,49919.24418380031,2,,53513.445829420256
USR-10367,28.0,792,8,33386.867129155886,2,23299.613974376716,33504.98674283524
USR-10368,85.0,675,0,45511.41400960618,1,70077.4069166731,46988.51680863402
USR-10369,40.0,439,0,54800.266221917394,1,,57262.39130003053
USR-10370,27.0,534,0,23737.20660058486,1,144043.15350007737,26024.426314787193
USR-10371,23.0,625,5,73294.5796059218,3,58398.4801572707,77540.1393220382
USR-10372,33.0,590,2,84803.57181066592,1,88306.52442057022,88068.65839227887
USR-10373,51.0,354,9,48345.165824766074,2,33902.595863326,49734.396089925875
USR-10374,36.0,461,5,29567.205574068106,1,,30183.003988418903
USR-10375,23.0,571,6,28241.52329479082,2,115994.81648571523,27823.026406839203
USR-10376,34.0,613,7,49909.312859065605,1,131246.85839581408,53198.58179337985
USR-10377,18.0,540,5,,2,89374.67324108059,
USR-10378,49.0,639,1,46793.3782371646,1,30094.423182870443,48928.16384153012
USR-10379,26.0,425,4,71515.01995218551,2,76448.87130030987,74547.2731397242
USR-10380,31.0,564,3,60655.98742083357,3,81479.03593157319,64023.20707369916
USR-10381,43.0,396,3,33745.6577274516,1,73747.04246513802,34439.94721492257
USR-10382,45.0,835,0,,1,112758.34210125191,
USR-10383,36.0,706,4,52982.33233528847,2,81187.01535994274,55512.91640883021
USR-10384,40.0,842,9,40858.59227158925,2,95956.36671573076,43009.46769497547
USR-10385,25.0,757,0,67971.7348091872,2,37418.50065537973,71159.29098887146
USR-10386,47.0,675,0,,1,142107.26924804103,
USR-10387,21.0,783,1,6726.375503248077,1,125853.69740761897,8669.081693857284
USR-10388,24.0,387,0,,1,34010.357070905804,
USR-10389,51.0,673,7,41726.37530590161,3,123970.13140815016,44143.72166504224
USR-10390,37.0,661,2,43644.309357543774,2,107763.0118692157,44402.291442342714
USR-10391,50.0,437,1,41297.354612358875,2,53144.2495644178,42586.06592342785
USR-10392,52.0,632,6,53622.35179661866,2,130569.51329288496,56624.87681848222
USR-10393,30.0,667,6,51347.76112347336,1,,53951.167047468545
USR-10394,38.0,532,7,,4,25600.32244713327,
USR-10395,29.0,548,4,33942.950112635735,1,51796.80200525654,34174.25756833804
USR-10396,64.0,822,3,17192.23523502864,2,139956.46307154896,18337.425149156978
USR-10397,73.0,471,9,83759.23883507395,1,62271.05075798875,90272.79181084818
USR-10398,37.0,718,6,36066.140989063744,2,95201.06656824074,35745.42938698044
USR-10399,20.0,497,9,61852.05877367535,2,116255.57096155688,64489.15854102433
USR-10400,76.0,307,1,16557.98301299086,1,143602.53907846624,17983.431172063174
USR-10401,27.0,729,3,73080.72530137007,2,76203.64382693963,77844.25937785949
USR-10402,31.0,582,2,,1,144785.65826055722,
USR-10403,23.0,632,1,47466.26402769012,1,59069.93489084491,50987.22621044627
USR-10404,28.0,406,2,34663.0255197561,2,93379.12525087183,35836.86263112934
USR-10405,27.0,684,1,59643.146603414716,1,85940.98323207624,62893.87828019286
USR-10406,60.0,615,8,32866.604467027464,1,,36385.09547740473
USR-10407,,578,3,31498.206584422438,2,32100.729817339823,35724.68244729533
USR-10408,24.0,686,4,,2,52852.12000666159,
USR-10409,23.0,666,2,51918.50444020906,1,139420.11656403396,52999.37649595787
USR-10410,27.0,511,1,37624.30238113269,2,136471.0752417128,40078.2077604978
USR-10411,,326,1,61420.088879285,1,,64816.35560403242
USR-10412,44.0,553,6,62615.24743996655,1,63303.95056192405,67373.45979188038
USR-10413,29.0,717,7,61874.497067948396,2,56759.507749253484,63986.49585225751
USR-10414,69.0,800,5,33028.47317146763,4,27336.782035476554,33938.4229995252
USR-10415,46.0,344,3,68841.5081925798,2,100153.35573944022,73663.32404926435
USR-10416,35.0,731,3,69076.13157251773,1,82065.41451961608,72910.51987998025
USR-10417,,752,4,75132.66415928026,2,112536.43780435267,78219.39013904578
USR-10418,36.0,497,7,61612.02532513624,2,98486.04110208657,64555.85036683391
USR-10419,66.0,710,1,51096.83380838213,2,76241.21573082675,54824.48726521665
USR-10420,74.0,478,3,,1,,
USR-10421,,728,8,,1,44357.74112625611,
USR-10422,,640,9,71063.11618293979,1,,75356.66251944126
USR-10423,53.0,478,8,58392.09436355531,2,119940.27698712895,61814.99763353077
USR-10424,37.0,525,1,30304.919690046474,2,51014.53823653223,33653.241588708814
USR-10425,29.0,519,4,50867.65172861485,2,84415.08917813445,53898.119455761305
USR-10426,42.0,391,3,57829.225474390354,1,,60545.08706229947
USR-10427,40.0,823,3,67801.57757619076,2,21682.762125906218,68894.57964600244
USR-10428,45.0,833,5,20246.082872244802,2,47546.96836632484,22579.354026159457
USR-10429,33.0,378,5,49946.47517791311,2,,52580.82474462003
USR-10430,36.0,313,8,68340.58366740686,4,,71229.72197024262
USR-10431,69.0,714,8,62565.77930391703,2,51562.17700931769,66232.10720899138
USR-10432,30.0,550,7,32510.784994194444,2,66640.79620546295,34198.06775441987
USR-10433,85.0,696,8,31424.933940899162,2,138362.29019409308,35035.45131994869
USR-10434,72.0,690,4,29436.74815108426,1,65756.5612338792,29506.64738971618
USR-10435,24.0,798,3,100972.12893911276,2,136996.84004087717,106608.71986689603
USR-10436,29.0,731,3,67980.73936558834,1,126651.69269934949,69941.66043174158
USR-10437,23.0,790,5,48732.00206402341,4,51544.97976431489,51019.78041136144
USR-10438,46.0,647,5,53757.43383832361,2,125286.47294443655,57226.207079456624
USR-10439,48.0,794,5,79022.461264155,3,112299.87518432706,82246.77578830016
USR-10440,31.0,635,1,75030.64955703352,3,92218.68155107672,78944.08938274712
USR-10441,38.0,583,3,55813.665369046495,1,133323.95331273056,59763.731693806265
USR-10442,42.0,327,5,63625.240870227004,2,137636.24677488927,67175.4555190907
USR-10443,49.0,522,7,58089.11567868816,1,76803.13528283741,59686.51784069838
USR-10444,45.0,332,8,64096.36194332572,1,,65607.55553199559
USR-10445,48.0,472,6,22536.42758410302,2,54097.13874258111,21995.013012687443
USR-10446,71.0,832,4,37042.836593275315,1,91277.45014444376,41141.95045305243
USR-10447,85.0,701,9,39985.799998849245,2,41307.74900896207,42541.362938673024
USR-10448,29.0,658,0,48376.047110637606,2,125331.08389567121,50972.85855135956
USR-10449,25.0,536,5,38307.30632585821,2,61512.89363551762,40948.62440415297
USR-10450,50.0,462,3,54743.47390424316,1,119616.05957077783,57519.45923544657
USR-10451,51.0,660,1,36508.81224491658,3,94185.86487518622,37585.18090992995
USR-10452,27.0,570,5,38651.63622713305,2,27759.837962762984,39500.49490267203
USR-10453,,759,3,43566.66195414332,2,110777.55363685562,45634.630409532154
USR-10454,40.0,733,6,,2,77909.18525256569,
USR-10455,41.0,618,1,82150.13256907804,3,65231.512613498795,85466.25386025305
USR-10456,,451,6,63804.873715795475,2,,67266.34188566732
USR-10457,62.0,419,3,64170.01463680349,2,86145.97099485205,69697.7303976392
USR-10458,63.0,517,7,56428.754682950166,1,120780.45658141379,60247.44094230434
USR-10459,40.0,339,3,48779.68933605548,2,53179.15658770531,51115.32866443698
USR-10460,,620,6,45780.885708774746,1,101919.08970104021,50152.47730559561
USR-10461,27.0,749,9,68972.49775356227,3,62375.793338163545,71894.06646263698
USR-10462,20.0,665,5,49728.29332612528,1,94623.45312527026,53607.43480569304
USR-10463,85.0,600,4,39350.97468825627,2,81960.32677950774,40447.147938272465
USR-10464,66.0,803,0,57730.30781742082,1,115997.19585048239,58434.26125286241
USR-10465,21.0,441,5,43905.7953328588,3,20329.994104291385,47479.413080589475
USR-10466,63.0,520,8,29198.696991448593,2,,30940.712255709852
USR-10467,54.0,524,5,60739.41287117943,3,26911.39332945921,65297.41903797598
USR-10468,25.0,496,7,40363.57746900549,2,50447.019773453736,42507.80522194717
USR-10469,46.0,591,5,61052.104192594976,1,,62498.89483179012
USR-10470,37.0,498,3,56535.77545438359,1,123845.80248668621,59037.9127371294
USR-10471,59.0,340,6,55693.12234761672,1,36621.89599280234,57635.02385547871
USR-10472,29.0,480,2,45235.71761205339,2,55231.72349469853,48108.99745213891
USR-10473,22.0,729,7,50766.93295972616,1,45903.52209323951,54441.62998028061
USR-10474,23.0,750,6,38116.66306888096,2,91904.92031511369,39825.08478100637
USR-10475,78.0,787,4,24410.538903153272,2,56828.9520339655,26896.202422242513
USR-10476,73.0,355,8,29462.13702951059,1,59774.66491805348,31253.993513230314
USR-10477,31.0,749,7,45569.53227714802,2,90423.32512274502,46959.98995990458
USR-10478,34.0,761,3,41084.15616655741,1,64954.5670426241,44401.38954322948
USR-10479,38.0,673,5,72327.68197328932,4,74917.78710672514,76565.3336099019
USR-10480,58.0,575,7,44208.03232030323,2,131096.78193792328,45945.88573272821
USR-10481,36.0,586,8,25040.40885355199,2,21628.831834759352,23969.18224110185
USR-10482,52.0,779,5,54087.39255655314,2,,54853.791762485205
USR-10483,46.0,848,1,,2,,
USR-10484,,398,0,68201.63751718444,1,100098.09448121807,70312.022115191
USR-10485,61.0,836,7,51956.61111000811,1,56398.42812024941,54237.61741961074
USR-10486,32.0,586,2,32285.014457524783,1,102531.55761294585,35143.50697970972
USR-10487,46.0,502,1,60049.537723591726,2,,63159.940215675124
USR-10488,47.0,309,3,37071.10491263078,1,58850.93429825949,37871.7334695325
USR-10489,26.0,599,9,75455.69050375524,2,87154.83628203116,80261.97752424785
USR-10490,27.0,736,8,40395.127406726126,1,138297.15933555784,42702.283101320776
USR-10491,22.0,757,8,80050.71064485301,2,135830.78731163335,84969.93775052308
USR-10492,,416,4,,2,50288.90852586469,
USR-10493,28.0,527,4,70155.43637906163,2,23974.66072032384,72773.79893338896
USR-10494,32.0,551,6,68593.94203184254,2,140285.0411082138,72523.78727971247
USR-10495,31.0,494,7,15813.257046415609,1,36241.92575455786,18008.968331311757
USR-10496,38.0,674,8,,1,107191.25109500815,
USR-10497,85.0,622,7,32081.32728360718,1,41770.09490996659,35098.96998238457
USR-10498,20.0,660,8,80584.24557693998,2,141358.1709777332,84000.85195533115
USR-10499,55.0,574,1,54963.72298123079,1,86020.38104873807,56690.899913857495
USR-10500,48.0,786,8,47296.63675001011,2,120562.68481586725,49519.639377317006
USR-10501,,634,7,46541.30155639668,1,91370.47102808999,49399.607940332025
USR-10502,45.0,744,6,19935.32537956222,2,133573.8037238241,18839.516610438273
USR-10503,36.0,571,3,96720.32785200831,3,84457.08601265743,102353.81771065072
USR-10504,60.0,600,2,34041.34380539233,1,43913.05757817872,33820.08233684353
USR-10505,53.0,543,8,,2,90029.32375045099,
USR-10506,48.0,736,6,85434.42808312226,2,28146.860318495845,89556.94848655089
USR-10507,22.0,758,0,9791.856749707957,2,,9671.255445340863
USR-10508,35.0,561,2,31110.50942712501,1,59092.35143771454,33161.52869982334
USR-10509,54.0,702,4,48778.67734049529,2,88250.99104417574,53848.80261238263
USR-10510,22.0,630,8,,2,142534.13896074542,
USR-10511,27.0,322,6,65080.970876886844,1,26053.849136786237,67422.99611955618
USR-10512,42.0,379,5,51282.143454954974,2,100126.80793284235,53028.23337996489
USR-10513,83.0,560,3,75455.5759331,1,110521.07610282075,78467.06552040378
USR-10514,48.0,800,3,,1,111705.01373973949,
USR-10515,45.0,448,1,76227.0743834003,2,130998.45072117988,79368.40713567968
USR-10516,,829,4,535999.7929682296,3,50241.068113070905,563601.235677094
USR-10517,38.0,550,8,73174.8281174486,2,30122.15524168046,77459.97070840355
USR-10518,28.0,746,6,23571.8074593637,2,23162.8613133759,22897.016679908385
USR-10519,30.0,679,8,24254.5541324985,3,101802.32811480154,26171.687924151305
USR-10520,29.0,498,9,62542.84407711587,1,89440.644405279,68561.47559314776
USR-10521,66.0,771,3,58076.17032883158,2,40522.662736383005,61380.17923149836
USR-10522,41.0,756,3,,3,38574.7746251175,
USR-10523,30.0,435,4,68261.55471238014,3,137085.32824975014,73343.83606120043
USR-10524,24.0,784,8,22613.538522984607,2,38595.871370134395,25202.081776016024
USR-10525,32.0,723,7,57183.75661190944,2,117597.9056833479,60769.48546983809
USR-10526,38.0,689,4,49414.91711117132,1,41950.60092024448,51830.035660589296
USR-10527,27.0,601,0,28326.575164558195,2,114339.40088361567,29652.058234563112
USR-10528,33.0,366,2,31174.18096691079,1,47532.81207627196,32853.02037623869
USR-10529,44.0,454,6,,1,125549.02701495597,
USR-10530,28.0,550,4,46491.045694537424,1,54473.0281831629,48516.09802957756
USR-10531,,373,6,37289.30415567346,1,134312.27236246126,38678.041158862696
USR-10532,43.0,552,9,58423.03440123101,1,83167.30560250384,61733.33911965351
USR-10533,28.0,546,1,64408.27361160831,2,89701.14971132757,66491.88794880423
USR-10534,45.0,331,3,39867.2176534412,1,134272.28903981083,43288.44049926903
USR-10535,35.0,490,3,37167.896363505555,2,70889.1503601216,37744.527583737676
USR-10536,77.0,777,8,43516.81129000717,1,139885.0107359363,44775.741475511924
USR-10537,67.0,723,5,57890.60401035992,2,40773.21129161063,61329.38001092845
USR-10538,,474,5,78149.79502145392,1,34414.7815677822,82658.40626809788
USR-10539,50.0,601,5,107508.42764156322,1,65030.9569384008,112394.5608240833
USR-10540,21.0,841,9,52589.8427634919,2,117497.75827162777,54778.510590065176
USR-10541,78.0,470,4,62406.67695171276,2,43481.37366191627,64647.652927011055
USR-10542,85.0,633,8,52783.64053767741,1,,55344.354259052416
USR-10543,41.0,391,5,0.0,1,142392.6857806786,-215.16354590342215
USR-10544,52.0,455,4,76889.14172108684,1,139753.20978269813,80319.65783053372
USR-10545,72.0,513,8,466004.15186011203,2,133805.16453086177,489505.0261325875
USR-10546,40.0,322,2,110158.17950355419,1,,116799.1840890407
USR-10547,61.0,703,3,23720.35987291046,1,125948.25980609898,26055.707313665975
USR-10548,33.0,653,6,74554.54956721977,2,48965.069277537186,76460.13183739079
USR-10549,31.0,462,4,53768.15151758955,2,30265.57524044687,56835.46771149079
USR-10550,44.0,366,0,54030.602155043736,2,20417.916905235597,56391.41531692142
USR-10551,34.0,470,9,,1,105431.1192870785,
USR-10552,68.0,702,8,28777.157338572968,1,90115.58319585999,29988.9196504279
USR-10553,54.0,731,7,48774.39531502394,2,41316.67209647094,51624.82939699117
USR-10554,31.0,422,8,56611.10029175585,1,62619.903826062815,60709.14549682329
USR-10555,36.0,589,4,,2,50556.923283279015,
USR-10556,71.0,697,8,28674.816870820367,1,96270.34924771298,30833.777219135183
USR-10557,39.0,476,0,31340.912732462166,1,59765.86325573925,34462.61966702458
USR-10558,39.0,549,2,53308.68725090664,2,99671.31756101549,54826.48266874664
USR-10559,43.0,804,5,58068.28742354017,1,49761.73007076862,58534.23721628383
USR-10560,,837,7,67298.1192427632,1,35564.46516022554,70665.23433876566
USR-10561,57.0,796,9,51020.32908005113,2,107020.23009957466,53827.78197922825
USR-10562,62.0,302,9,,1,105154.77207851135,
USR-10563,50.0,381,2,61005.50040509182,1,102254.76081805472,63907.12742641978
USR-10564,50.0,720,4,0.0,1,147247.92678268574,273.5473346699766
USR-10565,20.0,768,3,38015.96175316661,2,75696.05252727572,38349.26026581767
USR-10566,85.0,457,6,44811.54828252351,2,,45366.28219870198
USR-10567,22.0,841,9,75332.64058380385,1,65057.92830824849,80444.87957677625
USR-10568,,579,1,68065.83662883972,2,60853.45708376121,72216.72830423256
USR-10569,32.0,751,6,66671.57573655459,2,77237.24488921443,69865.21192689412
USR-10570,43.0,821,7,30935.98017980038,1,128139.49933091467,31513.896945117718
USR-10571,43.0,321,3,40489.24715230521,1,130331.32814716279,42176.468576903586
USR-10572,32.0,678,5,81650.4745927037,1,60886.21461468791,85991.00787207135
USR-10573,34.0,633,1,46880.474182293656,2,65352.10452303364,49264.58891103472
USR-10574,50.0,586,1,40579.92209206621,1,125250.21671587163,42814.10787122578
USR-10575,53.0,845,2,47313.6969722468,4,56378.69810142112,51349.40094147996
USR-10576,81.0,633,0,4151.9060457499,1,58484.79092469411,4940.1949670076
USR-10577,42.0,492,3,56953.849112863805,3,93298.23076166316,59311.063432547984
USR-10578,39.0,416,5,28267.02357324738,1,,28222.370474829466
USR-10579,39.0,799,9,68786.13507692773,3,129815.07407794689,73121.06597352507
USR-10580,29.0,541,2,20550.59628307413,1,43506.548928573626,21789.635476033603
USR-10581,76.0,708,5,62933.63424982053,2,83436.57850667567,67822.25105179196
USR-10582,46.0,435,8,46173.922476592554,2,31741.047568232447,47940.82514195558
USR-10583,,843,8,,2,58153.30212203806,
USR-10584,24.0,441,8,38754.19556564783,2,103818.83644952955,41680.068014636796
USR-10585,52.0,733,6,,2,60302.13994931249,
USR-10586,26.0,797,0,34709.026683308184,2,142220.09556397534,35993.57939080193
USR-10587,56.0,791,3,48825.47078214419,1,145874.00105940906,51559.747602773445
USR-10588,41.0,839,1,25875.967303588644,2,85534.68731174857,26605.121388273106
USR-10589,35.0,816,1,58699.84609960108,2,42738.23967527188,61705.48299452933
USR-10590,,407,2,59437.793266463384,2,148199.57653424528,63799.9450627104
USR-10591,47.0,459,7,68255.46628357933,2,67180.93839360646,71912.78879433686
USR-10592,31.0,791,5,76565.68833010428,2,138926.85925423788,80078.28034193303
USR-10593,32.0,790,4,69802.9869527939,2,56749.4015799574,71896.81311361335
USR-10594,25.0,519,7,,2,108683.20099594028,
USR-10595,22.0,477,2,50370.969510795934,3,116096.09766327121,51657.88658294527
USR-10596,44.0,320,2,24993.049867867212,2,121550.20078498688,26906.542850686787
USR-10597,43.0,431,4,39970.71208714465,2,85018.93291771896,43970.724593308514
USR-10598,,452,9,82557.17432160012,2,88517.20562898443,85182.3821865467
USR-10599,53.0,618,2,11827.111721881629,2,111336.88788669616,12534.639748173848
USR-10600,42.0,530,7,,1,144739.45355112792,
USR-10601,30.0,638,8,30837.073059361268,2,92178.61250346764,33251.248888446804
USR-10602,41.0,658,3,,3,94977.4844015312,
USR-10603,38.0,410,6,64755.683724565984,4,,68480.03196558294
USR-10604,36.0,810,8,,1,45334.21055396689,
USR-10605,28.0,369,0,36997.742757048494,1,63158.74498902417,38053.5588933014
USR-10606,42.0,739,6,75051.64140362122,1,87135.71527674502,77739.11775930044
USR-10607,38.0,847,7,21270.85153030115,2,128274.22599100225,24036.71359124155
USR-10608,,568,3,43003.41869178358,1,66698.66462683585,45916.891275452
USR-10609,39.0,308,5,58572.748129284024,2,82646.62774536651,61571.16487301362
USR-10610,30.0,643,1,,1,105689.8193534416,
USR-10611,47.0,355,8,,1,64303.69093198733,
USR-10612,,448,7,82156.30250292286,2,136359.75418382668,85152.97888817849
USR-10613,67.0,329,5,42193.77071739989,1,127321.12895661907,43474.728411953
USR-10614,26.0,331,1,,1,,
USR-10615,53.0,545,1,80580.24002505063,2,29258.37104795209,83804.37511143825
USR-10616,53.0,397,3,61055.49026133442,2,,63187.30109280296
USR-10617,38.0,747,1,66052.53602744777,3,,70021.97116362985
USR-10618,,564,1,29373.29191954944,2,107392.56372149164,29667.40351427221
USR-10619,43.0,323,3,53720.504912896504,1,89538.63836931132,58671.13067674519
USR-10620,21.0,637,4,42266.73065079461,4,89591.34414521404,43453.76126381635
USR-10621,45.0,769,3,97800.76648412793,2,43407.43866990537,101768.92021846402
USR-10622,33.0,300,1,24093.026160980527,1,103029.11982995809,26494.740554674503
USR-10623,52.0,393,5,39016.37513560082,1,64631.78961157887,41815.59358978688
USR-10624,85.0,471,7,78441.46801783046,1,99784.15792285405,83924.75600145722
USR-10625,56.0,582,4,20809.03931329916,2,31938.257075519097,22646.547087184168
USR-10626,32.0,661,9,25464.69717586624,1,,25739.20830039407
USR-10627,42.0,668,3,54060.680210721075,2,63272.565702963075,57403.332823957644
USR-10628,39.0,467,9,59380.73680156278,3,106751.78928466915,62996.932114439725
USR-10629,26.0,575,8,49597.73306023894,2,60249.130955443514,49896.63916684073
USR-10630,31.0,585,7,28865.847663563636,2,61440.36683901708,29595.24970891236
USR-10631,64.0,734,5,39873.84489009925,1,128949.75591950891,43356.21107907738
USR-10632,53.0,514,3,,1,84029.48879574225,
USR-10633,,533,3,70043.35804167818,1,108950.12731977834,74173.9569103153
USR-10634,37.0,638,3,,1,145612.32129281544,
USR-10635,43.0,539,2,71428.12519543877,1,72176.40151888196,72436.89666851645
USR-10636,30.0,481,1,35882.902096950515,2,27029.530310735052,37907.664847010434
USR-10637,30.0,601,6,69501.16048197728,2,130443.22908856426,71717.4411800351
USR-10638,20.0,354,9,13361.749741183237,1,96015.42832571539,13075.268697856249
USR-10639,41.0,400,3,48797.98162351692,1,69111.54359224279,52171.04417356324
USR-10640,23.0,349,2,,2,,
USR-10641,85.0,552,5,68444.6735971276,3,142986.51351125672,70859.73771719009
USR-10642,41.0,624,0,29454.617403924152,2,98504.8407787836,30736.27837828879
USR-10643,60.0,678,6,,3,116060.14935861088,
USR-10644,30.0,751,0,55260.322358853635,2,101850.9030128666,57225.184752155656
USR-10645,,371,3,,2,74748.09565744556,
USR-10646,78.0,522,9,,1,85539.16984570686,
USR-10647,40.0,616,3,33846.42708656105,2,72426.45876553454,35293.26344185118
USR-10648,35.0,726,4,,1,140863.68139615323,
USR-10649,28.0,586,8,15978.842668534584,2,102120.15973221244,16980.90115916293
USR-10650,29.0,305,9,28037.25504874197,1,117974.56733785168,29767.700324034522
USR-10651,27.0,739,7,57049.3953984394,1,60776.57185949547,61784.21617401316
USR-10652,27.0,665,2,78666.0419429148,1,93300.97977580775,81470.4367242115
USR-10653,38.0,460,2,42305.983928635236,1,40157.15134782977,44069.02281380339
USR-10654,41.0,746,9,53017.49532276996,1,102834.453734081,56000.45582709661
USR-10655,28.0,662,2,21005.807058523777,2,129095.7606784501,22094.833670376604
USR-10656,59.0,729,2,52646.12552988108,1,67823.42908101839,53358.951584720475
USR-10657,34.0,740,5,43980.381351835735,3,,47557.3293514633
USR-10658,24.0,629,5,31866.66645300025,1,77745.41134148077,33842.38549606332
USR-10659,39.0,697,1,,1,25827.652796076618,
USR-10660,41.0,449,0,,2,73042.35219987865,
USR-10661,85.0,603,9,984.087171779669,2,111412.44814591858,-358.01920632100746
USR-10662,41.0,491,7,72607.10557229281,2,87713.8343350214,76704.55121174711
USR-10663,49.0,381,7,52647.31245424136,2,140722.941435805,56327.20364397787
USR-10664,23.0,715,4,51721.28461979194,4,85526.98533130015,52342.168063520956
USR-10665,24.0,331,0,103514.39772763141,3,25782.393397959062,108405.30725779137
USR-10666,29.0,590,8,44508.34668914155,1,55293.234456133956,44514.42045241457
USR-10667,21.0,806,8,68966.82626545356,1,35863.44089823355,73263.75780074672
USR-10668,27.0,752,9,,1,88898.28121614567,
USR-10669,30.0,506,1,42241.961742985804,1,52901.2206755448,43331.187997823916
USR-10670,46.0,645,5,,1,74315.53140630646,
USR-10671,81.0,451,4,,3,79013.7812792637,
USR-10672,19.0,746,0,63110.8748863355,2,50819.50815603722,67449.0692999655
USR-10673,46.0,416,5,63405.94758431394,1,116491.83726914838,67002.71917891051
USR-10674,45.0,496,8,59543.52605134624,1,73876.44034401173,61689.588394639475
USR-10675,22.0,846,6,62122.1969352645,2,92672.00774081296,66853.8887577759
USR-10676,84.0,446,7,70237.71836374007,2,99170.08984579165,73571.44339065217
USR-10677,24.0,346,5,39668.91125562048,2,83086.2154187627,40868.33482575295
USR-10678,29.0,316,4,,1,40730.98876753369,
USR-10679,29.0,662,9,55035.8257376983,1,117382.01672630923,57498.8132909556
USR-10680,33.0,711,5,35054.5975112795,1,68682.29651025547,36432.95260947783
USR-10681,25.0,631,4,51884.95390102206,1,25599.754144475202,55210.617296821816
USR-10682,34.0,779,9,78750.05104493641,1,27187.188542257227,82639.58536818289
USR-10683,36.0,666,2,53519.940305049255,2,62084.15017800348,55431.018795010306
USR-10684,21.0,722,9,,1,119675.66585934245,
USR-10685,43.0,370,4,38636.32196239057,1,,40000.949651245486
USR-10686,27.0,328,5,51512.88304686597,1,104419.39429181308,53076.171077803454
USR-10687,29.0,487,0,48558.66524782998,4,38481.367579341546,50404.74074228326
USR-10688,35.0,604,7,42389.888648259126,2,132247.28136727388,45243.3940220174
USR-10689,35.0,833,0,,1,126713.57304769957,
USR-10690,54.0,573,9,29413.7069807331,2,47287.464438912626,29693.719318535565
USR-10691,48.0,713,7,67815.66865323267,2,72992.80454189802,70281.70488712395
USR-10692,30.0,641,0,58124.89325092431,4,83582.68370362782,60793.8828793508
USR-10693,33.0,341,8,56436.318024779604,1,,58773.460255332124
USR-10694,63.0,795,6,,1,123373.86819550725,
USR-10695,52.0,382,5,22057.083197666234,2,149990.44013300102,21824.870286006964
USR-10696,49.0,783,5,51791.57115864188,1,76892.3145566587,53469.090922089
USR-10697,23.0,757,9,22047.43100606614,3,81022.86349496362,25298.66605878637
USR-10698,27.0,846,0,43346.62475436372,3,41191.38419316384,44835.239193006826
USR-10699,45.0,332,1,50026.95469512888,3,25748.763571935167,51893.230101900386
USR-10700,52.0,435,8,73148.12928261787,1,142043.49722634812,77004.64001073493
USR-10701,48.0,614,1,53605.85295175644,1,121448.35819600706,56871.75528262574
USR-10702,55.0,770,6,79199.00585558193,1,49544.567013984975,84092.67008050032
USR-10703,36.0,332,0,62772.7934727182,1,134674.89568472744,65447.700612964174
USR-10704,47.0,470,5,36982.78870789789,1,91822.02395210456,38699.570187828656
USR-10705,34.0,326,2,,1,78246.8821520962,
USR-10706,32.0,786,1,43268.620224933926,2,38588.5951434603,46748.593632488475
USR-10707,43.0,612,4,,2,111386.50790001646,
USR-10708,,309,4,41361.91595023911,1,146928.27289713704,43821.61167195866
USR-10709,36.0,348,7,69429.1574110929,2,113249.8027792407,73096.05061543337
USR-10710,46.0,774,3,61795.011613372786,2,130296.20806477276,63698.081513396515
USR-10711,33.0,758,7,68743.22100083514,1,76636.26728806098,74190.61995866147
USR-10712,40.0,812,3,29516.711557295243,2,78436.08719478287,31548.245317552835
USR-10713,29.0,721,0,49078.49480534604,1,34410.52040009145,51577.11264072806
USR-10714,75.0,732,0,56168.08117751301,1,64055.89127013491,58096.42563797093
USR-10715,29.0,327,9,,2,107438.36496053045,
USR-10716,22.0,806,1,69903.79495046851,2,90259.72966718019,72683.22274733876
USR-10717,28.0,549,3,,1,,
USR-10718,26.0,328,3,49090.99219018377,3,104730.02545749239,51267.51661638791
USR-10719,38.0,631,0,,1,88303.13465773895,
USR-10720,66.0,559,1,73368.37747451698,1,,78360.46169936337
USR-10721,46.0,795,4,42448.42569128228,1,61546.76812286226,44126.73645921804
USR-10722,32.0,829,1,76612.60476596883,1,100003.26726236515,78956.08751911811
USR-10723,26.0,764,9,19501.4331072765,2,78413.04685642407,19731.090977416916
USR-10724,30.0,814,0,38285.964161585405,2,117707.51794641081,41222.35372954322
USR-10725,35.0,401,3,59195.39076664641,1,30015.116888528806,62527.40640314873
USR-10726,50.0,790,3,66633.37100091131,2,100904.35501200915,69190.04589111714
USR-10727,53.0,457,3,56705.84768899466,1,28130.965298185816,59999.58627329921
USR-10728,39.0,795,3,45335.38121690541,2,105926.961857912,46520.940388603085
USR-10729,32.0,481,3,53674.261662271536,1,50562.419620919696,56126.91807417452
USR-10730,,832,2,,2,140569.8570901223,
USR-10731,40.0,464,2,58101.730143733774,1,132775.03864324748,62376.46592308178
USR-10732,41.0,410,5,53783.973897352276,1,21436.379813534368,55875.39964345553
USR-10733,42.0,485,8,,2,117307.23122181845,
USR-10734,80.0,538,1,56330.91907988006,4,141471.64968058676,60003.77973308107
USR-10735,44.0,356,8,62051.36373816476,1,35726.78034145698,64776.03054451912
USR-10736,70.0,597,6,87191.21647254901,1,135050.85013592377,91552.904377759
USR-10737,36.0,314,8,61180.390749685976,2,82884.28533474798,65080.22916906739
USR-10738,27.0,800,0,46231.47837183701,1,,50484.10184851573
USR-10739,52.0,630,0,37139.738892837864,1,63342.0712242427,37319.49875357017
USR-10740,,526,2,50466.138204650946,2,97263.9604612274,52958.54509142111
USR-10741,38.0,705,4,57116.604935013274,2,103858.04345516517,59981.73013103175
USR-10742,61.0,495,3,58099.80901649515,1,125405.94218141778,57770.629789625375
USR-10743,53.0,300,7,733636.3332418599,2,66390.37727708832,769503.8967363351
USR-10744,35.0,742,7,76654.25821917562,2,106485.9512377742,82058.03771811875
USR-10745,53.0,580,9,30865.831343252456,1,142267.55698217632,31576.737029704836
USR-10746,59.0,510,6,27601.26317742597,2,,28062.893927599576
USR-10747,27.0,576,7,,2,106527.23597874078,
USR-10748,71.0,520,1,40185.82259353889,2,130981.38015633069,42116.10237466606
USR-10749,43.0,498,9,26268.160413193236,2,64832.95633162641,26869.02137999686
USR-10750,21.0,396,9,70600.96121580759,1,50429.68808908072,75267.7049552618
USR-10751,52.0,493,1,65324.02283101094,1,104235.32203589218,69391.27511848377
USR-10752,43.0,383,9,65553.62026635587,2,125355.84109011831,68614.2818848704
USR-10753,85.0,364,8,93329.47839112193,1,54022.02290351786,98321.33686387484
USR-10754,21.0,603,9,,2,114829.47814200787,
USR-10755,53.0,343,4,50811.37901042748,2,64988.83652259467,53521.89614253989
USR-10756,23.0,598,4,79558.78550444744,3,22750.129852119237,85766.87992043058
USR-10757,41.0,477,8,42851.02395203357,1,,43953.508188503765
USR-10758,38.0,752,2,45182.97465279688,2,94163.97116411955,47420.91719883477
USR-10759,52.0,455,9,51802.35364755802,2,29994.02448441706,53365.790479516116
USR-10760,26.0,796,8,40015.79792922217,1,115706.14500038206,41856.988631263186
USR-10761,32.0,674,8,109718.83484553505,2,142259.5954881864,116571.72511220755
USR-10762,58.0,814,2,48986.09445521154,1,40584.5927982163,51253.5946049775
USR-10763,45.0,439,1,,3,107817.85433475878,
USR-10764,32.0,491,8,52372.43768390296,1,,54638.533500268226
USR-10765,24.0,354,8,67659.09351247153,3,99742.23548764974,70185.9311116307
USR-10766,30.0,647,3,41590.200168087365,1,35091.55681132832,42308.41617607165
USR-10767,76.0,522,6,104409.98380902738,1,139228.56434541778,108034.26032704738
USR-10768,28.0,490,6,89906.31066674556,1,36422.49570115229,94387.8009058436
USR-10769,22.0,437,1,49995.010403496555,1,,52732.02242500609
USR-10770,42.0,811,9,68532.84243828176,2,82990.81620301073,71751.90472046899
USR-10771,32.0,817,3,51145.98849791266,1,61561.32684207058,52549.851108348885
USR-10772,22.0,804,6,75751.41805466442,3,51187.93967296854,78345.95208672907
USR-10773,27.0,720,5,60817.50380672569,2,101071.40173351452,62916.531705428475
USR-10774,33.0,776,6,26971.987799715233,1,118619.33425107865,28010.206498710202
USR-10775,51.0,465,2,60950.67107202825,1,86020.6712639061,63811.38797946971
USR-10776,28.0,620,3,,2,54679.59624271053,
USR-10777,28.0,707,9,53665.62847205023,2,,55224.24680668413
USR-10778,32.0,483,3,,3,82305.99281488318,
USR-10779,30.0,557,8,7566.857080715541,2,67871.93510064208,8622.466557599604
USR-10780,35.0,501,3,72071.06788262536,1,97945.09381845978,75075.03589832415
USR-10781,24.0,598,9,,3,100739.80748741279,
USR-10782,61.0,389,3,38078.08293613539,1,95763.54311300113,38949.72313753116
USR-10783,26.0,348,3,49609.097535343375,1,141834.65758537516,52940.615255711076
USR-10784,51.0,502,1,49226.999006229606,2,73827.03200294363,51653.93191527558
USR-10785,22.0,607,0,580503.8001270369,2,111938.88854501874,609924.83304073
USR-10786,39.0,604,8,18364.311589179928,1,29385.308386716475,18669.98471788424
USR-10787,32.0,720,7,520592.3661505155,2,,547555.7545838571
USR-10788,29.0,576,1,53035.351688763374,2,89269.35906770632,55672.5132225907
USR-10789,32.0,824,5,80134.17658676434,1,32656.02784494681,86035.62230303457
USR-10790,32.0,832,7,77097.419560199,2,138123.3031449694,79364.74696638236
USR-10791,52.0,572,9,44504.09182975278,3,61131.07353137873,46300.25675321331
USR-10792,49.0,462,8,,2,108981.99070770475,
USR-10793,32.0,816,8,38065.759880823985,2,87180.27882578355,40536.9387187569
USR-10794,41.0,528,2,,1,146006.4669085493,
USR-10795,51.0,738,0,32581.365341534416,2,130872.28771355918,34931.42532103565
USR-10796,44.0,369,5,51371.158005498815,1,140469.0386646543,54965.14522459753
USR-10797,49.0,590,5,52286.29749377943,1,102575.750944161,54768.60753420003
USR-10798,,600,0,60728.43688495814,1,87367.78038477067,63177.62693014224
USR-10799,29.0,418,8,43269.90282273368,2,92711.08075319423,46356.36650894698
USR-10800,27.0,790,8,71000.16207285353,1,78433.41488945138,74366.4944856786
USR-10801,31.0,724,3,22760.65492714745,2,84081.82907965977,22155.509040308258
USR-10802,38.0,663,3,45825.830276906876,1,22670.497898509082,48073.90405658898
USR-10803,47.0,323,5,38137.84301269648,1,42584.18714967619,40548.66036250501
USR-10804,26.0,460,2,58020.54693055843,2,119046.64501132064,60584.69131025901
USR-10805,49.0,465,8,94599.0298705552,1,95531.66400588184,99518.84904352551
USR-10806,35.0,500,0,67105.91196408188,1,130718.87320050824,69401.5672282358
USR-10807,33.0,658,8,49001.39493849587,3,23621.552703898014,50974.42061738335
USR-10808,25.0,336,6,37952.96046981707,1,95087.39793325985,40005.4288561533
USR-10809,22.0,526,4,68148.27826083745,2,67448.25536176172,70938.12026976608
USR-10810,45.0,329,7,,1,20027.04069673671,
USR-10811,32.0,345,6,33976.33102229378,1,149671.50506889686,35922.67151478305
USR-10812,27.0,579,2,47944.9306941936,4,103826.52281758055,50353.85307398709
USR-10813,53.0,828,4,,2,120457.07738785792,
USR-10814,67.0,801,9,47419.04981120932,2,,50439.82794038671
USR-10815,33.0,548,7,40029.53496274454,1,21142.6552937224,41945.644791304956
USR-10816,69.0,366,0,70276.27402166992,2,80284.77923985125,73927.65867821791
USR-10817,,328,9,34286.870773476534,3,29018.10831642773,36247.5720920735
USR-10818,82.0,746,1,836828.0302193384,2,83766.16246273834,879801.2207294924
USR-10819,31.0,312,9,,2,,
USR-10820,31.0,356,0,41591.885880981245,2,140839.20422384387,44774.38148134317
USR-10821,35.0,847,9,,2,57346.64098180689,
USR-10822,29.0,550,4,16738.44765236059,1,131835.9487903264,17547.355878636325
USR-10823,25.0,813,5,45918.45716193951,1,,49081.01576004876
USR-10824,28.0,642,2,21051.127836752694,2,107650.27897729166,23304.330494897255
USR-10825,42.0,392,2,78049.41753287181,2,117283.58886641667,81670.96592418259
USR-10826,28.0,651,2,590036.7119048124,2,122733.06205729938,619774.6143919089
USR-10827,50.0,697,4,64124.010224917125,1,103749.67643532323,67005.7410856648
USR-10828,85.0,380,0,66065.08145566189,1,20698.060342769615,69591.62792908863
USR-10829,85.0,727,5,60109.06319244033,1,59043.09608529608,64207.46548170082
USR-10830,48.0,818,8,46294.09293603749,2,119764.15287362172,49307.741704006665
USR-10831,56.0,331,1,34996.80101249516,4,137151.1103522174,35814.862107160465
USR-10832,59.0,653,3,23450.68976472072,1,101570.22806320383,26296.626532364397
USR-10833,25.0,777,4,38305.15094874302,1,121292.46295372516,40831.78283083624
USR-10834,50.0,814,3,56818.05943025407,2,143238.87707688948,58711.108465685356
USR-10835,45.0,651,0,42199.973565302826,2,23454.308311121786,44807.317530069595
USR-10836,25.0,826,7,38342.39154858698,2,33901.05009091527,41784.54326033559
USR-10837,73.0,593,3,45508.097442432925,2,45744.10091515256,47986.914192870245
USR-10838,,788,7,47912.63429777667,1,71438.03641791648,48984.875196201734
USR-10839,33.0,714,8,73697.8655852141,2,127314.21397936532,77799.96852148604
USR-10840,30.0,364,9,48086.04635435502,1,125480.61996888579,50796.77416839387
USR-10841,42.0,595,0,53582.09282863199,1,63616.095899165426,55676.55534653231
USR-10842,27.0,560,7,36519.14590498494,1,54346.56335358394,38260.677228658686
USR-10843,38.0,475,2,,1,27405.244239224972,
USR-10844,26.0,832,8,41206.34824560577,2,113049.34069793744,45024.65040725267
USR-10845,40.0,365,7,39761.271557900895,1,112446.37892483492,43205.38514186781
USR-10846,28.0,665,6,78999.85001301607,2,118007.69474146391,82865.32411560265
USR-10847,52.0,313,0,83583.53448705852,2,59696.80465508133,88025.22300948827
USR-10848,43.0,563,4,20873.864909587555,2,42938.48815122135,22068.661497018573
USR-10849,49.0,670,7,65384.26530074099,2,128654.27059576825,69240.94091053845
USR-10850,44.0,465,1,39882.515693717316,2,129315.26409463964,41745.93144807467
USR-10851,79.0,766,2,57077.15833443411,3,95339.58539894952,59444.09755867943
USR-10852,29.0,634,9,43039.57455273465,1,60221.97030008673,46261.61215688339
USR-10853,64.0,518,7,68643.35789324815,1,124303.18808127135,72125.45925597977
USR-10854,19.0,612,2,89384.38976605932,1,74400.19011129085,94658.19936388088
USR-10855,,367,3,63331.62239518365,3,89822.88258155207,66545.03790124058
USR-10856,57.0,782,7,63769.18286836972,2,58526.23774161471,66046.7757607705
USR-10857,49.0,665,7,53318.06016881796,1,,54644.87270334878
USR-10858,26.0,447,3,71087.6291117746,2,137558.45260064848,75213.99125865595
USR-10859,36.0,548,2,20838.84690924883,3,102390.45958171574,21626.018800262987
USR-10860,85.0,531,8,20813.374769214388,2,20209.99408690042,22599.84751190672
USR-10861,77.0,388,6,28705.361726749885,1,147404.0283058404,28452.764205047784
USR-10862,58.0,665,5,,3,146229.7091844958,
USR-10863,34.0,636,2,92393.86765134994,1,127819.81650289864,96462.1067534057
USR-10864,29.0,808,6,43691.17315128223,1,108833.04947142997,44492.37819970693
USR-10865,67.0,636,1,74805.88676611711,4,92583.63415182894,78646.74663343353
USR-10866,49.0,805,2,57591.812118270114,4,85956.3087089657,60128.938101955195
USR-10867,23.0,467,8,32791.87331343292,2,60474.006033503574,34796.03498336525
USR-10868,,346,6,55631.34094996219,1,,58376.41875637233
USR-10869,32.0,498,3,28440.037999346165,2,45791.33431172861,29076.452900131982
USR-10870,55.0,339,3,99629.13221718729,1,56949.65977031448,105846.67981442362
USR-10871,27.0,301,8,40895.3221044388,2,,43125.50077713216
USR-10872,59.0,828,6,28282.611447683812,3,89399.92470660752,30987.289133611233
USR-10873,32.0,662,3,53469.4794735007,1,105825.74939358728,55572.03253622949
USR-10874,33.0,602,1,33444.090002968056,2,89887.30212281723,34338.241176064366
USR-10875,24.0,358,1,63861.35009180059,1,24177.121521518413,66795.46600735643
USR-10876,36.0,689,8,41757.76222343592,1,81407.47699475907,44602.95094460013
USR-10877,,847,4,55812.112518782036,2,84795.2125062049,58547.02482750111
USR-10878,61.0,305,6,57396.27288668625,1,,61494.37931364309
USR-10879,56.0,519,5,69429.23873644366,3,127324.43118914112,72474.14475927975
USR-10880,85.0,517,7,51933.64130602905,1,65918.80532370709,53479.42189598375
USR-10881,34.0,335,9,25357.382758509128,1,89453.26408807778,28176.374913093634
USR-10882,,610,2,54779.76562729544,1,24077.25457523349,56139.93873467968
USR-10883,70.0,576,3,41640.193140076866,2,125647.23656792338,44374.47320657956
USR-10884,41.0,357,2,,1,46022.74425106167,
USR-10885,36.0,379,4,55886.09823645318,2,104391.19583797766,59944.16806269897
USR-10886,38.0,422,4,51880.61214634692,1,,55814.29144559129
USR-10887,38.0,702,7,22403.798839855455,1,27048.89077548487,23912.460367787764
USR-10888,21.0,745,2,46746.685748621334,1,,48127.24087685516
USR-10889,32.0,772,4,90941.91392467645,1,149649.8299887181,96381.91749152698
USR-10890,42.0,498,7,50921.27673571546,3,39212.66686155701,53311.80749796352
USR-10891,53.0,789,5,55404.114656120066,4,,58596.115740045934
USR-10892,34.0,535,6,,2,60063.00853614582,
USR-10893,35.0,355,4,,1,124504.01157790083,
USR-10894,43.0,546,9,67439.79592532892,1,140130.62270427746,72737.64019570747
USR-10895,37.0,523,6,38602.801713362496,3,104154.3763253248,42014.17635891449
USR-10896,36.0,582,4,,2,117634.94090899672,
USR-10897,33.0,689,6,51191.02341286811,2,89646.94065506045,55039.36699880306
USR-10898,34.0,647,3,44991.864272017054,2,102498.48103035487,45920.069078477274
USR-10899,25.0,567,0,26263.328778580162,2,,28614.35291374606
USR-10900,21.0,806,7,79414.01655954571,1,129081.46010110877,83863.15094392575
USR-10901,32.0,529,6,31487.943256212002,1,25811.852597337118,32342.620259757594
USR-10902,31.0,494,1,80766.52300018979,2,45268.214393777605,84148.52028891238
USR-10903,37.0,331,7,36355.21142485362,2,99940.15500721551,39287.45632377696
USR-10904,25.0,359,1,,1,51707.17470412059,
USR-10905,57.0,830,0,50274.35004108202,2,144563.3447040055,50309.07343122586
USR-10906,50.0,540,0,63189.501474767414,1,,65150.44132574529
USR-10907,85.0,583,3,52038.74738782385,2,,54604.353441639825
USR-10908,45.0,349,5,58960.00211932359,2,46722.384586868284,62677.460200090354
USR-10909,29.0,466,0,86322.4561344533,1,138951.54224003298,90420.31684342511
USR-10910,56.0,806,9,,1,27144.612199801442,
USR-10911,29.0,536,5,51760.912387989854,1,99284.33847836358,53875.89401764129
USR-10912,32.0,829,3,62439.38616496094,1,44151.09172595331,64046.08970568197
USR-10913,69.0,743,0,61094.408412263794,3,34323.45097781646,64975.25429527329
USR-10914,59.0,671,5,0.0,2,96583.25145636516,452.27589018857753
USR-10915,41.0,762,5,58795.64221203361,2,96143.8951114273,61408.18537085115
USR-10916,61.0,578,1,22442.232477270674,2,53323.94495029304,23404.47982588412
USR-10917,31.0,842,4,22830.443898209312,2,76082.68672414031,23162.435278904082
USR-10918,40.0,412,3,71535.23538149564,2,145563.8061269446,75719.77836676875
USR-10919,57.0,829,4,12858.650959061146,1,38240.562255519515,12236.445887685044
USR-10920,55.0,601,4,61382.74808729462,2,78803.58247626139,64015.40205244579
USR-10921,73.0,460,4,,1,29061.838298663883,
USR-10922,27.0,399,6,78941.08117497625,1,95509.43367938958,82502.51892725188
USR-10923,30.0,832,7,,1,138680.31869724538,
USR-10924,22.0,610,9,44757.857808106004,2,138928.28607378574,48074.655377130635
USR-10925,28.0,570,2,74739.00315779276,2,47542.43198647637,78798.64344123997
USR-10926,29.0,558,2,43914.208120412106,1,141294.82477415513,45970.972318374545
USR-10927,,785,1,83048.15993172352,2,56925.34999884053,85780.86518034378
USR-10928,54.0,379,3,49373.38965536221,2,124704.3432821279,52833.80845241771
USR-10929,44.0,816,5,47895.366935809674,1,118541.66295627503,49782.72232934371
USR-10930,45.0,506,5,61084.36955360408,2,74404.53297432208,64090.57530763902
USR-10931,30.0,810,1,65341.302787369925,1,101149.65096334576,69518.7793911594
USR-10932,25.0,409,8,,1,123925.19098996602,
USR-10933,65.0,599,3,63632.41499209041,3,23108.10416461087,69565.2207021829
USR-10934,40.0,558,1,,1,116893.81860703469,
USR-10935,33.0,847,6,,1,117563.20302935183,
USR-10936,65.0,351,6,34278.31139291305,1,38150.60301890054,35969.22907904699
USR-10937,52.0,491,0,52109.95145715288,1,115943.90850379335,55575.21029751844
USR-10938,,378,7,51375.5417592992,1,33720.40186547383,53330.57654206542
USR-10939,50.0,463,1,24946.493869133476,1,118834.91308157236,25725.262701400807
USR-10940,42.0,556,0,43921.663142604375,1,86503.65854691004,45798.71005814406
USR-10941,34.0,340,2,30816.26902554885,1,,30636.327374749053
USR-10942,29.0,778,0,47622.2614316981,2,135942.21597147256,51524.79316223217
USR-10943,26.0,525,3,58283.08079268555,3,,61504.05101917073
USR-10944,29.0,302,7,41061.330779615964,2,146483.45071496247,42112.5034255281
USR-10945,58.0,554,6,41516.74908494584,2,37019.19278923825,43708.42217172382
USR-10946,42.0,332,2,55363.62392219767,1,73638.44265693039,58862.53092518374
USR-10947,33.0,467,3,38491.10724899101,2,,40501.92143476323
USR-10948,72.0,606,0,52683.74710760529,2,83998.11543800592,55585.92206052298
USR-10949,71.0,335,9,60656.54219957165,2,56801.82293830075,64854.3706316355
USR-10950,34.0,771,0,50066.552682110625,2,123616.17523090242,53072.116506787905
USR-10951,30.0,371,0,34295.96387182239,2,77632.7169646624,34817.94163934927
USR-10952,42.0,419,6,56583.34697442904,2,22499.611433490074,60092.55563102225
USR-10953,22.0,621,9,18167.944651492046,1,55156.8104247557,20571.14525492633
USR-10954,23.0,817,1,58100.48366926573,1,,60323.070261063665
USR-10955,38.0,455,9,57184.51828974547,2,29884.907500232704,57811.53780615012
USR-10956,37.0,790,5,39148.68538968828,1,143665.80859647295,42982.56029326903
USR-10957,23.0,618,7,29696.58712934102,2,136690.39656733343,31586.35464600375
USR-10958,,618,9,100411.51149288294,1,122292.08598031342,104604.44648140366
USR-10959,32.0,841,5,30678.54126529514,1,112439.37254490209,33698.40611401225
USR-10960,46.0,470,3,27959.666638848023,3,138071.76492875925,29065.403398588132
USR-10961,61.0,710,4,,1,102171.87821380536,
USR-10962,39.0,796,3,71298.13259211645,2,142774.60499144837,75134.46448205302
USR-10963,31.0,418,7,,1,,
USR-10964,25.0,651,6,57413.165258079134,1,46350.21126484866,61319.926326158224
USR-10965,34.0,508,1,70313.82293187731,2,135950.09733524517,73562.99485115006
USR-10966,30.0,446,5,55556.34631792749,2,36853.22265450553,57179.23181315817
USR-10967,49.0,475,3,25810.75743330113,2,48057.71531832208,26606.35613441721
USR-10968,41.0,619,1,72608.43349519317,1,75942.05263456039,77310.55908397677
USR-10969,26.0,400,9,17339.56428080224,1,100515.09091779034,17262.56673065628
USR-10970,59.0,669,3,45840.43539075438,1,57918.53618887318,47977.47027468016
USR-10971,44.0,486,7,41118.63843955542,1,89188.38465495786,43508.62778195885
USR-10972,31.0,357,7,56480.89820253979,1,114549.45741474452,59380.351287308804
USR-10973,23.0,795,9,60132.72825502828,2,92734.66176535487,62359.18441538728
USR-10974,26.0,829,3,59122.09855609564,3,,61313.534351781
USR-10975,69.0,486,5,75901.55105737557,1,128268.28220010971,79963.25370469893
USR-10976,71.0,321,8,43438.90463164358,1,127842.0519933748,45768.81415371459
USR-10977,35.0,588,9,73776.03416368293,1,37035.10077546748,78132.05303976698
USR-10978,31.0,710,2,66530.74062279837,2,26205.966219103775,70867.08629818709
USR-10979,,651,0,40045.59803411463,1,148699.78749861196,41969.90643465252
USR-10980,40.0,318,9,94847.2153996752,2,112465.09512020081,101494.119934642
USR-10981,38.0,572,0,62116.92788435912,1,119250.93450613217,66399.75356486758
USR-10982,32.0,398,2,34272.8333465866,2,140209.37846481218,37153.60385979892
USR-10983,38.0,719,2,51359.21004160172,1,90308.09092640443,54345.888609985894
USR-10984,28.0,720,5,51679.797680405056,1,146228.9526023022,51762.76981434376
USR-10985,23.0,804,3,34925.129178225005,1,134075.32723250944,36109.066307088615
USR-10986,22.0,678,8,37269.68999783582,1,93661.76327839968,39642.11658042649
USR-10987,25.0,648,0,48781.691292332114,1,,53213.84118281874
USR-10988,24.0,764,0,49077.15765123829,3,80109.78912330946,52587.498316074336
USR-10989,29.0,338,5,43361.78071797654,2,51146.455642103334,45482.07296652783
USR-10990,54.0,672,9,48914.04315152958,2,27141.00040463131,52178.28784055325
USR-10991,59.0,593,7,63600.57360217261,1,42011.96876009164,67344.17941739192
USR-10992,75.0,823,7,,1,118687.3400539021,
USR-10993,51.0,762,8,28516.25430322438,2,86708.22588439644,29144.43393180524
USR-10994,41.0,432,7,36766.071050908344,1,51322.42186274984,38787.225004717344
USR-10995,35.0,368,3,64214.692999073915,2,,66844.90041358037
USR-10996,,752,6,,4,127777.96574004636,
USR-10997,39.0,497,8,30546.868914441377,1,,30494.63943138064
USR-10998,20.0,529,2,54958.14806553809,2,143857.98862473643,58677.31426877956
USR-10999,40.0,707,9,52326.98435178287,1,32634.491062907793,53659.47042961441
USR-11000,,329,8,38633.72401587047,1,62626.52066205365,41071.65571375141
USR-11001,78.0,563,2,52985.03499768956,2,,55759.62951659733
USR-11002,20.0,595,7,67299.9136196843,1,119464.01811659006,70907.63855786547
USR-11003,31.0,671,8,45529.354858805455,1,39409.97008550062,48710.448803561725
USR-11004,33.0,665,5,51421.33587075127,1,90214.70298127699,54946.63246420419
USR-11005,27.0,348,4,,2,104840.33221928413,
USR-11006,28.0,631,5,,1,90702.50425445603,
USR-11007,36.0,402,8,42901.15828902202,1,93637.22624688991,45068.998765186174
USR-11008,43.0,647,2,41740.844918856266,1,137364.31440550336,44471.639920532325
USR-11009,40.0,829,7,29959.388916652806,1,71172.7610290999,32092.581926421954
USR-11010,67.0,508,2,32462.755380930565,1,48654.90359446741,31844.663213699183
USR-11011,53.0,775,8,33782.47802745039,2,116336.55676206182,34905.38603026944
USR-11012,28.0,724,3,96213.63016655494,1,127855.05403686676,102566.55206476613
USR-11013,38.0,737,6,86145.32737875989,1,63951.246336449236,91204.68334313988
USR-11014,85.0,513,3,539766.2114676163,1,24582.92804768616,566837.856966224
USR-11015,26.0,402,4,78524.5769629466,2,110316.9952941118,83721.63834262325
USR-11016,19.0,487,3,33751.4882745833,2,43659.81798483514,36722.07246825506
USR-11017,49.0,429,5,32476.82227579283,2,97230.5202387401,32729.85362880425
USR-11018,27.0,463,3,48733.255090100545,2,133765.5152966705,50514.71084458528
USR-11019,85.0,709,7,,1,57222.636801422166,
USR-11020,43.0,753,6,36694.21674858292,1,31899.1905344764,37852.41347973723
USR-11021,19.0,557,2,79026.19455776922,4,98169.19571636946,82528.194963574
USR-11022,,793,9,,2,116178.3718943956,
USR-11023,46.0,399,6,73985.68210432248,1,148988.37853546545,76760.04855393975
USR-11024,24.0,400,8,,2,81163.38410131753,
USR-11025,54.0,707,6,52184.06665902918,2,49983.40535239311,54168.02804402889
USR-11026,38.0,397,9,53108.29431576402,1,,56286.8859535844
USR-11027,85.0,357,2,17713.80567241874,1,70314.98551046397,17454.82615318769
USR-11028,28.0,758,0,32497.854429091585,1,59905.92664681801,33538.98336784648
USR-11029,49.0,623,0,,3,26378.588339989958,
USR-11030,,323,8,34368.41335255004,1,112812.1579546613,36168.16791707578
USR-11031,55.0,645,9,47581.610962502156,2,116594.20982379217,51062.13576776248
USR-11032,22.0,367,8,,2,117697.47176810514,
USR-11033,44.0,409,0,88416.57752158454,2,141546.32548635977,93177.37950011197
USR-11034,51.0,442,7,26238.925705845963,2,,27299.698060795723
USR-11035,44.0,682,2,23305.514914940213,1,50343.33423275345,23943.190313585423
USR-11036,34.0,674,3,,1,92124.04198060674,
USR-11037,60.0,733,2,77672.1024698323,1,,80171.33524264158
USR-11038,27.0,540,5,41201.88572282516,3,129120.03366962637,43029.883570265156
USR-11039,48.0,642,4,37479.32168651254,1,131757.4902204122,39075.01616344742
USR-11040,46.0,813,5,32851.06729761163,2,107258.15061382958,34256.80399614123
USR-11041,33.0,783,5,75213.59248818936,1,139846.53953529545,79090.57296789861
USR-11042,81.0,310,5,40393.516656082415,1,44493.07924174455,43445.92241303634
USR-11043,26.0,622,4,60060.68479440912,2,83305.00886558418,61984.46161596104
USR-11044,30.0,454,9,62750.747511273934,2,124888.74472112756,64709.05986953734
USR-11045,31.0,730,9,395450.1411821922,2,82027.69603164532,415300.9056436081
USR-11046,34.0,558,8,,2,75651.10481016291,
USR-11047,56.0,397,9,47635.17014927192,2,67238.28471107205,51087.236975506385
USR-11048,36.0,408,5,34261.622362521666,2,109774.98608035421,35227.116478668795
USR-11049,29.0,615,6,66289.43656038833,1,63899.610584677655,68651.30966277055
USR-11050,62.0,624,3,83147.95581212375,1,78244.73354291747,87604.65867701048
USR-11051,64.0,686,3,35423.194704589856,2,39734.264620742884,39479.20558371807
USR-11052,,554,5,62067.45537725065,1,22078.723846841247,64334.26685831791
USR-11053,34.0,627,1,34453.69220465615,2,44735.38754188828,35328.326100921186
USR-11054,59.0,842,7,,1,104227.23080166297,
USR-11055,55.0,759,5,73832.91356091293,1,91480.81217567886,78305.96419698306
USR-11056,35.0,847,9,32249.859849258723,1,33298.8567198342,33391.62908143247
USR-11057,28.0,472,7,,1,106223.11786681123,
USR-11058,39.0,444,9,,1,56668.236060158146,
USR-11059,85.0,443,1,28452.906742004274,2,26341.13001431569,30422.05338204496
USR-11060,32.0,451,5,44429.2219220015,2,73572.25391097633,46792.507680052564
USR-11061,46.0,637,0,78911.3401621482,2,146305.67479977105,82610.2387179882
USR-11062,59.0,313,6,26733.95224519141,2,75436.35253806328,27839.072840054774
USR-11063,46.0,434,2,27759.20794114734,3,108838.78006530102,26947.933454994323
USR-11064,26.0,810,2,,1,99691.05397810858,
USR-11065,31.0,717,6,76623.73429915815,1,57541.53728639623,80098.10932164849
USR-11066,79.0,716,5,36670.80080522611,2,60902.844749296346,37428.05845083943
USR-11067,32.0,638,3,58195.294076810336,2,,62852.118077857594
USR-11068,47.0,597,2,69889.58935872665,1,107327.43505816783,72738.58628940418
USR-11069,38.0,375,8,37164.887679246924,1,78795.88573898649,38693.975610144844
USR-11070,23.0,833,8,63000.40318848411,2,76976.35561458653,66261.55967108907
USR-11071,45.0,558,0,53754.44588494616,2,,57621.77410094864
USR-11072,28.0,329,3,51303.55794203357,2,50525.30677862637,54418.05602331943
USR-11073,41.0,815,4,55867.42210501861,1,147785.43578871735,60119.998311898875
USR-11074,62.0,440,0,33503.868086561044,2,92238.97397159193,34587.94871381189
USR-11075,22.0,462,8,,1,140569.9355325278,
USR-11076,42.0,672,1,11140.461261669647,1,72518.50144251299,11072.40748922242
USR-11077,22.0,746,6,19311.446449957173,1,59427.144081044,20262.670894602652
USR-11078,49.0,813,6,36333.83322033919,2,119146.21865968677,38815.7358698462
USR-11079,26.0,526,7,,1,69741.8002632368,
USR-11080,32.0,846,9,31159.188192321202,2,147534.03243250796,34017.76541092143
USR-11081,32.0,526,1,40312.08420161322,2,144017.81831942435,42338.30427320176
USR-11082,29.0,486,8,,2,147761.05456452066,
USR-11083,56.0,791,1,,2,109258.98088400642,
USR-11084,34.0,817,6,62476.70647853899,2,31069.885900057856,65849.76482240742
USR-11085,31.0,841,5,25351.50406928959,1,79958.68196362356,25781.536027734768
USR-11086,26.0,565,0,49975.409348413974,1,30295.509392579323,52733.793180167966
USR-11087,29.0,710,8,33025.374709111464,1,31740.27644830581,35488.97686789283
USR-11088,,437,0,27781.885897989658,2,46203.80214821163,29827.794080771462
USR-11089,31.0,396,1,496400.9945470741,2,93409.03685736125,520583.3473382662
USR-11090,42.0,396,0,53321.004080838284,2,82555.70471504671,55159.01006750007
USR-11091,52.0,647,3,51372.792885208466,2,25437.12531698501,53409.52918974882
USR-11092,35.0,384,6,28576.477004347307,2,26799.347952478187,31846.362288957105
USR-11093,48.0,519,2,51181.18960684913,3,66706.23455058236,54871.28669270521
USR-11094,24.0,629,5,48898.30446152782,1,65971.77402798005,50540.33526644498
USR-11095,,657,0,20203.131745522067,1,58973.78684237999,20087.83313247216
USR-11096,26.0,532,4,38594.334352654,1,49165.83747400798,40358.9920122623
USR-11097,23.0,303,4,41548.42842808874,3,100757.86961846316,43221.135735123666
USR-11098,23.0,479,3,65508.139977747,1,118760.27824877886,68436.56860462352
USR-11099,29.0,592,2,,2,25587.905825727903,
USR-11100,25.0,600,8,69085.29546543804,3,128072.29864642634,72634.84744702342
USR-11101,24.0,803,8,7652.251951856277,2,117890.7590425548,9106.048086146417
USR-11102,21.0,677,3,12970.948976706044,1,95834.53368532992,12767.32960235661
USR-11103,48.0,659,0,,1,105106.33602115115,
USR-11104,24.0,337,6,0.0,1,63750.83812622025,-252.84734868607077
USR-11105,29.0,547,4,52871.768039320086,4,,57206.93387077015
USR-11106,43.0,308,7,13845.566847560054,2,85215.47187204941,15488.29966814583
USR-11107,33.0,667,4,70719.37408411842,1,38391.220142859005,75893.4759162542
USR-11108,37.0,638,8,,2,105649.6783335304,
USR-11109,24.0,420,3,81681.52387882002,1,55698.384257406615,84944.60748945127
USR-11110,35.0,343,6,39329.16475898627,3,147588.41082833288,40642.99415833358
USR-11111,61.0,446,8,43352.94922720839,1,85226.47411227894,46731.905684528094
USR-11112,54.0,481,8,41922.6072096934,1,134454.242987019,44172.859594977606
USR-11113,35.0,414,9,61263.99860230606,1,125339.9957477399,61694.083910169036
USR-11114,45.0,314,1,60034.554798304176,1,129910.30351620009,64508.60490271218
USR-11115,37.0,638,4,53342.70145071223,2,86084.11939003642,56431.6802494599
USR-11116,59.0,522,9,52247.16628103085,1,123099.44546262972,54551.168384708275
USR-11117,27.0,360,5,61355.33100595928,1,,65454.64244674787
USR-11118,28.0,441,9,92720.52705639988,1,,97393.79099832478
USR-11119,36.0,458,9,81111.91535073203,1,77202.56168444814,84954.07908038354
USR-11120,37.0,715,7,3458.5610400821024,2,42657.55273143742,4474.323772906361
USR-11121,36.0,667,5,79172.22855778216,1,79528.95217094343,82397.60795145213
USR-11122,42.0,651,0,50992.388103496094,2,58370.76271840814,55553.11730185054
USR-11123,24.0,543,7,35707.48253893158,2,21617.23424633266,37314.45852345086
USR-11124,67.0,669,8,26719.815308982998,2,20680.37247957511,26936.06439001088
USR-11125,60.0,409,7,83231.5363240972,2,106979.15272343089,88902.99962649624
USR-11126,57.0,316,5,78291.55782637218,2,,81110.02191734627
USR-11127,29.0,549,4,43358.62473923829,2,103766.17289628959,45440.286565680595
USR-11128,41.0,594,3,,3,,
USR-11129,25.0,836,6,,1,,
USR-11130,56.0,779,6,,1,,
USR-11131,,534,9,,1,107577.21042903926,
USR-11132,48.0,484,7,46711.784822504414,1,76100.41734512724,49886.47215365492
USR-11133,27.0,491,2,69113.69522873659,2,,71012.72136231682
USR-11134,42.0,467,9,91677.34878217324,1,107847.90641162303,97102.94774437047
USR-11135,43.0,849,0,51848.10787834066,1,73212.50633625311,54592.603176125165
USR-11136,,422,7,42990.66770488553,1,,45170.08251790945
USR-11137,29.0,349,5,35147.714750719664,2,68398.81994540815,36002.03004837607
USR-11138,61.0,387,6,47086.16533418049,1,58298.74392740427,48810.94937842995
USR-11139,85.0,472,6,59893.189391314736,1,88683.47330238261,63269.08605166368
USR-11140,36.0,373,7,,4,71735.18535215012,
USR-11141,40.0,675,3,59014.784565691734,3,118081.03641342172,60257.5445612004
USR-11142,40.0,712,2,52584.68511399928,1,112490.75088193681,57497.902252738364
USR-11143,35.0,361,5,64661.47696512794,2,83690.62244125076,69353.2478796157
USR-11144,37.0,690,6,49641.56609153272,2,58479.09883467126,51817.51499348983
USR-11145,19.0,785,5,60730.89501951796,1,71090.9218453214,63878.70469436844
USR-11146,27.0,395,0,26038.506090937455,1,128077.44148306263,26758.003536624536
USR-11147,24.0,699,0,,1,41903.597252852924,
USR-11148,33.0,617,1,,1,45763.06820573354,
USR-11149,27.0,844,9,45536.577511677475,1,148021.80059497844,48200.091426662555
USR-11150,22.0,588,8,54375.35876795984,1,147807.7745572296,58111.06611423357
USR-11151,31.0,762,6,,4,32907.33252841322,
USR-11152,48.0,837,7,55631.327454145096,1,34412.11982397102,58231.82455598664
USR-11153,26.0,762,2,21003.221818649432,2,70923.63586020737,21709.694087741205
USR-11154,56.0,546,2,39755.62089005042,2,89347.87102137141,39406.274915339825
USR-11155,30.0,688,4,58036.89958076647,1,38814.06777570187,59827.82138315404
USR-11156,49.0,362,0,92330.23563864807,2,78533.19926950801,97640.30771109066
USR-11157,23.0,708,0,55435.7531407125,1,145308.0491585586,59164.91443070805
USR-11158,54.0,571,6,25269.811106851343,2,20710.72640693381,27915.249907402747
USR-11159,61.0,592,1,28353.792453364043,2,99529.17144063774,30346.724332282156
USR-11160,43.0,728,3,69247.05730628567,1,33428.80822578032,73307.82036333138
USR-11161,26.0,559,0,97803.6592556947,2,136970.48348627758,101651.0666887763
USR-11162,59.0,594,1,59688.13573452357,1,121591.01480648457,63785.97575744646
USR-11163,38.0,391,3,50924.968723385,1,24823.256825238906,53146.02792477306
USR-11164,34.0,381,0,64543.79719483165,1,144732.3786690943,66569.12166318207
USR-11165,22.0,523,2,33564.75657067583,2,107091.46994537923,36062.78541215881
USR-11166,45.0,826,7,43692.430433754336,2,41476.70110217626,44666.30884736814
USR-11167,67.0,470,9,31547.48450376136,1,118273.1348315738,32937.73726404694
USR-11168,72.0,435,9,19885.60845094453,1,144607.89839685857,20610.124550782995
USR-11169,61.0,669,0,15255.598781922039,2,147953.57563783164,15462.720756970826
USR-11170,,371,7,31068.526242991007,1,137475.98749030998,32037.224870740363
USR-11171,34.0,388,6,35371.23683799076,1,54563.468779145776,37033.962183944575
USR-11172,28.0,521,6,85032.79032223101,2,132714.3832154608,88484.6891935284
USR-11173,27.0,693,5,,3,37644.523581501184,
USR-11174,37.0,446,1,15348.884651441513,1,22914.239314983148,18258.166371597068
USR-11175,37.0,456,0,49383.08416233886,2,81647.28836993147,51728.68610856784
USR-11176,55.0,472,6,27039.48343165582,3,117930.6049304628,27935.607195720335
USR-11177,59.0,802,1,80224.66454260598,1,,84210.82547353642
USR-11178,29.0,304,8,14892.763358074197,2,20271.172167956,16404.63849266688
USR-11179,31.0,631,9,33508.32633038267,2,48625.91813358188,35405.87004135385
USR-11180,45.0,612,5,64890.61174631217,2,44540.525226269616,65686.42458436622
USR-11181,19.0,728,5,54045.95564720045,1,144354.40266827052,56277.310108594625
USR-11182,43.0,778,9,44097.7775989835,1,97801.41146330009,47839.40116039667
USR-11183,41.0,343,6,45475.99100029339,2,116542.01935080596,47351.29262056092
USR-11184,29.0,757,4,17742.58586649995,2,99055.43858275289,16305.252743776891
USR-11185,33.0,339,2,42705.63289799468,1,110094.6990239584,44239.61815396663
USR-11186,34.0,757,8,70989.99458731631,2,75505.40085397876,75988.0607363173
USR-11187,22.0,523,3,36309.29937165609,2,84465.79803710838,39510.7347892736
USR-11188,19.0,655,6,90185.89900764766,2,57935.025316006286,94713.47283355596
USR-11189,26.0,839,4,62888.227888875765,1,45266.115465442184,66269.71509734803
USR-11190,32.0,769,7,,2,104081.28580171707,
USR-11191,85.0,741,0,,4,,
USR-11192,36.0,435,2,86125.37629047947,1,146429.3606270628,91338.93993994076
USR-11193,21.0,643,1,3419.8478659358443,1,128777.12341723185,5064.5282523002825
USR-11194,39.0,623,7,64611.762990160234,1,51794.68903446391,68770.3525878651
USR-11195,45.0,507,0,39926.90508466543,4,,42283.572627253605
USR-11196,54.0,522,8,59312.20593605975,2,40713.076754824695,61054.60386514909
USR-11197,85.0,552,9,59051.51027848218,1,64415.742399517396,60478.47113686699
USR-11198,30.0,675,0,54969.85132660153,2,131582.1822579782,56868.914488721275
USR-11199,38.0,845,4,81502.18826519177,2,121251.25410108882,86436.85879063669
USR-11200,65.0,672,3,,1,70988.58377173533,
USR-11201,44.0,573,2,72040.04061659084,1,111577.21292663577,75590.25872125725
USR-11202,49.0,475,9,6521.836315315566,1,28728.45192533401,7785.240224309602
USR-11203,19.0,489,6,,1,137974.1363134863,
USR-11204,,379,2,50604.84592289253,4,68848.00025858055,52374.65597573474
USR-11205,,806,0,40248.375619568935,1,27799.010199322536,42303.28124213195
USR-11206,30.0,382,6,53004.53129630279,1,106824.82831577817,55469.99811769465
USR-11207,42.0,365,4,51751.28352755224,2,92738.34953626021,55543.00683161406
USR-11208,37.0,826,9,22116.827706485015,2,123927.3298803371,24276.631217098773
USR-11209,29.0,680,1,38402.69425898818,1,76569.68094895798,40467.90838746484
USR-11210,43.0,645,6,45904.00219656213,2,,48023.74540673506
USR-11211,33.0,769,7,52012.51442841997,1,112705.23100178897,57346.48167963196
USR-11212,57.0,621,4,39074.09534936136,2,148872.10928851756,40272.41764341481
USR-11213,36.0,784,0,0.0,2,98988.81041328894,-442.49113303504816
USR-11214,66.0,834,7,73652.88683121037,1,24504.442946322764,76330.61332344274
USR-11215,34.0,470,8,24565.64215157068,1,105433.30625630771,25645.58431710111
USR-11216,55.0,791,3,44548.19210035115,2,24480.31533459154,48629.02522481555
USR-11217,39.0,830,9,24459.211486915447,2,76963.65283973745,26252.07336217415
USR-11218,,822,7,68343.56652569704,1,147408.02817186405,72134.26462875455
USR-11219,18.0,330,7,36418.62621355197,2,,38029.34746912551
USR-11220,44.0,717,4,,1,83808.80862238206,
USR-11221,85.0,847,3,,1,127775.68989760856,
USR-11222,25.0,384,9,,2,62529.86667634434,
USR-11223,34.0,399,8,43041.64872636784,2,26013.812745625495,46817.11963651061
USR-11224,45.0,740,5,,1,,
USR-11225,74.0,554,1,54505.213911636856,2,142082.45828818242,55901.59198350948
USR-11226,28.0,380,9,80570.06288671726,1,38858.43166732603,85133.65911398106
USR-11227,28.0,714,6,17770.458580490314,1,132327.32997726282,19791.370249402684
USR-11228,63.0,417,5,45623.27646056586,1,106078.1217382029,48205.77371764697
USR-11229,68.0,681,2,48229.08360030165,1,99627.74165858977,50328.66260094503
USR-11230,36.0,804,9,62471.12492068676,1,115219.04824470074,65490.60788387513
USR-11231,,532,2,32270.96347397652,1,,33930.166089083505
USR-11232,63.0,391,3,53216.29259100435,1,90499.71268290508,57492.57122724837
USR-11233,26.0,507,2,34923.64194695303,3,37873.97492079827,37159.80933510159
USR-11234,20.0,688,3,61811.08657942155,2,104177.41794857415,64173.88033868694
USR-11235,43.0,788,6,65101.97198430189,1,109765.6604352648,68616.6204572988
USR-11236,63.0,406,1,32367.07410505025,1,22184.52908434942,33482.798248144376
USR-11237,31.0,372,6,0.0,2,75140.70966438117,1148.143156051834
USR-11238,19.0,824,4,61269.754781427546,2,125149.7450223417,62890.60223098601
USR-11239,40.0,398,1,,4,89393.81541393377,
USR-11240,21.0,603,1,43066.971873936214,1,84983.58467589681,45402.01467033695
USR-11241,24.0,748,4,71994.58123279084,2,97627.04266428157,75302.86741589049
USR-11242,,629,1,65043.790825585136,1,24346.398532160238,67299.01258616334
USR-11243,29.0,358,8,48677.82046366823,2,48598.417589747725,51345.284925501684
USR-11244,33.0,725,2,36960.20585407977,2,87832.6191250876,41285.15572457547
USR-11245,36.0,670,8,35513.83162959521,1,30905.126523490944,35514.3730371305
USR-11246,20.0,583,4,26924.043659626608,2,58808.89669196465,26674.927031315587
USR-11247,68.0,732,5,54548.72104561159,1,80833.30110438442,55802.072917291196
USR-11248,85.0,566,0,36991.08972505256,3,58743.07677464434,38071.41357205859
USR-11249,38.0,600,4,45528.47330178709,1,38092.191608867906,46497.31295271097
USR-11250,41.0,678,3,53921.6374807437,1,120027.41516209258,55823.58578719431
USR-11251,,361,1,40212.26152401338,2,108448.27335513601,41759.932015512095
USR-11252,43.0,498,9,59029.47871652039,1,96735.38377344291,63517.05404462343
USR-11253,23.0,822,4,,1,145088.25198983419,
USR-11254,58.0,422,7,30411.735850520574,4,85691.4766880299,32485.781368152537
USR-11255,24.0,711,8,42682.351547121754,1,,44453.23326706427
USR-11256,41.0,611,1,54483.256860273934,2,80583.74417565328,57280.26733453641
USR-11257,,508,4,47409.64311799041,1,36026.25241447008,50657.702610268665
USR-11258,47.0,696,6,43258.1733264257,3,90733.32859232111,45792.43226326723
USR-11259,85.0,754,3,55989.6912420939,2,,58238.30210104896
USR-11260,44.0,661,7,0.0,2,94273.4785345378,279.60096445726344
USR-11261,35.0,467,7,57203.27170581438,1,83506.87788122664,61794.01726353666
USR-11262,30.0,810,8,66237.87533480486,3,69083.97723229972,68635.11935316534
USR-11263,53.0,341,8,21239.375650258196,3,38319.57154765249,22589.15211532807
USR-11264,52.0,588,2,28163.622062476854,1,36681.59846708365,30659.277710367678
USR-11265,30.0,563,4,29632.21718873021,4,92465.28910009266,30535.644342641808
USR-11266,24.0,549,6,103928.01960828432,3,43254.59588165402,109912.1536637854
USR-11267,26.0,655,7,29402.820111432156,1,27756.23110851887,32842.46321950259
USR-11268,36.0,603,9,76315.9993855452,1,130487.1379784415,80989.7178442184
USR-11269,33.0,715,3,,2,94455.53290732828,
USR-11270,63.0,620,7,93354.59868060493,1,127975.60238146219,97754.48802684405
USR-11271,27.0,799,2,8182.103870568513,1,,8247.317226553387
USR-11272,34.0,765,6,53898.683252166906,1,148520.85834814803,55150.809647629074
USR-11273,42.0,555,8,45260.51625481112,2,37350.47577520144,48659.31195224706
USR-11274,39.0,652,4,34947.23045755198,2,27331.45781879741,37384.5799937367
USR-11275,38.0,485,8,15654.263633259077,2,69220.3772367808,14832.710737974463
USR-11276,34.0,527,3,25907.509512790853,1,128045.7606227037,26526.826793828393
USR-11277,32.0,354,6,6725.485770550287,1,118031.72571844925,8049.7017965686755
USR-11278,48.0,507,3,44304.15369388297,2,59495.04368120832,46892.19384329893
USR-11279,34.0,825,2,70431.66252862205,1,31738.809719271765,74168.72074876224
USR-11280,51.0,358,3,65471.342956979475,1,33331.723932909095,68958.56293248406
USR-11281,32.0,413,1,780723.9138430133,2,,819926.1928655752
USR-11282,23.0,417,2,53439.184611010256,2,62840.67760484519,54749.84002806924
USR-11283,,740,6,61157.50548212581,2,146064.50578987208,63416.39208788672
USR-11284,24.0,382,7,27485.490790184114,1,,29864.300804035112
USR-11285,23.0,562,4,40949.26938686979,2,119112.46534560023,42368.52127650725
USR-11286,41.0,765,4,59954.618042223774,1,90537.54159471276,64004.36647769282
USR-11287,30.0,473,7,33968.70853959524,2,72779.64540652017,36767.29145394232
USR-11288,25.0,772,3,56245.61058862584,1,115954.96324016887,59934.19797738835
USR-11289,48.0,378,7,30422.90566517101,1,130403.32606684434,32451.767082146576
USR-11290,49.0,537,3,82757.96837068353,2,57449.7508912731,87732.91124008033
USR-11291,20.0,711,2,57788.816660001554,2,56555.36308469067,60125.60866053675
USR-11292,36.0,395,0,26866.07476990657,2,65658.73188959542,28523.47370899759
USR-11293,50.0,302,2,18977.526442217786,2,128796.52190913098,19427.87311799304
USR-11294,55.0,567,5,100128.91127055648,2,63147.34665707498,105803.94517853572
USR-11295,44.0,481,0,55367.675351511025,2,99923.8300850893,58020.6868399305
USR-11296,39.0,783,8,44921.57055348558,2,22955.87942261117,49612.214964234445
USR-11297,26.0,798,0,86122.21878199959,3,92465.8951395727,90419.957828
USR-11298,45.0,402,8,21301.05794562579,1,138456.23943254567,23287.776881631056
USR-11299,35.0,821,2,48076.82081411154,2,93853.87032516516,49733.437522709115
USR-11300,35.0,710,7,35117.33222056681,1,45084.89815477253,37249.25894561242
USR-11301,83.0,505,5,43334.242892074435,1,107072.75426250519,45973.27068669073
USR-11302,55.0,696,7,58008.545675106056,1,,59435.209532329194
USR-11303,51.0,700,0,55559.4565280069,1,,57877.29683365972
USR-11304,36.0,301,9,,2,,
USR-11305,23.0,647,2,9239.602691873602,1,102361.1410989675,10822.513443092044
USR-11306,52.0,756,8,51329.6673822507,2,49399.62268193876,53987.940573661464
USR-11307,32.0,485,9,58036.73784530566,1,52985.728097589,59974.100606939144
USR-11308,35.0,788,6,42422.1473359282,1,143900.77785347687,46104.26765317773
USR-11309,37.0,329,4,,2,136658.93354043236,
USR-11310,22.0,649,0,35544.80660694366,1,141339.2429375732,36561.02964794707
USR-11311,28.0,314,9,58990.8214759573,2,107142.73312980114,61634.079707151395
USR-11312,57.0,490,2,44122.921243590376,1,53007.212470354956,45779.041767353294
USR-11313,43.0,418,8,53100.79274733126,2,50787.90981716328,56093.70896425465
USR-11314,30.0,667,5,71081.32324421215,1,100156.72345489553,74445.19890115118
USR-11315,50.0,401,1,,2,121268.10556904807,
USR-11316,33.0,503,6,37284.66552491955,2,24928.92628150491,39056.2552471708
USR-11317,38.0,498,9,38837.6580676763,1,,41103.587803195995
USR-11318,,793,5,67836.86994522576,1,59434.10036775039,72616.43101995582
USR-11319,36.0,392,3,49388.95600817895,2,24880.296893472274,49196.51598268832
USR-11320,36.0,653,7,26345.656468423836,1,75043.37311732606,27058.169886932275
USR-11321,37.0,811,7,620741.9058467927,1,90963.87962941651,650815.5131009573
USR-11322,47.0,571,9,29046.887538323295,2,77712.14091244302,31204.601739350008
USR-11323,63.0,385,2,74650.7804196873,1,93914.79851413556,76652.18651635348
USR-11324,24.0,735,6,31010.24437839772,2,51929.94001369886,33392.09345528098
USR-11325,36.0,570,7,,2,27482.661952754137,
USR-11326,23.0,723,6,81588.4567705387,3,20790.442352340066,86544.29205356492
USR-11327,59.0,622,1,56516.52027020344,1,105398.70327080495,60237.767165335084
USR-11328,33.0,401,3,439059.19680904306,1,55525.94810920926,462533.82827003987
USR-11329,28.0,458,2,64682.97424595875,2,40140.35880329348,67879.93110322567
USR-11330,20.0,561,5,49438.90615700203,1,103103.31969673341,51716.00372100061
USR-11331,27.0,719,7,50045.441920689445,1,71344.32814306818,52963.99743008439
USR-11332,85.0,301,7,65597.04974438013,1,109382.12939670263,69585.1818753167
USR-11333,56.0,442,2,862.6668387122918,1,61270.33017021327,515.4707886026863
USR-11334,37.0,390,8,42065.43366276592,2,120958.27645101806,44724.79743077623
USR-11335,65.0,801,7,59453.929309142295,1,,61985.09241491793
USR-11336,31.0,673,7,,1,148709.61393548385,
USR-11337,50.0,550,7,44961.95515134194,1,93298.91004755805,47076.94867957165
USR-11338,32.0,532,1,,2,97415.35181097956,
USR-11339,46.0,733,7,60677.139020985735,1,85221.10556867994,63433.98657227611
USR-11340,25.0,480,9,38365.042633415265,2,96847.00022584104,40567.62778016615
USR-11341,40.0,595,2,63328.31060749291,2,143520.96347638872,65546.0509222944
USR-11342,,469,9,40979.446596378475,1,46160.16625520181,44255.035556012255
USR-11343,37.0,594,6,43765.344973043655,3,93671.97696082783,45830.59396089855
USR-11344,48.0,398,8,58679.85296054909,4,60598.043848994326,62479.284968124855
USR-11345,27.0,634,5,82190.52891027817,1,101999.57372395645,86215.08890088386
USR-11346,35.0,726,8,,1,59761.5252851847,
USR-11347,32.0,564,7,71091.27492145599,1,60150.017230984544,74990.97600593165
USR-11348,83.0,304,6,43091.96983399989,2,,43971.55248307939
USR-11349,29.0,726,9,67658.80672627775,1,,68527.32412578393
USR-11350,31.0,369,0,43731.893393395134,2,131053.21356847056,46523.17415325034
USR-11351,33.0,777,9,38183.83850341843,1,55182.556890171596,38481.37229852671
USR-11352,26.0,435,3,72243.75477117115,3,35041.10742789212,77035.2519356862
USR-11353,50.0,668,6,67537.9686844273,1,56325.96635235329,71009.19298851941
USR-11354,51.0,498,0,47374.34005043141,2,,49836.72047699241
USR-11355,34.0,612,1,83122.91718774554,1,29223.320026173285,86994.90492377592
USR-11356,26.0,487,2,60881.72956680328,1,,64155.72850717735
USR-11357,64.0,657,5,42544.942126852184,2,47400.10561219512,42797.454979431575
USR-11358,,756,2,59558.705291204904,3,93450.64798468763,62362.10100766115
USR-11359,19.0,573,7,26634.43669564156,1,137401.94091848325,28581.55189280551
USR-11360,47.0,709,1,27027.4400524466,1,23578.84424257492,27964.107678793225
USR-11361,,826,5,65711.74284831625,3,83541.68411298201,67862.57626051802
USR-11362,63.0,564,3,,2,97385.66645011642,
USR-11363,51.0,431,4,53717.431694356106,1,45884.773906833434,56127.73972529982
USR-11364,60.0,626,0,56400.632793781806,1,122132.60838210907,59425.66078549587
USR-11365,85.0,505,3,,1,122537.16378426041,
USR-11366,45.0,400,9,20210.03835620517,1,27156.090452802713,20115.541736023348
USR-11367,30.0,514,9,87270.49015143729,2,66155.12516408932,93596.22703441746
USR-11368,53.0,729,1,34808.82816724514,3,57536.75783457058,37591.664221494946
USR-11369,30.0,417,3,45832.5998458681,1,113673.76318969112,46945.89871814217
USR-11370,37.0,670,2,0.0,2,129568.0505736872,1559.173188915385
USR-11371,25.0,821,1,32649.11174795988,1,84569.9742174604,34998.22826008069
USR-11372,54.0,406,9,58110.20813890866,1,70642.57861412701,61514.63501889099
USR-11373,32.0,583,5,21449.432237949513,2,115838.78030152815,21350.0799579775
USR-11374,23.0,557,7,47096.08426180294,2,131323.64647036017,50444.46562754726
USR-11375,33.0,669,1,32556.622132872682,2,125859.44323889392,35490.568707126935
USR-11376,46.0,785,9,53329.04994495175,2,139576.8174711936,54216.77353545527
USR-11377,50.0,446,2,48658.0462987577,2,49512.320598209786,50715.32969279266
USR-11378,75.0,702,1,23163.09045459675,1,99550.31338223355,24432.217634624718
USR-11379,34.0,454,6,84730.39480819841,1,59943.8762836612,88033.24592951493
USR-11380,35.0,552,3,547260.094897416,2,103310.98376864602,574093.894168365
USR-11381,32.0,615,3,,1,102300.11866992463,
USR-11382,60.0,735,8,56779.32070451703,2,147880.3865529691,59606.66651724703
USR-11383,22.0,843,3,,1,86758.87960825757,
USR-11384,,523,5,16933.387301722956,1,32528.53489450094,18513.281987782746
USR-11385,43.0,572,0,50360.176831067525,2,128475.7661565608,51817.131100769984
USR-11386,21.0,663,4,85233.14158769374,1,113709.07586695394,88841.03350481835
USR-11387,33.0,627,1,62879.65132819606,2,86237.9360832551,67785.61947032443
USR-11388,59.0,799,2,51525.56838751901,1,91938.71432863483,53936.347440769976
USR-11389,38.0,686,3,42532.84507855867,1,149900.37309884132,44875.075740836546
USR-11390,21.0,405,9,53236.728588450555,2,,56554.58828266041
USR-11391,40.0,586,5,46943.0265851385,2,102194.26388035482,49168.538052102966
USR-11392,36.0,370,9,56208.25929572146,1,107398.64440458865,58714.617029423134
USR-11393,78.0,327,1,54602.82598851357,1,81173.43008360325,57736.43872354193
USR-11394,30.0,837,9,44954.90851805841,2,57638.113590739566,46789.297734783235
USR-11395,42.0,715,4,44492.87416889759,1,132184.47651037903,46924.650675966746
USR-11396,31.0,567,1,31797.9366343361,1,107762.24574182111,31956.851502553
USR-11397,43.0,438,6,65505.20374189669,2,81654.04728002721,70181.19836212494
USR-11398,29.0,543,8,59059.13539193911,1,140255.65886075876,62511.175632529616
USR-11399,45.0,631,5,44996.89755899076,2,,47750.94267723691
USR-11400,33.0,571,4,92583.54499310076,2,33495.7968056586,97426.16717309345
USR-11401,24.0,442,6,59895.42411110215,1,80136.2224810221,62955.500562382986
USR-11402,68.0,455,3,42172.800185565415,2,42360.797470769,44377.65093950464
USR-11403,64.0,391,9,,3,114970.1824629192,
USR-11404,40.0,802,6,67229.87595724346,2,25476.13706524627,70829.40029793167
USR-11405,31.0,408,7,41017.90184755943,1,133024.17939603588,43678.93180361623
USR-11406,26.0,405,6,83989.38040603402,2,110008.201049884,88191.48599966687
USR-11407,45.0,658,6,,2,69788.77138294806,
USR-11408,51.0,505,0,52651.66795041232,1,65839.76458957233,53719.1553932304
USR-11409,55.0,591,6,65734.59114057619,2,,67959.67279683304
USR-11410,38.0,637,4,34598.684128143825,1,71913.47014856152,36765.63274787412
USR-11411,54.0,688,9,69990.08896968309,1,,73382.26338693751
USR-11412,51.0,611,1,19227.34393441136,1,60904.593340310974,21736.057220947274
USR-11413,67.0,613,0,60387.44459310016,1,148463.7911926568,63836.70825855531
USR-11414,31.0,648,1,40100.92980797335,3,129455.01515326937,42736.35195791152
USR-11415,,584,0,30604.322445808724,1,129177.5421544999,32596.337986752253
USR-11416,21.0,718,3,35585.40717196109,1,55186.13910200842,35989.24821039969
USR-11417,75.0,557,4,29547.638698247836,1,64990.05756165692,31494.939517775212
USR-11418,84.0,370,4,,2,108477.62956593881,
USR-11419,29.0,778,0,,2,115470.72186239313,
USR-11420,23.0,528,5,46009.7607091253,1,144058.50474713618,49015.62547484798
USR-11421,65.0,718,8,52058.60949141211,2,49642.65607419667,55179.859862807556
USR-11422,28.0,829,1,71418.89437727851,2,104036.38728017683,73589.57176360735
USR-11423,32.0,782,2,39394.45660147661,1,25954.56039476957,40058.256014845465
USR-11424,21.0,689,1,84583.65826987223,1,133671.57014891098,87867.36542451162
USR-11425,85.0,527,0,,2,130682.73661304306,
USR-11426,43.0,302,0,37336.61830398266,1,106857.37417371265,40202.00508616138
USR-11427,31.0,310,8,73188.09567110085,2,50658.02942879104,75874.84353288612
USR-11428,55.0,517,4,,1,56113.285535335985,
USR-11429,21.0,338,2,56136.74818325101,1,133446.34860181442,56523.22769765426
USR-11430,36.0,769,1,83646.41260535776,2,141719.81654749002,88000.8603630987
USR-11431,36.0,821,4,54100.443791609134,2,124421.43871852077,58071.43859329516
USR-11432,24.0,448,0,,4,53927.436064018075,
USR-11433,51.0,426,1,43149.23446526662,1,37274.96195270589,43943.40606905507
USR-11434,26.0,808,8,18102.454750673503,2,131545.84072544408,18816.479450203882
USR-11435,29.0,809,8,86113.73512129387,2,81557.3366885985,88786.78586191847
USR-11436,25.0,702,8,82594.71914756211,2,90849.45289242837,87132.36230500309
USR-11437,41.0,814,7,,1,104487.74227890129,
USR-11438,55.0,582,5,1689.42528048424,3,139178.83453658904,628.8435460332939
USR-11439,55.0,550,3,24528.55322353599,1,113212.45826667637,24790.77147457558
USR-11440,21.0,754,2,5409.237463068639,2,30787.900512941946,4592.701367037373
USR-11441,45.0,687,8,46633.88730327646,1,136588.23527309447,47148.72718905586
USR-11442,22.0,394,8,73021.72204573489,3,59479.95572745189,77063.88765730095
USR-11443,21.0,451,3,,2,120475.83657474672,
USR-11444,47.0,633,9,53671.55260075787,4,77080.14699279884,56705.62255355744
USR-11445,40.0,419,7,38676.63398794927,1,95915.08787522315,40385.97493929756
USR-11446,39.0,810,5,24167.651098411032,1,116068.20921022161,26334.77366488176
USR-11447,,399,8,109473.79197853716,2,95438.29419321138,114644.62644760586
USR-11448,25.0,764,8,41211.43342911583,2,63951.903564421664,42892.76630519014
USR-11449,34.0,790,9,,1,77727.55008034359,
USR-11450,32.0,826,7,,1,34182.476617799504,
USR-11451,28.0,566,9,44343.16852023819,1,62446.69372245551,47091.75041512377
USR-11452,24.0,748,9,57602.51543196209,1,107822.18537762242,60505.49025475239
USR-11453,56.0,545,1,44856.938089494724,2,20208.117710249848,46231.15345314421
USR-11454,22.0,496,1,32385.38237100963,3,35755.68275306937,34961.78323294375
USR-11455,36.0,791,9,,1,,
USR-11456,33.0,318,6,10310.656111816163,2,139280.04042923602,10575.076580778023
USR-11457,41.0,703,6,60829.95115316667,4,62617.641197112214,63146.96804347299
USR-11458,80.0,783,2,71841.52756744818,3,36548.20882386276,76219.38959100119
USR-11459,53.0,386,5,57985.81326625758,1,94079.03966509472,61402.82250769415
USR-11460,44.0,600,7,,1,47364.823620900745,
USR-11461,64.0,431,2,70981.42620861375,1,81222.4762430522,73351.34267629987
USR-11462,29.0,574,4,52668.57183227103,4,110967.08797333004,55285.14597564945
USR-11463,33.0,769,8,57196.40037867166,1,111980.34060316351,58971.74937439037
USR-11464,34.0,549,2,48346.77481851159,1,,51561.88763289272
USR-11465,84.0,450,9,33778.24939010391,2,32485.474584562646,34930.15380041516
USR-11466,28.0,632,6,,1,88863.64264601136,
USR-11467,50.0,582,3,101662.98462187988,3,95340.77213715402,106059.5311736095
USR-11468,38.0,608,6,34733.68168326708,1,,36864.23961029282
USR-11469,32.0,352,8,56511.53802668813,4,,58828.148579986155
USR-11470,36.0,560,5,23791.14539052477,4,88822.36012508623,24626.232787847308
USR-11471,28.0,443,9,76461.54596136734,1,59667.338664284114,79644.13005551844
USR-11472,20.0,670,1,66344.31581751304,2,57713.66442688383,70887.95053134586
USR-11473,58.0,310,9,39726.20391304881,2,66427.46276047858,40926.818841680106
USR-11474,47.0,551,8,51396.591045371664,1,123693.96452740766,54140.24979870763
USR-11475,62.0,739,5,48904.91016009508,1,137363.8358238305,53092.47182612775
USR-11476,24.0,407,9,67606.7213505515,2,141614.03802617226,71071.67537023856
USR-11477,37.0,540,5,56228.77664298628,1,145135.5179846862,57745.56926961911
USR-11478,31.0,686,8,406094.3397669677,2,52077.8169021855,425460.19239260984
USR-11479,25.0,838,6,45690.26466697278,1,97036.08210706114,47550.41898022886
USR-11480,26.0,777,5,20137.94490737472,2,100992.92989290241,20966.03048485669
USR-11481,20.0,550,5,,1,83004.58042894804,
USR-11482,20.0,697,6,81481.9386271718,2,133023.1022133667,85602.3219103762
USR-11483,48.0,601,1,43159.92994895722,2,99847.44112129131,44651.88994171158
USR-11484,43.0,574,6,48356.78549458269,2,127475.35194606756,52368.009411763196
USR-11485,45.0,477,5,,2,143679.7974687257,
USR-11486,24.0,812,4,60943.40175788463,1,135915.57539457615,62199.20069956689
USR-11487,42.0,742,8,31544.195858702136,2,138204.49905682047,34152.23581759092
USR-11488,54.0,654,5,84459.19586550846,1,100045.3267257055,90092.8348597155
USR-11489,26.0,337,7,77444.96174968043,1,128051.479323847,82505.35944269897
USR-11490,74.0,577,7,66770.37738930236,1,54387.38518717739,70579.71451051468
USR-11491,26.0,429,5,75636.35585025755,2,39680.73087217189,79207.76496760437
USR-11492,50.0,795,2,21719.787462016437,1,,23266.331122087107
USR-11493,30.0,632,1,36050.922703153934,2,,37442.61359702063
USR-11494,26.0,816,7,57612.69616182771,2,31192.044451991656,61512.04160103996
USR-11495,34.0,620,8,40387.91248018296,2,104455.24588046448,40760.51540919339
USR-11496,46.0,702,3,41979.38752248177,2,63366.08168387154,43888.384996862915
USR-11497,83.0,499,8,71513.61956644538,1,131451.02522394707,76461.21165154822
USR-11498,38.0,557,6,39314.354960808785,2,47639.15341120238,42057.52459249142
USR-11499,29.0,652,0,59930.18205211972,2,130837.79322769528,62067.73051221252
USR-11500,48.0,801,2,77026.3182963354,2,73731.3603400999,79805.86644326773
USR-11501,29.0,337,0,53682.0017256067,3,100516.09588735827,55496.99615669676
USR-11502,40.0,781,8,39283.95611694013,1,125488.46208224291,40612.494884733795
USR-11503,54.0,578,6,79652.89150221538,2,52591.494138051625,83311.25079759124
USR-11504,46.0,584,9,,1,30692.838554273763,
USR-11505,38.0,359,4,54603.86576493359,1,25590.96714808661,56340.162421292494
USR-11506,29.0,647,4,63492.15815745722,2,49724.435911230015,66052.2521827987
USR-11507,28.0,340,8,31217.992144523785,2,140196.04438982025,32821.77981764552
USR-11508,49.0,800,1,,2,54123.820084153725,
USR-11509,30.0,740,7,67933.2060023444,2,124961.23666633027,72440.97726037036
USR-11510,51.0,718,3,66462.51666851036,1,104596.74427563664,68877.79774889411
USR-11511,40.0,609,6,61700.30256929828,3,,65414.97273701808
USR-11512,39.0,531,0,,2,35310.88855754862,
USR-11513,64.0,421,0,47326.00270026078,3,,47874.96087288535
USR-11514,70.0,625,3,,4,37011.389421130225,
USR-11515,62.0,423,1,11842.705591046906,1,37986.28624440766,11751.671140681068
USR-11516,42.0,678,2,102432.79953639039,2,111145.28985943334,107425.90999168325
USR-11517,66.0,694,4,48195.47141232683,1,29520.76663995904,50006.05171366361
USR-11518,31.0,646,1,22335.967261331847,2,141733.69237380975,26814.8934560306
USR-11519,,787,7,,1,96210.91293686471,
USR-11520,60.0,655,2,38946.11007945833,2,95510.32158778707,41881.25129652542
USR-11521,20.0,796,0,,2,,
USR-11522,38.0,418,6,5382.945174349254,1,42024.05328199646,4572.608289208441
USR-11523,21.0,701,5,,1,117063.69075446186,
USR-11524,30.0,309,6,65856.75552674847,1,136994.93504707914,69540.12746543522
USR-11525,36.0,545,4,5786.82746542371,4,132259.8153583125,8011.507338387045
USR-11526,30.0,555,8,40322.1542962072,2,42280.26997054304,42176.02800985475
USR-11527,36.0,677,4,13436.6747765404,2,44252.509445063384,14240.745015027198
USR-11528,28.0,450,6,,2,107538.53295973479,
USR-11529,22.0,595,7,62487.95352674721,1,76347.23445617018,65702.6370248466
USR-11530,38.0,309,5,,1,96747.76984006734,
USR-11531,27.0,715,0,60720.21301800864,1,149488.11207482655,64384.24675797988
USR-11532,26.0,370,1,48479.451119792204,1,,50699.178568907075
USR-11533,64.0,680,7,62836.961803435435,2,75304.41001346667,66313.5908378933
USR-11534,33.0,638,0,35204.991088972696,1,67996.8083957399,36686.655782672766
USR-11535,31.0,769,6,37658.84586587244,1,98366.64514284558,39058.37491390328
USR-11536,25.0,424,1,68955.00679072234,1,84433.52562132567,72404.97316591165
USR-11537,50.0,562,6,,1,93410.02977507563,
USR-11538,29.0,600,0,42573.68137921797,2,131631.6229361272,45989.453368857015
USR-11539,77.0,809,0,,1,106991.16583564958,
USR-11540,43.0,647,8,40823.01012264396,1,97856.916502911,41941.34255674091
USR-11541,34.0,676,2,46827.40080823805,1,47709.60597747383,48261.17185571907
USR-11542,40.0,683,7,48241.84608655058,2,110070.2933383295,51150.7742707422
USR-11543,32.0,715,3,37421.51156253925,1,68379.55755063792,37374.67799764907
USR-11544,47.0,670,6,90140.29555230746,1,83000.08131238254,94418.81504231838
USR-11545,85.0,339,3,,2,110003.82860375525,
USR-11546,29.0,554,1,61215.521338517545,3,26886.383355202997,64577.23549510574
USR-11547,23.0,638,8,75369.39710209638,2,83398.56961083386,78386.10939365524
USR-11548,27.0,625,8,58913.796980190506,1,,63147.07230400578
USR-11549,39.0,650,5,53037.54254948157,2,64550.04684537062,54424.728576006746
USR-11550,62.0,714,2,57405.50982714427,1,135340.45935988775,60474.35887432555
USR-11551,34.0,791,4,74344.40459058332,1,120156.25818879325,78914.26043850213
USR-11552,33.0,342,9,16199.385647454917,1,96190.32074464872,19019.094219400624
USR-11553,54.0,779,6,32260.236139660756,1,47011.46173801779,34943.816897990175
USR-11554,25.0,382,8,53631.55061293501,2,53451.7878678508,55511.706723491516
USR-11555,84.0,724,3,45678.9014898665,1,96660.03018623574,48104.73354284669
USR-11556,42.0,829,3,83492.04766904032,2,92656.69506938574,86317.77037967704
USR-11557,61.0,485,1,66156.73541840416,1,52613.842724610106,69359.70093342713
USR-11558,47.0,310,3,24575.27137535183,2,140996.97815096684,25010.342612681612
USR-11559,53.0,845,5,26766.655395941274,1,,27557.323955315624
USR-11560,42.0,775,2,70211.42087860299,1,117991.09228191033,74876.68905463238
USR-11561,31.0,699,5,30818.595962243537,1,126717.52348201528,30645.190009559916
USR-11562,44.0,357,6,43591.49129560284,2,39636.21647347664,46008.86656187046
USR-11563,61.0,637,6,26911.497981106346,2,85002.26779621717,27480.534532840287
USR-11564,51.0,576,0,48209.086853412184,2,142773.29522045038,50654.99061822068
USR-11565,40.0,735,3,36476.01936043352,1,120792.52740450566,39095.68128400091
USR-11566,66.0,708,8,19656.368151116356,4,99279.76556063883,21064.855561273165
USR-11567,44.0,600,8,,1,26256.733414357757,
USR-11568,29.0,767,4,41073.119264382825,2,,44099.84194832872
USR-11569,20.0,381,7,34760.59232285904,1,53764.356095701914,37522.30923254631
USR-11570,22.0,555,4,61167.94516866715,2,48966.4075546503,62942.86492441424
USR-11571,36.0,835,1,63142.37720151697,2,91672.28480316415,65351.489834269545
USR-11572,46.0,524,5,73623.70447741466,3,,77239.34920994275
USR-11573,47.0,642,1,35957.12801925287,1,78312.06246636633,37373.73847929222
USR-11574,26.0,461,2,61429.02145908936,3,43934.38840235321,65308.01516167881
USR-11575,35.0,517,5,39209.25594677372,1,121404.22480556175,42140.945797293025
USR-11576,61.0,669,3,15346.652817466493,1,101924.98450054422,16799.033950863657
USR-11577,76.0,702,2,42110.88751880528,1,140022.38801656256,44549.08624590802
USR-11578,36.0,705,1,25125.836660753317,2,134456.66732839536,25741.96863474561
USR-11579,66.0,782,9,82344.6759302429,1,47155.566234355705,85930.85351561374
USR-11580,33.0,557,4,71379.01849791624,1,91504.84682638869,74808.3063657265
USR-11581,45.0,756,1,,2,46959.08182362233,
USR-11582,31.0,812,3,52887.078535414825,2,126889.3633776072,57260.457408156246
USR-11583,37.0,301,2,64487.300521420766,1,45852.43708538493,66624.07411837505
USR-11584,58.0,708,3,73260.13745639149,1,32422.06419973296,73545.69719894665
USR-11585,68.0,828,0,59641.111984408286,2,94634.19515270815,62770.751120873116
USR-11586,37.0,762,3,66313.9272908051,4,111291.5152909315,67659.81933783209
USR-11587,27.0,435,8,80471.11075824287,1,57263.7767383707,84680.44099684822
USR-11588,45.0,558,8,62798.19035612655,1,26387.92818359906,63977.44001566702
USR-11589,33.0,344,1,51514.43848177395,2,88691.86877124086,52567.31072460872
USR-11590,63.0,347,0,71081.50200486071,2,129589.34850609307,76357.45235284402
USR-11591,85.0,678,5,59704.06936720635,2,,62341.157828882584
USR-11592,25.0,487,2,,1,25095.183631533026,
USR-11593,60.0,358,6,59131.11793810729,1,56661.170914694514,62419.051825353476
USR-11594,21.0,616,1,79991.80384064649,2,134162.99162948664,85496.67685708735
USR-11595,26.0,409,9,19262.604474283205,3,,20080.834160776445
USR-11596,20.0,323,5,71120.35756085417,1,,74419.77835213878
USR-11597,21.0,473,8,45610.66825436249,1,143505.04215982085,47791.28691962928
USR-11598,52.0,415,7,37485.14559425204,2,106202.03588580352,38878.36134855048
USR-11599,47.0,450,7,59489.58605299955,2,31101.875370748006,61217.17992376702
USR-11600,26.0,797,6,987.0014266853759,2,63770.65474936484,857.7388067035099
USR-11601,42.0,719,5,,1,49675.94744810213,
USR-11602,28.0,696,6,30987.84534011326,2,100543.0262283412,32995.708813636054
USR-11603,35.0,667,6,29105.2103950608,2,128455.3661076453,31107.52996734301
USR-11604,78.0,417,3,,2,87057.5875820721,
USR-11605,28.0,433,2,47847.457635201186,3,82937.15080087415,48179.82818814538
USR-11606,36.0,322,9,366220.7179296278,1,85865.23546975566,384979.96499052405
USR-11607,62.0,436,4,44823.01765444142,1,37134.101468473564,48339.923387597824
USR-11608,32.0,556,0,66582.5050497824,1,136678.6881655592,70091.57397940544
USR-11609,22.0,552,6,55756.94091506885,1,57874.10127641346,58042.02416020624
USR-11610,21.0,628,5,,1,98943.61648541679,
USR-11611,62.0,820,5,,1,91341.63327470461,
USR-11612,47.0,792,3,75296.06713650154,1,145113.94886769864,78697.9268085397
USR-11613,22.0,667,3,,1,32904.90383894913,
USR-11614,26.0,760,6,16984.69850188595,1,66907.91926471566,16638.513069372282
USR-11615,48.0,377,0,54382.76810269876,2,148312.57467896823,58262.41108907648
USR-11616,35.0,573,2,42164.684772399545,2,85356.08286584518,44269.54873839662
USR-11617,28.0,431,6,72912.76843307255,2,36517.09053890098,76082.78897826209
USR-11618,29.0,545,6,46364.15964824649,2,147682.89569999662,48823.28459959289
USR-11619,85.0,444,1,50372.6512113355,2,43973.42938988864,53415.7398433384
USR-11620,49.0,636,4,87211.81642067649,2,85239.16365546403,89241.45747885472
USR-11621,43.0,808,8,82063.88850546913,1,79145.30198985076,86627.09085963793
USR-11622,39.0,819,4,,2,127758.49868473869,
USR-11623,29.0,843,2,33449.803338675585,1,82459.01832151506,34377.41426709886
USR-11624,22.0,672,4,31733.801045984306,1,113807.69921612837,34180.73996054644
USR-11625,26.0,636,3,17638.194287138205,2,100493.61482180699,20340.237718745306
USR-11626,54.0,531,6,51377.45591362504,1,148617.60814838368,53457.13976730444
USR-11627,47.0,805,3,23481.993684753783,1,106060.36266699212,24529.90425350204
USR-11628,,746,8,40210.625676672,1,47100.424103194986,41502.86595629284
USR-11629,85.0,546,9,39769.08660758713,1,78461.36467640859,41297.96078541409
USR-11630,40.0,346,5,36255.70540267895,1,50681.20091081913,36535.68763775386
USR-11631,70.0,351,5,22616.054965857198,2,35033.38378911949,23859.826192945366
USR-11632,37.0,808,6,,1,118947.23704483459,
USR-11633,18.0,697,8,28514.828777968964,3,91662.19903588986,29613.25837355983
USR-11634,45.0,364,2,,2,87080.48441833312,
USR-11635,,579,5,75646.85003730087,1,52548.91206969491,80743.5962059217
USR-11636,22.0,451,3,50967.205659667765,2,77772.47130344418,51668.18966358984
USR-11637,31.0,516,3,59877.30503868197,3,117313.42685951621,65232.54573352028
USR-11638,34.0,551,5,,2,79097.53761472751,
USR-11639,27.0,465,3,9911.203325811548,1,45950.756100153936,8497.7710146379
USR-11640,40.0,674,6,19709.967423741895,2,127917.08660323509,20050.579710240112
USR-11641,27.0,790,8,55165.31263992895,3,101416.41881493693,57728.94538752076
USR-11642,54.0,378,1,,2,116130.02440182981,
USR-11643,29.0,848,8,54003.4624110756,1,20025.847636939292,58308.003265373416
USR-11644,65.0,678,0,67383.77360849563,1,55942.99795378198,69447.21563501765
USR-11645,34.0,628,3,54181.99458362002,1,84687.2789082528,55523.9636636868
USR-11646,27.0,499,4,34929.00317107846,2,,36949.597204117104
USR-11647,41.0,523,8,,3,32165.736711830898,
USR-11648,37.0,412,9,37887.004962953295,2,36738.00757501183,39389.851948070296
USR-11649,29.0,376,2,80353.54438586273,1,,82662.52149372829
USR-11650,38.0,714,7,51891.1705047303,1,47104.25289962171,52442.489752264075
USR-11651,79.0,845,0,,1,65953.72797976952,
USR-11652,27.0,520,5,29686.831519879554,2,,30747.274380374147
USR-11653,24.0,525,0,26326.61486632265,1,73037.71781236018,27407.763708212045
USR-11654,25.0,312,5,53938.43566546671,2,69506.20418130537,59367.57570633271
USR-11655,53.0,596,3,30396.289587620966,2,70637.78701351512,32318.286154757323
USR-11656,40.0,380,1,52826.93246887671,1,22045.778238421764,55383.71539614829
USR-11657,25.0,808,1,56726.584716981844,4,110878.80476297918,59371.79526358802
USR-11658,47.0,429,6,38942.024733148086,1,23458.000702462006,41662.46996940736
USR-11659,33.0,667,0,14104.823449756623,2,57748.96476277326,12839.919288798557
USR-11660,53.0,345,9,22909.030493719827,1,127577.98539494467,24173.46718542728
USR-11661,29.0,741,3,39393.42930548759,1,,40928.849987631525
USR-11662,34.0,359,9,28479.33138270469,1,,30849.101245576963
USR-11663,68.0,451,0,51737.49637212901,2,44634.39927380062,54658.300833595255
USR-11664,19.0,685,8,27937.584161527524,1,64042.87627295158,29573.69885152442
USR-11665,21.0,809,8,50631.25719583603,4,131747.78305167286,52140.35985835329
USR-11666,38.0,667,3,24076.187404678847,1,50611.70991181111,26102.058657904614
USR-11667,56.0,561,8,57037.747135261336,1,131111.7442751706,60055.03612857836
USR-11668,31.0,399,2,42449.12074795645,2,134018.57833309146,43710.24087805226
USR-11669,68.0,822,5,28238.18761122248,2,47709.16433393497,29216.79220903935
USR-11670,35.0,778,7,56205.35699476337,1,82843.55154051879,59239.312578181816
USR-11671,33.0,570,7,71764.89621268857,1,57846.501349079634,74980.95348997004
USR-11672,29.0,548,1,35365.21807126388,2,43887.70178597796,38231.647633517234
USR-11673,28.0,763,5,58450.72299669509,1,144950.36272654287,62910.96996645755
USR-11674,55.0,833,6,104133.98083456946,1,70459.5806538114,109393.17659062253
USR-11675,24.0,705,6,49635.73573541494,2,54348.44574216794,51970.8834207158
USR-11676,54.0,342,8,32329.54286441265,2,,33318.367437547146
USR-11677,61.0,368,1,77931.04592565451,1,,82270.72634481151
USR-11678,62.0,809,8,24832.287489502418,1,76315.61627592138,27041.07260015393
USR-11679,51.0,748,1,15568.741838908529,1,45520.64318104912,17809.20661924345
USR-11680,41.0,710,0,,2,24468.980557193558,
USR-11681,56.0,442,3,20069.114050552143,2,138156.485459806,22472.067413414654
USR-11682,47.0,621,3,22764.87741743267,1,95986.4568997642,24998.716420932826
USR-11683,59.0,580,7,45088.74681370838,2,,46770.76103070158
USR-11684,31.0,563,6,55893.33936586909,1,21113.25092070513,59712.40793684834
USR-11685,48.0,572,6,50124.08747333699,1,124210.80264889049,52371.212836862585
USR-11686,30.0,834,1,,1,122651.20237111562,
USR-11687,33.0,634,1,36124.63986964904,2,58061.054166345755,38239.1525447175
USR-11688,46.0,604,0,71216.9407281086,4,48454.947522795585,74611.25770437618
USR-11689,54.0,844,4,30132.770670884896,2,113662.75558972279,30392.852174314194
USR-11690,28.0,370,6,20211.77730971123,1,45137.55108571352,19815.867808073403
USR-11691,48.0,597,3,17846.62880396682,1,,18932.78427497301
USR-11692,33.0,776,6,37997.18426344662,3,33036.283595605666,40044.02566636959
USR-11693,61.0,776,2,68042.88674043935,2,126520.22034044817,71647.48411862209
USR-11694,32.0,788,0,56360.08269882314,2,126016.34797932736,58007.1394376262
USR-11695,34.0,559,6,650763.2675234955,1,127299.562350301,684852.5727360644
USR-11696,63.0,732,1,66720.67764678011,2,138698.49237305028,69622.86637465298
USR-11697,22.0,743,8,66112.80948437809,1,119808.25521920183,69088.071350345
USR-11698,35.0,487,1,17514.9366000078,1,26810.612638447838,18614.652227974137
USR-11699,43.0,645,1,36124.3290143105,2,27659.166917272785,38957.66333798359
USR-11700,23.0,583,4,27829.412621943182,2,24142.33613408408,28151.755371056526
USR-11701,38.0,570,6,40625.53570512347,1,135972.04558483843,42677.37948098241
USR-11702,39.0,542,0,44749.33481696558,1,149779.0928181398,46132.04227833963
USR-11703,56.0,567,9,,1,65163.067341208036,
USR-11704,41.0,723,0,,1,28073.936499430856,
USR-11705,27.0,325,6,51792.36363840731,3,71816.48667215712,53334.609066060366
USR-11706,32.0,410,5,59580.7499493377,1,148406.16413423544,61815.595180768934
USR-11707,51.0,808,4,36807.64546287371,1,69651.40666506893,38988.5560906073
USR-11708,27.0,390,6,26207.203086901147,3,139153.59345484572,28570.511285619883
USR-11709,23.0,574,5,67440.04035216996,3,83594.06241556945,71038.76080909387
USR-11710,29.0,780,9,45320.95710265453,1,48921.86973148055,46478.073287914965
USR-11711,41.0,450,2,69221.33773035237,2,37576.59180939988,71877.8237711807
USR-11712,35.0,591,9,37150.100243206805,2,44112.151713558895,38695.01971443039
USR-11713,56.0,471,4,71910.42604140479,2,148947.81309305457,75323.63877060016
USR-11714,40.0,817,9,64426.12119326598,2,126755.12911800279,68751.66777193191
USR-11715,24.0,726,6,64274.260554098226,2,86520.47690635029,68250.01515697442
USR-11716,20.0,412,9,55886.45887246138,4,145437.20060756782,59565.09081402041
USR-11717,65.0,683,8,41544.349664525624,1,69291.95447360945,43613.921476531796
USR-11718,32.0,648,3,48267.495471895214,1,,51489.61419824924
USR-11719,72.0,345,1,33674.80424216468,1,111985.30684895975,36947.486901370845
USR-11720,39.0,797,8,55941.99083747126,1,51487.3718994399,59027.136938089585
USR-11721,23.0,592,4,47449.300529968845,1,,48909.89208230929
USR-11722,42.0,794,5,47835.87852224364,1,102847.62496483795,51227.07353669795
USR-11723,62.0,783,2,81739.31343230137,1,27352.646252543047,83848.81631724737
USR-11724,29.0,699,6,44244.52795947721,2,118138.12073776334,47766.11872031991
USR-11725,42.0,790,0,28178.492133345102,2,89022.36740631961,28874.316430059538
USR-11726,43.0,389,4,75164.60422594784,1,105435.37770012896,79439.23961369757
USR-11727,,379,3,46113.80907679667,3,,47985.843593317826
USR-11728,26.0,455,3,82247.51585294951,2,95218.26137229548,86368.58854169578
USR-11729,22.0,367,0,435600.5806343838,2,108990.20624465478,457095.4195660933
USR-11730,27.0,389,6,72115.58315805002,1,100366.6429481575,77128.79319887252
USR-11731,37.0,836,4,59888.957628000164,2,29379.527280690178,63511.14195642918
USR-11732,29.0,583,1,38876.76370217482,1,116553.56006838578,41206.292223986384
USR-11733,85.0,772,9,48215.15292470472,2,122941.00933606023,50889.1954998347
USR-11734,41.0,613,4,51597.70739792982,1,52421.50310221639,55486.4114850074
USR-11735,56.0,778,0,47222.282025590706,1,96449.85641178199,50341.9374803125
USR-11736,69.0,829,2,,1,37600.55081719879,
USR-11737,27.0,595,4,33871.64026247575,1,119954.24799756856,34398.94686427289
USR-11738,39.0,616,7,23178.960464737036,2,58088.81451736987,25420.528524209225
USR-11739,36.0,402,6,75362.58390301665,2,,79761.67842005215
USR-11740,64.0,725,4,34838.52640790914,1,38112.93964159874,35505.646310371136
USR-11741,20.0,611,5,2195.910046435507,1,39388.84772152362,3520.421566473619
USR-11742,20.0,616,4,38642.701937967424,1,108117.77969522514,42241.329120015034
USR-11743,43.0,337,2,50719.83752361194,2,104952.40719547943,52071.879834836414
USR-11744,37.0,340,1,82086.62883153051,2,67162.21271439042,85654.97640797208
USR-11745,48.0,622,1,80820.0110664644,2,123392.71954655132,84533.62587632696
USR-11746,38.0,565,0,56904.4556016717,1,124178.41067574738,59253.40048076869
USR-11747,40.0,366,3,68081.72314649168,2,29877.506067099188,71917.79466031773
USR-11748,22.0,650,3,21451.556562885817,2,45768.1030963227,21971.512347330256
USR-11749,32.0,456,9,25701.07325121575,1,,26795.100647658684
USR-11750,32.0,647,1,43971.62677343937,1,82073.38458034741,48913.063396704696
USR-11751,44.0,538,4,27140.624625228516,2,73649.0277007829,26850.948700033525
USR-11752,34.0,519,3,37477.36734236599,1,37055.73900182417,38995.52417567554
USR-11753,25.0,633,3,66105.02243801842,2,38348.03763215666,68944.18389726992
USR-11754,32.0,614,4,52056.87554769095,2,33245.87259884079,56262.7305722603
USR-11755,53.0,312,5,68981.82227822297,1,64436.54971839628,70343.98975311128
USR-11756,35.0,810,4,45959.996687364684,2,98540.71013225202,49512.133667547154
USR-11757,34.0,507,2,62465.610646360736,1,138087.7456661436,64908.90849582788
USR-11758,26.0,705,4,37624.39394043763,2,48720.020641611336,40806.08055424804
USR-11759,24.0,504,2,50060.7190989528,1,111069.9764820296,51180.822145752
USR-11760,73.0,355,1,95634.47202611991,2,118248.11413174537,99267.16119569105
USR-11761,35.0,540,0,67453.05348037269,2,125985.79338253687,69444.67896913392
USR-11762,43.0,825,2,89395.84080325704,1,89619.56413052081,93637.8681433641
USR-11763,31.0,666,3,0.0,1,129120.1358428067,142.68112850348436
USR-11764,23.0,699,8,61939.15522407997,1,140598.73278000034,65484.18804213434
USR-11765,33.0,364,1,65599.87484383368,2,129426.58680493379,69265.60452449093
USR-11766,50.0,452,2,,1,84081.30744187444,
USR-11767,50.0,664,2,30419.376114347506,2,38234.70410411396,31828.512744582054
USR-11768,52.0,397,4,63625.81016931949,3,52362.166534814736,68562.74776730915
USR-11769,23.0,424,7,54301.522173275596,2,22086.757427227934,56245.32882068732
USR-11770,27.0,302,9,746523.0189835351,2,65890.17527915824,783846.0229395321
USR-11771,21.0,484,8,56914.369431563304,1,86157.20197515617,60350.415987554996
USR-11772,69.0,829,1,,2,58835.31343674585,
USR-11773,25.0,534,6,80371.52280869106,1,93040.80325899049,83047.77634889276
USR-11774,29.0,473,2,76112.08678414664,1,130613.680679112,81518.70250288116
USR-11775,32.0,848,0,60054.64901794429,1,45387.786554979284,61702.39225644921
USR-11776,20.0,581,2,36629.49714727052,1,54785.31062254541,40477.822850153105
USR-11777,21.0,669,0,52521.01796792626,2,143344.1742418999,54580.41681940512
USR-11778,39.0,470,0,23517.678764734108,2,40064.59199445677,25246.847070935848
USR-11779,37.0,579,9,38657.90575266276,3,121427.11513671101,43135.42637617008
USR-11780,24.0,551,6,36293.65178105137,1,117155.4046042752,37522.27905899278
USR-11781,85.0,436,7,35145.36812017388,2,37769.07663343461,38299.18920623925
USR-11782,24.0,322,9,9723.999469049566,1,106532.59711853726,10839.393803252015
USR-11783,59.0,639,7,68230.98498764352,3,72066.41981393177,72756.84382934691
USR-11784,34.0,395,9,31464.297611403563,1,141478.70554863714,31923.104113932204
USR-11785,31.0,305,9,46943.63415230266,1,133496.6514175914,49276.80483676347
USR-11786,25.0,399,0,51855.270528397436,1,75749.43535462843,54681.1588399368
USR-11787,23.0,355,7,504485.88576485583,2,21363.550854099594,530255.7989168965
USR-11788,47.0,659,9,74468.01715683212,2,108171.72864064854,76605.68812060704
USR-11789,36.0,359,6,74257.51915766587,2,111566.61174502467,77040.85712009942
USR-11790,,439,1,59076.5471449144,3,,60693.84517667001
USR-11791,39.0,426,3,68196.68761203869,3,56405.7977179096,72105.09141296809
USR-11792,,782,1,19065.06297296097,3,89602.19348752171,20134.374025429155
USR-11793,45.0,403,0,671099.9774462116,2,148623.53618402008,705253.1930510986
USR-11794,60.0,797,3,38206.29137514343,2,142472.64264034334,40355.7591648816
USR-11795,30.0,716,6,54466.296167591754,1,148092.4104752646,58887.9360185561
USR-11796,72.0,648,9,,1,104488.87764479857,
USR-11797,37.0,409,7,21921.43854617484,1,73709.47926363206,22092.206394995996
USR-11798,,542,8,6321.421459461286,1,28834.141404727736,6983.427500584936
USR-11799,55.0,589,4,37367.32205928847,2,53813.478777335644,39975.00870229773
USR-11800,32.0,599,7,,1,49878.03228671951,
USR-11801,22.0,659,1,46505.10238532729,2,44680.706353013986,49246.58037319492
USR-11802,35.0,695,3,,3,92095.61193573721,
USR-11803,,572,0,85532.16364210061,2,52770.69047978994,89744.15082105658
USR-11804,27.0,442,6,25195.31648358601,1,65922.32942274956,25542.014870423773
USR-11805,85.0,346,7,21243.524895377086,1,143297.7237711661,22260.20419250807
USR-11806,47.0,821,6,17375.080797453957,2,125471.31645275633,18871.98001745485
USR-11807,27.0,311,2,42134.56687141456,1,68998.8414712193,44343.59017082372
USR-11808,30.0,718,7,19303.26287277782,1,44385.570710200074,20635.400950221527
USR-11809,43.0,697,2,54808.76360624924,2,32883.15734593164,55182.48275581523
USR-11810,37.0,408,8,33038.85116841118,1,,36078.159970862165
USR-11811,53.0,565,8,56313.63664901989,2,105197.38738358268,59147.862914371646
USR-11812,63.0,758,8,32134.38629686645,1,56737.059761160155,32996.662462837616
USR-11813,24.0,421,5,48973.64109355789,2,75239.9919956612,50206.6932545553
USR-11814,32.0,673,2,59917.82835516624,1,112618.30068071045,62417.98638780317
USR-11815,49.0,499,4,42816.501727714116,2,75669.23798809983,44768.55028334296
USR-11816,34.0,485,8,48785.81062563761,2,119812.8799296177,50833.6714805369
USR-11817,55.0,672,7,35871.06169683968,1,46445.74044207415,37536.8726636034
USR-11818,61.0,322,2,72972.2400888057,3,21722.07607589638,77639.08095295909
USR-11819,38.0,382,1,63345.925197982884,2,66269.24659682851,65471.77213921587
USR-11820,33.0,639,5,13494.34069674174,1,142414.2543103117,14455.668850135342
USR-11821,27.0,303,3,17271.912394505376,1,83304.11413696653,18611.14229707869
USR-11822,28.0,849,8,15678.643144012756,2,103121.91105703072,16761.198190223447
USR-11823,20.0,503,4,39867.390847626055,1,69166.23178694487,43390.23915989213
USR-11824,78.0,396,0,68618.43661445146,1,32240.796883153635,73331.68109408232
USR-11825,,805,7,36654.54164244496,1,40293.8516511623,38889.90033208968
USR-11826,67.0,644,5,5359.858650847513,1,133884.3933509963,5887.247799679804
USR-11827,54.0,304,3,38377.41261635107,1,55766.59160663716,38908.069422135406
USR-11828,23.0,304,9,74541.08244095795,2,92968.86853554612,77618.48456401253
USR-11829,23.0,841,4,,2,97315.49221678941,
USR-11830,25.0,505,7,43597.69796314935,3,131160.0508316289,47104.64624816872
USR-11831,37.0,429,2,74033.65017165209,2,129319.70273046146,74930.00010177087
USR-11832,,478,0,,2,104417.20123714933,
USR-11833,39.0,505,3,,2,106566.5518587211,
USR-11834,26.0,541,0,42704.54211787677,2,121335.31388118633,45114.530178353714
USR-11835,82.0,641,7,33523.99120455179,1,70559.81696233992,34924.42787811497
USR-11836,31.0,335,9,43219.919832722895,1,136625.85241553036,45492.74690368577
USR-11837,19.0,673,8,31389.173939724118,1,70596.29039077641,32298.807244094103
USR-11838,35.0,700,0,367735.06696323137,3,130663.11028129945,385883.1127704747
USR-11839,26.0,688,2,,1,110159.80745698628,
USR-11840,42.0,655,3,52713.64887500284,1,82775.45652845936,53623.278896617274
USR-11841,73.0,592,3,19367.514610398535,2,47289.04968559676,20694.48520132362
USR-11842,73.0,736,5,66620.12572025711,1,133511.91119803226,70702.30613057863
USR-11843,25.0,742,4,76764.37971625422,1,118334.67895567823,80280.91975307863
USR-11844,37.0,350,8,73690.4492982676,3,88135.7667984265,79115.33940736404
USR-11845,38.0,623,3,56422.98313224552,1,148802.17697069456,60158.628838106015
USR-11846,67.0,547,1,37727.45959709006,1,24999.760016072865,40174.35849607627
USR-11847,35.0,780,7,63320.94083107685,1,30593.121291934705,67573.9721950413
USR-11848,21.0,602,2,67357.55471576532,2,138697.36784044898,73201.41808525985
USR-11849,32.0,533,7,57187.661552101665,4,67328.31722538406,60822.219636801754
USR-11850,34.0,345,7,41923.070489053694,2,102463.20145982236,44653.05667814678
USR-11851,28.0,534,0,64394.080449614725,3,111963.18423592222,66575.84270983604
USR-11852,62.0,690,2,557050.6104215503,2,21317.163971491947,584420.3862460273
USR-11853,21.0,556,9,57665.30850460177,2,81604.46251303607,60027.792504290795
USR-11854,50.0,720,7,37126.16075436115,1,134289.0902117946,39771.38043422782
USR-11855,50.0,526,6,15705.268714467056,1,142246.771174351,15063.709177677354
USR-11856,35.0,812,6,31420.65214054975,2,75511.41692091207,32681.527073959267
USR-11857,28.0,435,2,30107.13122361919,1,70216.67536596439,31188.860104343457
USR-11858,78.0,843,3,54602.64225965762,1,28943.75780186939,57448.10458222097
USR-11859,37.0,780,5,,2,120581.33435327603,
USR-11860,85.0,760,5,8540.117773614977,1,68996.4814721412,8561.667315751252
USR-11861,24.0,571,9,63792.548092139186,2,,67553.05118406852
USR-11862,20.0,748,1,82172.60459099384,2,106149.76546671675,85508.68327333071
USR-11863,58.0,457,9,105329.7730584821,1,69119.66042045277,110072.08988669154
USR-11864,,776,3,40607.84658483911,1,132439.87756722033,42550.30770001556
USR-11865,40.0,687,3,76834.04931743728,1,123202.01411402242,81283.43662661679
USR-11866,30.0,493,2,83953.14665920731,1,23890.803387650143,89494.9497079411
USR-11867,22.0,530,4,85087.36269328966,2,110598.98679249405,88051.8720988659
USR-11868,33.0,827,7,92128.45967472042,1,98156.56621824227,97608.53451964709
USR-11869,27.0,344,0,33772.98486737073,3,58158.61079215091,35100.22996725603
USR-11870,36.0,645,3,8221.853789877896,3,144892.3975265468,8853.942536364952
USR-11871,23.0,771,5,59842.25457636558,1,97942.41621093247,64142.91572881301
USR-11872,25.0,491,4,63100.13851431363,2,31688.46416485442,66530.42142463945
USR-11873,,519,1,20454.68339215587,1,101445.28748507157,21121.35534777089
USR-11874,50.0,504,4,59863.15707284438,4,88329.11570391935,63505.89692184194
USR-11875,85.0,392,6,58221.47571676715,2,,61153.99815290591
USR-11876,32.0,735,7,66718.80381054514,1,87762.22511618683,70431.22760319155
USR-11877,63.0,370,8,62126.120804941966,2,66806.2273067257,64650.67399630383
USR-11878,38.0,493,6,51961.45058420894,2,,54998.3065639489
USR-11879,48.0,326,4,57260.30835436047,2,,60153.06520198323
USR-11880,28.0,674,4,27227.874444607107,1,48875.44444875375,28939.73851302502
USR-11881,28.0,490,7,30332.655313748568,2,,32566.055957865326
USR-11882,26.0,802,4,,2,109170.54902617604,
USR-11883,65.0,474,0,38389.8575246269,1,39259.06007977052,40623.386352111316
USR-11884,37.0,751,4,69606.6425198534,1,86970.43581952088,73394.17494671112
USR-11885,50.0,366,2,,1,31654.013403713427,
USR-11886,59.0,735,7,,4,48159.316986648715,
USR-11887,,539,4,99260.81587003084,2,90887.31825155929,105111.94254091496
USR-11888,34.0,675,9,17560.364785485737,3,96090.47763758805,18451.35083494233
USR-11889,67.0,368,4,65958.15358369017,1,122650.86843543201,69241.9662379835
USR-11890,,317,5,56693.58399848914,1,40139.976803069396,60911.4760993118
USR-11891,31.0,473,3,25431.3973645995,1,126195.2630040572,26597.919594162988
USR-11892,43.0,659,6,36107.075618751114,1,53443.61817872914,38560.51904435549
USR-11893,33.0,781,1,28889.570923781757,1,50751.66740975563,29813.34155529071
USR-11894,45.0,499,8,48444.30069929943,2,,50806.654299546644
USR-11895,20.0,631,8,67508.53685273952,2,55100.174032872004,70713.85606681473
USR-11896,26.0,610,1,55026.08368510139,1,64813.35133765975,57412.9874322998
USR-11897,,786,9,54774.215784797554,1,73390.43265150949,57138.80321796806
USR-11898,27.0,720,8,,4,39760.115435266816,
USR-11899,28.0,406,0,60374.02143958186,1,24725.679236007963,61093.94292889069
USR-11900,57.0,355,9,71881.83846866284,2,148028.29881520756,75577.74983754875
USR-11901,,375,0,44978.57894572581,1,28301.744673653462,49313.99064244218
USR-11902,40.0,650,9,28439.861648416107,3,59071.62354795388,29833.07267200783
USR-11903,74.0,674,0,34845.37682536188,1,41584.194326910736,35919.74344591758
USR-11904,81.0,358,9,57567.774100175986,2,,60657.35656369892
USR-11905,28.0,401,7,48517.03588895768,2,71257.78885916817,50727.331598456076
USR-11906,,829,7,,2,122079.18701038255,
USR-11907,70.0,494,3,36248.91484155292,1,115303.13389109432,38536.46570396871
USR-11908,39.0,618,5,46880.489525132085,1,148249.63287443665,47832.84743398144
USR-11909,50.0,694,2,53901.14405444661,1,124225.37481820304,57702.59710739939
USR-11910,32.0,747,0,14504.586921610608,1,136476.25504697044,14897.17106789914
USR-11911,37.0,386,7,,1,23951.38250790448,
USR-11912,25.0,338,8,72812.27730564101,3,63882.31011592644,75915.8279575679
USR-11913,85.0,492,3,62302.54324010828,1,54022.713176758014,64529.234038334056
USR-11914,41.0,640,1,43539.695410494605,2,142259.0598981729,45447.58386966336
USR-11915,79.0,575,2,,1,93423.71514766834,
USR-11916,25.0,698,7,,1,,
USR-11917,48.0,708,7,57008.58169902572,1,124331.93601100182,60064.46651930905
USR-11918,74.0,553,9,78476.72759934021,1,137302.43543685135,80986.92382639473
USR-11919,46.0,840,4,46938.19470104448,1,133928.76536803975,48461.287152065226
USR-11920,21.0,438,0,80565.75320176984,1,149540.16131796452,84667.84410978848
USR-11921,42.0,788,6,70145.23884627911,1,105577.6637649957,72625.99691963299
USR-11922,33.0,317,7,43502.37084296288,1,29993.680262036898,45224.240769160984
USR-11923,42.0,452,5,31630.26693312173,2,118760.30470414364,32291.82757659015
USR-11924,66.0,400,5,73196.07769702045,1,35316.86648867259,77445.69808044285
USR-11925,45.0,623,3,54594.43024266191,4,131855.6362633654,56568.07656573667
USR-11926,,407,9,51026.13450658927,2,146737.71293722081,54830.17045439583
USR-11927,30.0,765,3,109108.38831238549,1,87193.13557937223,113298.56425148596
USR-11928,39.0,558,0,0.0,1,141930.82942535795,1962.790101770343
USR-11929,40.0,402,8,50993.393299623975,2,118677.05192552104,54054.216339761944
USR-11930,38.0,419,2,32084.153392070737,1,71334.28478503344,32783.628440029075
USR-11931,43.0,311,3,,2,83830.19211839477,
USR-11932,62.0,804,9,3695.6836302342635,2,136772.20508708453,3795.9879754698877
USR-11933,35.0,609,4,48070.38625167371,2,80160.1230724954,52213.01538279284
USR-11934,27.0,549,2,53464.408788445406,1,130259.25619750968,54791.745092630015
USR-11935,36.0,475,3,362133.82124737056,2,21387.725306735534,379303.20973603963
USR-11936,41.0,394,6,35228.16713141594,2,73007.0084424552,35515.44251188235
USR-11937,35.0,677,1,34860.409521881396,1,40860.58492267942,37165.71090551812
USR-11938,29.0,412,1,,1,136665.63920470566,
USR-11939,22.0,748,5,18351.11795274893,1,,19954.386734156837
USR-11940,34.0,606,0,61800.27298328701,1,51251.83790820709,64651.76759159612
USR-11941,43.0,826,9,11855.022883195612,2,80424.56628086523,12524.131847772778
USR-11942,36.0,431,2,26252.431956462337,1,37890.43641538241,28117.529580475537
USR-11943,49.0,666,5,69137.6688738706,1,130713.79534844495,71824.81520995137
USR-11944,19.0,350,8,56402.47847148998,1,61239.52346230605,59680.995127525945
USR-11945,21.0,753,7,88118.27055830418,2,125806.62449709146,94579.07111922682
USR-11946,,794,0,68907.47865318933,2,72495.19802491358,70947.86734821624
USR-11947,70.0,693,7,79643.70688699963,1,89938.9182233767,83149.21762723058
USR-11948,42.0,590,9,0.0,2,56182.08146456428,404.90260028932937
USR-11949,37.0,589,6,44346.365184993956,1,38938.929310582156,46367.4875859873
USR-11950,23.0,432,8,45842.38144381728,1,125392.00263118933,48058.01240431884
USR-11951,71.0,766,0,8970.103741027648,1,106629.04754063544,11401.741082583258
USR-11952,33.0,517,8,76559.8549465472,2,70505.84916972189,79834.54728956924
USR-11953,39.0,555,1,31247.29738617749,2,29246.877823341238,32886.67751041114
USR-11954,43.0,372,1,44225.67523340095,1,98057.82943557356,48638.34635621571
USR-11955,41.0,783,6,44518.823358070964,1,61664.08760150431,46247.710719234434
USR-11956,29.0,727,2,32779.280225893745,2,134796.59831314714,34798.21639632041
USR-11957,38.0,607,1,50818.061184177684,2,144958.3388656862,52812.15729513893
USR-11958,42.0,471,8,,2,59273.4202859151,
USR-11959,18.0,623,3,77263.6521961677,2,96237.77149121773,81281.40011850945
USR-11960,26.0,421,4,70585.49497473509,3,144425.70693240923,73918.54554033905
USR-11961,29.0,304,3,,1,117959.66901376528,
USR-11962,69.0,784,3,37775.19842498354,2,94545.15183762436,40427.211747560905
USR-11963,23.0,700,5,66845.99322010526,2,132202.03075391913,71967.98930073713
USR-11964,28.0,676,4,36512.905703634526,3,44368.50558863451,38463.209972513505
USR-11965,51.0,437,2,85393.17720491494,1,31572.574745791146,90439.77915071673
USR-11966,21.0,348,6,,2,73144.28257972171,
USR-11967,48.0,369,7,70328.37859718963,2,118986.43407532356,75039.41410634003
USR-11968,58.0,595,4,62574.58961296481,2,49220.879331484844,65357.61442731454
USR-11969,56.0,581,2,69096.85832135288,3,23233.26003775761,74559.24570866916
USR-11970,35.0,407,0,74147.371567172,2,129591.47979911545,77754.56303119026
USR-11971,35.0,770,0,55176.76615733721,2,79943.71835322882,57722.09102153432
USR-11972,35.0,734,8,418277.76406417333,2,94020.85982410682,438413.5329035769
USR-11973,77.0,388,8,28547.829131803082,1,121647.2118145511,27567.77805738211
USR-11974,45.0,753,5,64171.734654370826,1,126869.75821799117,67158.54588415335
USR-11975,33.0,547,8,76865.79972574531,2,134189.47727059165,78655.09696004473
USR-11976,59.0,840,4,61697.21092865514,3,98411.7637095388,67435.12857428055
USR-11977,40.0,632,9,58161.35967944686,3,66037.0771903119,60842.62033506147
USR-11978,26.0,530,4,92205.78828362326,1,122648.52094058474,97793.24281214413
USR-11979,23.0,602,5,53229.78850461729,1,71973.2202267285,55050.111278211276
USR-11980,53.0,537,3,43963.696299717725,1,95778.68273028443,43203.59743542213
USR-11981,35.0,564,9,44602.024513649216,2,64993.62673621167,48176.8556225475
USR-11982,42.0,303,6,34265.99498251839,1,136082.32054214325,35255.347078491504
USR-11983,49.0,765,2,,1,52675.77862261026,
USR-11984,26.0,447,7,96407.06066982208,2,56918.666743692884,100950.91879786033
USR-11985,42.0,503,5,77306.4187412509,1,88340.78499425859,80312.95989239961
USR-11986,22.0,685,4,47418.510633120706,2,65956.12462456194,48147.45010498321
USR-11987,85.0,610,3,66169.09574788807,2,48234.178682610655,67931.8919774232
USR-11988,49.0,580,4,17598.263209983637,1,97404.01314994694,19077.875353164432
USR-11989,23.0,405,4,,1,143021.0212856986,
USR-11990,,680,0,61879.62696723647,2,141171.94623200453,64408.621504369126
USR-11991,59.0,591,7,43298.95664708222,1,62217.129649154835,45333.64574886614
USR-11992,44.0,826,7,78330.62719667985,1,104875.40775812634,83269.22330217334
USR-11993,55.0,569,6,32076.96889086926,1,,32071.45411635511
USR-11994,31.0,384,9,65441.50303560873,1,57201.263328748355,69811.7917762776
USR-11995,53.0,566,0,71362.04809683125,1,55388.92472962628,76004.05179381066
USR-11996,38.0,438,6,51280.183104060736,2,70350.85051465697,53504.68502353908
USR-11997,44.0,498,6,65269.80230854952,1,43736.633017225366,66980.94074465017
USR-11998,85.0,566,7,27769.321926926714,2,32484.998416805043,29704.267149590785
USR-11999,40.0,355,9,57459.4703129418,2,48466.37246942178,59931.74338317313
USR-12000,42.0,519,5,74839.10441049453,2,,77198.86233368084
USR-12001,41.0,554,8,54876.10684775368,4,98946.95445888328,57694.89730162297
USR-12002,32.0,739,7,51767.883340968816,2,122734.36680752064,56241.49077494525
USR-12003,32.0,341,7,46758.91920184608,1,146093.29946596595,50143.75496164952
USR-12004,74.0,684,6,17187.13262199051,1,121756.34887014523,16085.765144208797
USR-12005,36.0,740,6,58358.436148980036,2,95960.47242616813,60011.03654790126
USR-12006,30.0,797,0,59547.76696939354,1,114652.07252209274,61801.21552302918
USR-12007,46.0,831,3,42349.434936979604,1,119496.79277483471,44481.48190896412
USR-12008,78.0,503,9,23359.106032489482,1,52598.834314630614,24574.233087472112
USR-12009,26.0,500,5,8038.695394578055,2,20338.89036694204,7947.813447346296
USR-12010,,709,4,43691.04340379453,2,136174.62402370735,44189.554389234225
USR-12011,54.0,703,1,250.73284593209974,2,59076.55701171913,156.95819664318975
USR-12012,33.0,789,3,45350.361117977394,4,146822.1052481844,46354.12083761111
USR-12013,23.0,684,3,11424.85526023744,2,57021.35142172956,9803.029374328704
USR-12014,34.0,631,0,35164.49408779187,2,93229.28270559011,34699.55277042446
USR-12015,23.0,640,6,19187.938797186445,3,71229.46575965444,20281.606662124435
USR-12016,42.0,714,2,7857.578711984046,2,75904.61756022803,9306.602546973876
USR-12017,59.0,499,9,9609.973830163515,1,133821.06854368007,11024.488474316975
USR-12018,46.0,585,1,66108.90003169363,1,71095.52172003339,70603.98633964582
USR-12019,69.0,768,6,56766.41230330832,3,110503.66426070876,57126.313570545135
USR-12020,39.0,485,6,28294.92437958011,2,43586.813370019074,28739.430518457873
USR-12021,34.0,326,7,3503.9398646009213,2,69883.23952038691,2968.993147593828
USR-12022,23.0,392,9,45194.74842056507,1,129562.19477979252,47271.86947241628
USR-12023,73.0,494,2,5459.227879111095,2,97630.68863105545,5891.168764447894
USR-12024,26.0,709,3,43995.30526059191,1,94358.06859650082,46845.840398327346
USR-12025,49.0,681,2,68321.7687267059,4,69055.63181410353,71061.47467732735
USR-12026,47.0,813,4,7862.350369672087,1,136482.32498035498,8286.848629948294
USR-12027,19.0,358,7,68449.81519493993,1,,72004.24690912671
USR-12028,80.0,321,0,23026.38381466857,1,36815.481838801716,25256.288919605584
USR-12029,33.0,597,1,74019.72971561388,2,21874.939244446905,76837.45001213135
USR-12030,22.0,462,9,42066.2266552946,1,61557.04526984241,45272.51494628764
USR-12031,52.0,838,9,58647.30020741659,2,50861.48621421166,62445.20162858173
USR-12032,29.0,509,4,72104.587135259,1,37393.370267098435,76216.06698584027
USR-12033,,846,6,25341.912585294285,1,105379.26227390133,25595.567846004204
USR-12034,37.0,517,6,,1,38238.651972472784,
USR-12035,57.0,425,4,63689.38677058704,2,,65810.116888521
USR-12036,29.0,622,8,17510.975822945937,2,136725.23493972348,17868.629853113267
USR-12037,35.0,674,4,71685.25298001486,1,20810.01593334286,74363.8769142688
USR-12038,52.0,571,6,,1,141040.50997635644,
USR-12039,25.0,770,0,,1,109977.69625994221,
USR-12040,51.0,514,9,91380.61969461155,1,127779.31368049905,95814.3220966874
USR-12041,41.0,404,0,52725.13439404495,1,87017.83680971005,56471.36652160763
USR-12042,38.0,689,1,70313.82918784517,1,23584.50570139295,72031.84904168936
USR-12043,42.0,385,1,33628.58423551275,2,,34063.72302438362
USR-12044,34.0,418,2,63135.01871694325,2,140470.0665915432,65393.19366080935
USR-12045,20.0,607,1,69555.65181836914,2,138274.4461023069,72436.18520289288
USR-12046,26.0,321,3,49186.63434722025,1,147439.39039898507,52918.56210184751
USR-12047,31.0,301,6,115464.53952871641,1,101634.5605984977,118936.46599204729
USR-12048,36.0,325,2,44560.44010737853,1,59382.53130057664,47672.265526302814
USR-12049,39.0,336,2,39937.25873075916,2,146331.44978639638,41342.31584819707
USR-12050,39.0,602,9,45158.611995076295,2,42593.41077206957,45233.32822012629
USR-12051,33.0,762,3,75367.99163661044,1,113850.15023730407,79991.8716749422
USR-12052,,802,6,61187.95010348912,1,142050.26176587632,63553.24778713102
USR-12053,40.0,530,9,,2,127654.07638796896,
USR-12054,58.0,644,5,71618.5210905665,1,43224.02878997501,75322.38488679011
USR-12055,29.0,627,9,41761.89929858699,2,101950.65315141532,43420.181276443145
USR-12056,46.0,611,4,29467.2131272996,1,66687.1849695172,30654.333881898987
USR-12057,72.0,788,9,23296.620293995533,2,142494.2132719051,24549.694571312695
USR-12058,50.0,754,9,45746.908289934814,3,36306.51989292029,48702.094672512794
USR-12059,34.0,608,1,65253.02628305811,3,106041.60822545501,70153.66064136021
USR-12060,53.0,641,6,49315.770472527765,1,91168.02227059718,50093.53413361723
USR-12061,28.0,536,4,,1,36943.173273738284,
USR-12062,34.0,301,4,47375.04047374866,4,,48963.16709291762
USR-12063,27.0,322,8,42128.93171805802,1,128059.08007334036,44652.545710972176
USR-12064,46.0,608,3,57965.92904285049,1,125329.67286617054,60860.616808411985
USR-12065,40.0,442,0,49581.34656617197,2,98609.55442061926,51384.98983298895
USR-12066,27.0,372,3,42138.49449062901,1,76592.94085080239,45996.96675885962
USR-12067,31.0,549,9,,2,84962.89471568447,
USR-12068,42.0,790,0,,2,68055.50425981695,
USR-12069,30.0,347,4,44732.28213959353,1,,47649.48449042813
USR-12070,30.0,539,0,,2,27858.636955993417,
USR-12071,43.0,743,3,,4,,
USR-12072,,639,5,67405.56832648462,1,65931.09991365238,71449.95676676834
USR-12073,64.0,376,2,39034.8747972907,1,102783.79051225031,41898.05942439393
USR-12074,37.0,723,6,50543.574410092755,1,120910.40127381936,54015.06699388695
USR-12075,24.0,636,0,66975.92734520779,1,117320.55661418384,70852.3673508236
USR-12076,31.0,434,1,80410.69897975876,2,42384.298660540255,86551.34328429839
USR-12077,33.0,344,2,87064.48679595391,1,110097.89167793386,91245.0907106845
USR-12078,,814,5,23025.190095425743,1,84250.08970234706,22898.71954774872
USR-12079,25.0,644,8,5330.557639817009,1,23645.374776503562,5685.269937505549
USR-12080,67.0,691,0,34463.737077427606,2,51410.587755324166,35735.305544165596
USR-12081,51.0,403,2,11477.130959526257,1,25542.698592636698,11629.800865124187
USR-12082,41.0,703,5,16590.747966140174,1,,15806.000305560461
USR-12083,33.0,753,3,,2,82997.74893828764,
USR-12084,,440,8,90670.67488851027,3,22523.805913426346,94865.22866411782
USR-12085,34.0,469,8,54651.73101069248,1,121442.16355269802,57452.64780181597
USR-12086,39.0,544,3,83311.32317187797,2,32222.13744081008,87633.99323813911
USR-12087,50.0,802,8,60717.400493297864,1,108595.02270118831,65990.62043000846
USR-12088,22.0,494,9,16394.70803876222,2,139232.84182629417,17234.47533746894
USR-12089,52.0,747,1,38536.13762264981,1,94449.84227330999,41618.70128415102
USR-12090,39.0,326,9,72262.05948135923,1,,77469.73519723862
USR-12091,26.0,562,0,,2,55690.91728820729,
USR-12092,31.0,547,0,13321.765211751997,2,108447.46570209424,14960.169598775632
USR-12093,70.0,405,4,40272.54274570877,1,89630.64264273405,43621.618900649846
USR-12094,35.0,353,1,92234.49685980305,2,,97713.79581139053
USR-12095,58.0,605,2,46425.747718734085,1,76917.92006375892,50162.675781819555
USR-12096,31.0,695,1,39491.224902037924,1,49454.58460736874,39923.128356978326
USR-12097,27.0,690,5,51446.795410390056,2,126374.85173039336,52999.91764947102
USR-12098,32.0,492,9,60217.465483423504,2,104146.92861248198,63002.31071455729
USR-12099,49.0,758,0,52339.78649265823,4,44332.19509173956,55677.182936762154
USR-12100,85.0,351,5,42732.645260607496,1,67742.75628295034,43630.32368790038
USR-12101,39.0,322,9,77393.44593551132,1,130669.51857723566,81867.1889198534
USR-12102,73.0,372,6,8827.800576180605,1,63479.37787616097,10031.832586291895
USR-12103,30.0,643,2,48912.566452149804,4,45490.124225121006,51093.58491404262
USR-12104,51.0,719,6,71418.07871905966,1,41804.770562436,75022.89650818775
USR-12105,29.0,709,8,42950.80762454141,1,120487.35644418169,44951.193200887596
USR-12106,36.0,664,3,63055.665586952535,2,126680.53115547898,63400.88262946558
USR-12107,40.0,734,5,13986.188127538793,1,133885.06130914256,15515.656633703255
USR-12108,43.0,646,9,62472.32825710261,3,84419.32242687835,65460.90443785987
USR-12109,31.0,657,6,,3,123406.47328457316,
USR-12110,21.0,337,0,66353.48654626754,1,95973.49826028784,70648.80075951478
USR-12111,62.0,498,4,52803.56310745188,2,60889.07106079069,54368.24270707088
USR-12112,21.0,627,8,61923.35217689116,4,97595.5841191578,65655.58917131349
USR-12113,36.0,847,3,,2,124371.13807335366,
USR-12114,35.0,503,3,29264.557540534584,1,33216.40403603266,30631.881386440004
USR-12115,33.0,370,5,102351.11768787273,1,126057.08306246577,105791.04969721052
USR-12116,46.0,632,4,33973.9025730938,1,24815.916070383657,35183.40867825162
USR-12117,26.0,656,0,36485.812108745085,2,75774.14707727626,38399.43273539418
USR-12118,40.0,702,0,62189.34538661586,3,92344.18129903424,63979.75989410121
USR-12119,27.0,472,7,15965.312537118407,3,36883.96392310929,17564.899691318962
USR-12120,32.0,307,3,,3,100959.0339447865,
USR-12121,,401,9,45455.204157313856,1,142184.50804236848,48359.71887491797
USR-12122,33.0,729,5,75468.5475884397,2,82807.43828790664,78830.0650568392
USR-12123,28.0,739,5,70923.1053087257,1,32905.37186387327,75541.45930546898
USR-12124,49.0,412,7,81359.55114044574,3,133708.1539173408,83764.6349521027
USR-12125,39.0,534,2,74316.43736307304,2,27205.65702381377,79132.19431304977
USR-12126,45.0,506,3,30344.298440692233,1,147744.8559211699,32708.238749676377
USR-12127,39.0,696,8,45812.04495813112,1,69147.22561980668,48707.05527915284
USR-12128,49.0,698,9,55535.95797792916,2,69238.37373163899,59805.81198745353
USR-12129,30.0,826,4,44838.96784442725,2,92323.0153694567,46670.177088724864
USR-12130,68.0,800,4,45537.15593505661,1,87611.65788499743,47127.226840956
USR-12131,26.0,329,1,76456.81200502976,2,120533.79707927808,80756.01552485282
USR-12132,37.0,710,4,31908.100676116304,2,115360.79788306313,33197.08074355362
USR-12133,,312,0,59466.75004649266,2,140002.73471678066,61451.28689804888
USR-12134,20.0,385,1,30463.624183457476,1,95389.00833574535,34474.65028307099
USR-12135,59.0,723,1,57500.91291207826,2,137900.14639561425,59064.71730314562
USR-12136,74.0,528,6,47441.5043384788,2,96885.05799653346,49924.13520174647
USR-12137,53.0,364,1,50615.41520139386,2,83281.3620059347,52827.42965811914
USR-12138,24.0,452,3,32492.86569518973,1,133799.63297818205,31821.559462167657
USR-12139,29.0,438,9,43286.17493962949,1,120284.51118912271,45614.92495567751
USR-12140,,666,9,70519.93189765119,1,88213.85846562262,74079.54082351128
USR-12141,63.0,340,2,,2,,
USR-12142,38.0,533,4,54285.95982876951,1,54713.430112156966,56101.334628681274
USR-12143,63.0,446,3,75134.44151896557,1,73252.03527799368,78480.63907531548
USR-12144,27.0,646,3,55217.60650461526,1,21892.72007528886,57202.46235059722
USR-12145,37.0,473,7,53642.13870023796,1,79238.03369177194,56623.7347917125
USR-12146,27.0,683,2,90890.38946663853,1,127791.24574346525,98303.31554622341
USR-12147,33.0,585,6,94104.44517577023,2,25283.82504662325,98626.14084931208
USR-12148,42.0,626,9,11516.738178782209,1,64095.32160874251,13460.33431803515
USR-12149,39.0,763,9,66269.5956877889,1,53744.686609413635,69290.12351314967
USR-12150,52.0,684,8,27753.593024108424,1,96072.20892867351,28746.610223941683
USR-12151,23.0,632,6,61517.59280117843,1,123373.89521868552,64533.44881779932
USR-12152,66.0,589,7,53225.98119027898,1,56083.0890489744,56334.0286770279
USR-12153,50.0,688,7,49521.49060208865,1,,50624.55552627311
USR-12154,73.0,663,3,43534.99411824022,1,145896.15178981345,45325.337304489854
USR-12155,56.0,732,5,45703.713169484436,1,87516.70841633313,46263.37822890764
USR-12156,35.0,547,2,51985.14171640715,1,35041.21440609222,56546.694295191424
USR-12157,48.0,361,4,70771.81518707046,1,49590.58546602786,75402.90358309635
USR-12158,23.0,467,5,65797.79736774034,1,46363.172066063125,68391.97345506992
USR-12159,37.0,813,4,40161.8722558008,1,,41904.24106414945
USR-12160,54.0,670,3,35504.36697592239,2,85613.11356993488,37576.985249663514
USR-12161,23.0,755,1,15053.51747240233,1,117923.32622889467,16986.547905076197
USR-12162,,713,6,45333.76203518921,2,97985.75027161646,47526.37026963997
USR-12163,45.0,755,4,84832.88885391262,1,83540.76218487273,90365.63331021568
USR-12164,26.0,354,0,60294.250407533116,2,39166.96050713944,63454.34297712803
USR-12165,50.0,613,1,51200.312517256505,2,70097.4396064573,54353.78012310593
USR-12166,38.0,768,7,15269.529199453013,1,49169.68408103529,15491.374962437372
USR-12167,41.0,480,4,63883.9582564048,1,61792.28004961845,67291.70667775419
USR-12168,29.0,644,9,40099.80539534719,2,87667.05647111981,41433.2766838735
USR-12169,64.0,828,9,39782.49347534683,1,26675.634234068704,41728.49954965315
USR-12170,36.0,715,3,26190.250051303177,1,121681.07267542879,29726.53890199294
USR-12171,43.0,658,9,31568.00958399325,1,87785.78110295715,34147.0496250708
USR-12172,61.0,454,8,25398.02376938637,1,80108.44113166434,26407.66145921287
USR-12173,38.0,512,8,4443.942117582323,2,136285.5957886937,2671.7041289437752
USR-12174,51.0,511,9,41920.626289187014,2,120547.5020852828,44346.178784029995
USR-12175,43.0,531,5,43817.71165623638,1,111112.71188921964,45227.75501278771
USR-12176,57.0,494,2,41113.361194098754,2,37564.29583414343,42838.28759085563
USR-12177,21.0,345,6,28421.774414202937,3,116742.07649074882,28108.6545390276
USR-12178,67.0,823,5,,1,102773.81624631646,
USR-12179,58.0,541,0,52697.768407658965,1,135371.09688331306,56299.72132402328
USR-12180,19.0,426,7,29634.79851817007,2,131488.96304674677,30305.550814930557
USR-12181,25.0,823,4,46603.767470695544,2,58807.43024901558,50387.80381037317
USR-12182,27.0,584,5,80178.20221450542,1,103244.55370016662,85046.39770077029
USR-12183,85.0,430,5,28973.972035882343,2,54155.93834810361,31941.638016845598
USR-12184,85.0,418,2,13988.961144675573,1,119635.62214396209,14149.297277637712
USR-12185,29.0,648,6,59650.37743029168,1,79158.07590014477,61994.23078088138
USR-12186,29.0,305,5,52719.32359706736,1,33952.46009214959,54820.76587150972
USR-12187,48.0,411,2,44124.47884266995,2,37488.520608983046,45264.59433154947
USR-12188,27.0,632,0,52600.16772898086,2,98880.63202076986,55668.19637509972
USR-12189,43.0,424,3,52969.67232545962,2,110788.87911396241,54872.96303102946
USR-12190,40.0,659,4,21316.791169139582,2,104686.11473293812,24198.801785880136
USR-12191,65.0,839,5,48832.03748630447,1,76911.00894269056,49177.72232643246
USR-12192,70.0,509,5,102471.46361845674,2,115151.31498978272,108460.82933866176
USR-12193,19.0,400,5,36015.178877221726,1,91255.64017712903,38287.61832513122
USR-12194,31.0,773,3,52811.44629402097,2,108912.25143738916,55889.060780054
USR-12195,26.0,849,2,99046.27521221054,1,128409.1556539996,104077.1001903237
USR-12196,34.0,687,9,63807.41346691771,2,149537.04271732198,64424.61214096747
USR-12197,26.0,579,9,64279.885310871075,2,23842.824922974913,69632.82180407144
USR-12198,22.0,634,4,39306.46259000617,2,144809.76207972039,40457.70565297677
USR-12199,26.0,672,3,66297.48188741595,1,105697.0490719721,69410.22055626087
USR-12200,31.0,694,2,,2,89170.99704168891,
USR-12201,25.0,472,2,57502.41795520388,1,138620.0489779492,59979.434674760465
USR-12202,59.0,600,4,65070.92242672692,1,90065.59025592252,69387.49578217482
USR-12203,29.0,491,2,,1,91039.46599258765,
USR-12204,35.0,709,9,60830.145309316744,3,110904.9123693185,62975.478491385256
USR-12205,26.0,847,7,51746.18884074877,1,105390.24241947345,52603.749287763305
USR-12206,31.0,479,4,31041.99193205169,1,55118.0439802831,34176.87888564211
USR-12207,25.0,428,1,67110.66858849733,2,85759.942842216,68440.91152013514
USR-12208,41.0,409,9,42827.54957640447,1,118847.02095291839,45192.711717715116
USR-12209,33.0,632,2,40493.12988189343,1,63504.07634935839,41097.693854331235
USR-12210,31.0,612,7,26054.029534678193,1,24211.257910684817,26857.239114968073
USR-12211,48.0,496,8,38337.92701145124,1,102674.14875180672,40776.74531969336
USR-12212,29.0,810,8,,2,93982.39555947843,
USR-12213,24.0,813,6,46673.95897673329,3,94082.3065050525,47235.81751071087
USR-12214,54.0,555,3,,2,25708.61219678152,
USR-12215,27.0,818,2,52266.48767932653,2,131557.67135340947,54954.336971447985
USR-12216,30.0,572,9,44640.22712942472,1,121623.15920245528,49025.25976775202
USR-12217,36.0,357,4,0.0,2,49786.75516748522,1452.8673645157498
USR-12218,27.0,527,7,47464.58329262818,1,61720.61627147353,47739.69936545313
USR-12219,21.0,550,9,44410.88977383997,2,35428.64768941506,45278.4999779379
USR-12220,39.0,535,2,12227.319846438586,1,84192.26367361483,13219.861524797549
USR-12221,24.0,491,1,117210.75606207341,4,134770.04381519393,122087.3181359539
USR-12222,47.0,667,0,55387.34115402496,2,100819.10710493042,58564.92748293873
USR-12223,28.0,789,8,30571.91948643648,1,116158.79135725941,32207.443625197637
USR-12224,36.0,465,4,,2,135695.58295247046,
USR-12225,29.0,527,6,17348.521087375462,2,106888.37094320352,17868.83967821075
USR-12226,22.0,461,8,54699.67235800854,2,82550.67304611155,56852.702689552505
USR-12227,43.0,548,8,39847.104485128206,2,24034.256866402324,42478.074431567904
USR-12228,49.0,588,7,74337.13928839762,2,60335.98152350268,76597.29648373747
USR-12229,54.0,477,6,33333.49933274661,1,42436.73695465822,36637.93318149133
USR-12230,29.0,418,4,93156.6533818931,1,94489.54503699506,95971.42807966257
USR-12231,25.0,453,1,50564.12245724498,2,140022.5791700344,55556.90486533531
USR-12232,23.0,469,1,87725.43846780155,1,40576.45636012638,93233.65706385704
USR-12233,52.0,358,3,,2,24385.71716417746,
USR-12234,47.0,633,6,67740.28432867497,1,135477.30725380272,71655.63028627454
USR-12235,56.0,489,1,64783.80551915693,2,54285.75826502003,68494.48072876978
USR-12236,47.0,459,2,20122.62012013983,3,143462.61187269047,21412.11005431425
USR-12237,33.0,717,5,43690.43910336349,2,51476.78013883719,45785.098151556835
USR-12238,59.0,750,8,22875.72273266067,2,64417.97406291505,23685.775876908054
USR-12239,77.0,605,0,69292.79031364061,2,33760.496462798765,74037.48371486901
USR-12240,32.0,619,2,18958.44029934603,1,148199.02330351036,18999.231845826034
USR-12241,53.0,355,7,48828.14789090444,1,62349.89160166945,50922.15984292951
USR-12242,85.0,719,5,44525.09679658535,2,141627.80553000016,46844.18878004916
USR-12243,32.0,375,6,,2,33623.06131514111,
USR-12244,26.0,581,7,40214.308957975976,1,54890.441615082564,42938.239755965544
USR-12245,32.0,326,6,14609.182427288004,2,27561.34580564382,13788.74287860658
USR-12246,25.0,585,0,74649.7891238923,1,22111.10125853141,76497.50425924012
USR-12247,74.0,580,7,36980.06337460737,2,129758.87696635441,37681.66177316823
USR-12248,65.0,786,6,51459.985866766285,1,67310.63335769215,54304.86407811982
USR-12249,44.0,316,6,46108.30044459254,2,99861.54634182241,47169.456454280036
USR-12250,47.0,662,8,64440.06610731159,1,,65577.83483779835
USR-12251,31.0,628,0,38533.15086694472,2,102619.66624479325,43058.33092444376
USR-12252,72.0,353,5,31995.16374705825,3,31373.20203610078,33897.5039488531
USR-12253,19.0,611,3,31864.10948499034,1,79783.53600578682,33218.80462597274
USR-12254,31.0,678,5,48055.24480173957,2,86157.08249940701,50408.83613101198
USR-12255,,670,0,,1,123417.71236419507,
USR-12256,52.0,526,3,24722.920511001837,1,64278.448208569775,26577.007454707935
USR-12257,46.0,572,0,54028.72381808234,1,43619.7154352463,56617.51703567971
USR-12258,41.0,692,4,36877.653444132404,4,147539.24339726323,38834.37062209786
USR-12259,56.0,621,1,35833.92422421213,2,132752.27237524994,36534.88321302094
USR-12260,37.0,387,5,101006.34644361098,2,,106947.29330122723
USR-12261,27.0,741,4,69691.87202183735,2,58160.033318003996,73410.16965371398
USR-12262,41.0,671,8,65083.99966878671,1,48242.52362626496,68557.94404530422
USR-12263,45.0,774,9,,2,74720.9858184024,
USR-12264,83.0,764,5,55835.02862038817,2,38045.96267045131,58843.8959270073
USR-12265,30.0,670,1,54582.47894722017,3,75635.63405904264,58711.69633525162
USR-12266,24.0,613,3,36349.28554489283,1,91256.90551249159,38862.197424861624
USR-12267,31.0,846,0,41018.67884668669,2,145616.9436060313,43934.92554768065
USR-12268,43.0,502,6,18728.51500276978,4,62850.34197249275,18939.457640840526
USR-12269,45.0,602,5,80738.19266141206,2,33580.73123374569,85424.96157279295
USR-12270,35.0,704,0,53926.32391958161,2,94432.36626510255,58863.14828478203
USR-12271,40.0,514,5,28574.24409673336,1,100431.69767488167,31399.68349405535
USR-12272,41.0,597,3,58998.70087131892,1,45981.02541337939,60916.454955431196
USR-12273,72.0,390,7,53644.43734517235,1,80412.73896073273,57117.542602548296
USR-12274,39.0,804,3,98148.62861291596,2,45483.83867456393,102736.4788596524
USR-12275,35.0,575,2,49725.50256126801,2,58453.340285884275,51421.847718691504
USR-12276,,437,5,42400.89832891787,2,133896.252938683,44794.94919474801
USR-12277,83.0,475,9,60372.31571650984,1,120402.32354205138,63350.06892874676
USR-12278,44.0,377,4,54913.387017073226,2,20244.126845298324,57617.06087601475
USR-12279,24.0,723,5,48644.253086346405,1,29434.462076536125,50974.40197263336
USR-12280,47.0,776,8,,2,63742.326588132324,
USR-12281,26.0,841,1,61707.35557643706,2,41042.59545278463,65423.58677204355
USR-12282,85.0,307,9,47050.027126072964,1,78737.74344269183,49981.165444058504
USR-12283,84.0,764,2,56648.545371173204,1,77705.04604387641,60167.387963214074
USR-12284,32.0,772,2,43682.00882182073,2,122656.60991724148,45613.863782187036
USR-12285,36.0,487,5,6848.140621990264,1,77077.48632143304,6827.939859679309
USR-12286,19.0,599,9,,1,59417.00347489056,
USR-12287,,784,9,56444.935856404394,2,126044.39387594805,59760.77789549093
USR-12288,85.0,735,8,437812.2495849095,1,134437.66599731112,459488.1742412048
USR-12289,56.0,383,0,18046.4608551216,2,127248.18639126932,19585.6198347389
USR-12290,35.0,629,4,35557.56821206657,1,,37324.051444284516
USR-12291,33.0,357,1,51150.88128917702,1,119925.721406445,54267.07760038938
USR-12292,29.0,312,9,39476.03980226314,3,59223.50741702175,41958.2137829596
USR-12293,81.0,557,4,39514.41060244225,1,110189.82844960863,40838.93434767393
USR-12294,41.0,465,6,59517.24040441493,1,103648.1087664271,61331.91164101955
USR-12295,29.0,845,0,,3,137703.57464217854,
USR-12296,43.0,562,4,37871.49829835845,2,,39487.718434124734
USR-12297,55.0,456,1,84220.91320348142,1,111082.30949414831,89016.7157594003
USR-12298,29.0,817,0,55376.38353924529,2,138733.69313759502,58256.502675298856
USR-12299,21.0,544,7,53791.146776782705,2,95358.7960781437,57496.50704203821
USR-12300,85.0,318,0,13504.59781661442,2,126038.79281599757,15235.272113284696
USR-12301,32.0,819,5,62237.765254245685,2,34464.1132054057,64920.98412106838
USR-12302,31.0,520,4,56036.02022645548,1,135791.55049227484,59819.46027014405
USR-12303,23.0,680,1,47414.630789249924,1,141426.9450501791,48681.3583618967
USR-12304,38.0,367,5,76564.52249909147,2,125585.81221666212,80730.55298020855
USR-12305,28.0,545,1,31438.2942570523,2,102489.20974885864,34090.88238164419
USR-12306,40.0,354,5,60930.053276488026,1,77671.44086377879,64551.64362409272
USR-12307,42.0,376,9,,2,65307.5450421817,
USR-12308,48.0,571,5,,1,25997.806935199907,
USR-12309,35.0,412,8,63681.8186010768,2,130647.05207461408,65524.94187146151
USR-12310,43.0,469,1,73182.10443604224,1,30975.244099668256,77540.22121221811
USR-12311,52.0,392,5,41754.358352088195,2,135360.45037442923,45618.78205484284
USR-12312,41.0,349,1,52758.62040352136,3,107927.32989150159,55006.37873804445
USR-12313,49.0,740,2,35511.296881405375,1,28861.848927734907,39680.7376121934
USR-12314,44.0,598,7,41793.78849575442,1,29795.641908042242,43863.52061481295
USR-12315,36.0,774,6,68458.82008431888,1,96726.72385643215,70213.81559566218
USR-12316,28.0,317,4,39437.28285052497,1,73913.44722125579,43510.038039752755
USR-12317,37.0,454,7,,2,138326.03980539058,
USR-12318,45.0,544,1,59495.83307305005,2,83973.98498592015,63137.91111283727
USR-12319,35.0,756,3,20578.890703709894,1,59213.58351496143,21655.877598133677
USR-12320,38.0,715,4,,1,83776.98251189795,
USR-12321,50.0,430,8,28612.855758747337,1,,30465.230183930187
USR-12322,53.0,713,1,39995.37225860253,1,,41869.59503578257
USR-12323,,677,0,74323.24656645815,2,,78674.85533762429
USR-12324,70.0,414,3,50615.76012640877,2,36326.84758802853,52730.08115250482
USR-12325,24.0,847,1,77716.06083023046,1,78224.74077405814,83141.00811881646
USR-12326,31.0,689,4,53050.39213232099,2,99600.03421454452,54231.914311662666
USR-12327,38.0,664,1,38962.67261847292,2,37173.25560687308,40383.6225285492
USR-12328,85.0,720,2,649600.7313570955,2,100845.77080074172,682328.5337281745
USR-12329,75.0,410,3,46293.0625932892,3,35219.15459989688,48402.62560078656
USR-12330,32.0,560,0,90943.32557441512,2,83597.94905576663,96778.84957388064
USR-12331,54.0,470,5,27297.294159918914,1,49206.88882643762,27380.277477017113
USR-12332,42.0,516,4,63847.25903433658,2,26808.41298251591,66732.88880847635
USR-12333,29.0,442,2,31878.488450963618,1,141600.9744609393,33244.80948323856
USR-12334,85.0,839,8,,2,65907.58635757989,
USR-12335,23.0,628,7,39528.81916346097,1,68452.09411421845,41735.606898434475
USR-12336,32.0,553,4,,1,148508.6263220225,
USR-12337,28.0,418,2,28888.163258453653,1,138955.58100405772,30868.119620340676
USR-12338,50.0,520,0,43028.986126590484,1,90882.01515120477,46302.885677199796
USR-12339,27.0,727,5,45355.900769187945,1,46851.426957361255,47241.062725057316
USR-12340,62.0,397,3,32277.906517598676,3,73241.55039960035,31991.83242239713
USR-12341,40.0,391,5,37863.51782098551,4,101655.36225306569,38307.23643970168
USR-12342,55.0,451,1,34405.40107058811,1,99697.14640218258,34187.838662139424
USR-12343,20.0,846,6,41779.735465164675,2,148232.10869048216,42598.87038547422
USR-12344,55.0,808,7,,4,31497.581771572222,
USR-12345,,448,3,58985.07134374282,1,,64034.34873332033
USR-12346,31.0,554,2,45564.40502353322,1,93623.11708508039,48564.88223527271
USR-12347,85.0,300,7,76119.4817874483,1,116762.53758836101,81313.19743832936
USR-12348,35.0,443,3,,2,105527.06631698516,
USR-12349,23.0,384,2,33450.58069385459,1,65309.122724378874,35275.4112295727
USR-12350,85.0,382,7,74309.40707785476,2,136376.68628122826,78864.18765461109
USR-12351,57.0,838,7,16972.354743842232,2,99121.80617043392,18235.212352422208
USR-12352,30.0,541,1,61880.154327795004,2,100304.27148656058,64972.54387595196
USR-12353,30.0,543,5,36374.602914097726,1,100373.3423362412,37794.785866315935
USR-12354,30.0,523,6,51811.85493637601,1,136047.98317336384,54611.21407083776
USR-12355,22.0,832,2,52173.20450274814,4,92928.57652758776,53450.714032988624
USR-12356,70.0,340,6,21178.37639084574,1,73194.21268125952,23081.5464085502
USR-12357,46.0,507,2,42022.48446360496,3,59956.00965518181,44691.64376345284
USR-12358,49.0,685,8,,1,67551.05430380409,
USR-12359,40.0,393,7,61075.40003899874,2,120484.22746687313,63691.07768822361
USR-12360,48.0,579,3,92236.63681645063,1,64634.01833602805,97003.73755423294
USR-12361,53.0,844,1,16422.485255845793,2,,15704.185656473986
USR-12362,39.0,535,5,69170.84644835468,2,73356.05946752438,71701.16967101945
USR-12363,35.0,835,9,43007.61784095769,2,126554.58172649509,46292.8604730447
USR-12364,65.0,379,6,34836.82964584705,4,60875.665134643605,36827.33034921612
USR-12365,26.0,571,4,46131.14846171212,2,88187.90817407667,48642.71094576344
USR-12366,25.0,307,0,2641.8885112954376,2,32992.59388601978,1480.8904533512375
USR-12367,25.0,433,3,93116.19426244816,2,115419.89909663117,97964.2266569281
USR-12368,39.0,829,8,16607.687214506535,2,39154.44972098306,16852.55565610832
USR-12369,21.0,683,3,43912.93760762822,1,92810.34384255468,45065.236574443385
USR-12370,46.0,399,4,32464.45278408038,1,146505.56660820977,34186.39154570565
USR-12371,45.0,423,0,89868.32998080178,2,78413.6366916461,94594.93255455153
USR-12372,41.0,394,8,98332.04757730223,2,78777.69221823214,102224.24884497182
USR-12373,40.0,549,7,52703.889469847076,1,76921.69539981088,56439.82743388233
USR-12374,58.0,705,4,39832.229948839966,1,83216.7367587139,42821.34801634065
USR-12375,28.0,386,6,48867.70477483369,1,39877.373535559644,51289.048725225046
USR-12376,42.0,613,3,45292.37486242086,1,53349.22635514567,47535.869233500125
USR-12377,35.0,556,3,19703.35329439021,1,20213.771155696475,20633.27205715735
USR-12378,44.0,831,8,39865.733650078255,2,115896.66081034804,42839.51347674844
USR-12379,34.0,652,4,29643.289012843907,2,140846.7327900441,30799.02829618913
USR-12380,51.0,437,0,29846.95463353081,4,83160.55836485638,31314.015019907623
USR-12381,36.0,695,3,33559.78112965342,4,33668.37853403715,35778.42448696981
USR-12382,66.0,759,0,40180.40149996487,2,28053.76461438977,41794.80264643006
USR-12383,39.0,489,8,19619.789362897154,2,130108.81026586644,20848.854114362053
USR-12384,23.0,445,3,70715.17983134776,1,,75910.97335012222
USR-12385,58.0,312,5,27189.824800105103,2,67455.14595342577,28921.738047269188
USR-12386,62.0,573,2,48630.438425498236,2,,50833.32115480638
USR-12387,,644,8,64853.712473259395,1,134985.13134940993,68576.89064515488
USR-12388,38.0,831,4,16269.682443817837,1,101299.51599724333,17785.61215903967
USR-12389,20.0,524,5,62120.548291671395,1,,64259.008054383405
USR-12390,23.0,451,3,29184.032532144036,1,56184.915379766055,30582.777000054975
USR-12391,33.0,358,1,,2,112496.35130528586,
USR-12392,34.0,609,2,64844.07081958524,1,83514.7383055636,68049.3189205953
USR-12393,41.0,663,7,17820.535973087786,4,30295.627603379173,19160.430549669447
USR-12394,21.0,369,3,63970.19122090208,1,40147.195881606414,67183.51794638198
USR-12395,58.0,471,3,54648.12265557975,1,128940.99245358826,56278.032098291806
USR-12396,42.0,608,6,,1,71275.9727796382,
USR-12397,48.0,845,0,78063.36966477866,2,49180.548342292954,81996.39734266176
USR-12398,63.0,509,0,49599.86486335036,2,102106.64915498007,51659.855503915394
USR-12399,39.0,703,2,66399.05956269466,1,69569.28006771588,69869.00537436992
USR-12400,20.0,553,9,439805.69239779224,1,97131.31763587875,461178.51904804935
USR-12401,60.0,437,1,37123.97027372653,3,86454.70642947059,40372.06425362122
USR-12402,31.0,756,3,56601.923294121625,1,66713.37657530248,60115.307218475486
USR-12403,71.0,395,5,18180.01563837884,4,36652.73339756749,18843.723489002594
USR-12404,35.0,619,2,19516.873564887723,2,71192.2898498928,20903.796032901013
USR-12405,58.0,534,1,38314.55319087153,1,64340.47870508937,39283.08845428807
USR-12406,22.0,487,5,65553.0012905063,2,120622.40898845135,69996.16662182583
USR-12407,38.0,626,7,34739.118256157264,1,149045.81264576077,36574.49215139692
USR-12408,36.0,388,1,52069.484528062836,2,124638.1922247765,54641.49295360294
USR-12409,32.0,455,3,36750.767834124286,2,70439.11271905346,39802.37998069292
USR-12410,28.0,588,3,44425.458281323416,4,97425.93405765381,46874.617864663516
USR-12411,47.0,632,8,37627.636731256775,1,117842.86477829891,40994.969205009875
USR-12412,54.0,486,0,53927.04043448452,2,109836.03728574954,55641.34819505965
USR-12413,37.0,682,5,78496.6536035788,1,35860.05036791516,83422.94482225117
USR-12414,35.0,834,1,18624.342866204042,1,143940.3377734848,19806.930181098305
USR-12415,76.0,430,9,28080.156794379534,1,55441.021142490055,30070.175019969298
USR-12416,46.0,581,8,,3,96615.3561741839,
USR-12417,55.0,687,4,52909.17815726959,2,92134.0463325803,55790.80060901724
USR-12418,49.0,419,8,22184.65146809032,1,112950.7058143775,22777.11035661983
USR-12419,40.0,525,6,,2,136657.03067563148,
USR-12420,36.0,814,4,,1,92329.73605531665,
USR-12421,58.0,764,0,71910.1537077977,2,47308.83104593825,74845.40280040794
USR-12422,36.0,504,7,40618.523130757596,2,54209.885076081184,42754.489268056284
USR-12423,43.0,721,6,47678.03665435953,4,28231.115439989873,51101.05222490878
USR-12424,31.0,496,3,50214.05969512217,1,29673.89601216896,51737.17462809902
USR-12425,28.0,427,6,63283.387594445965,2,39107.18890231313,66824.8281324789
USR-12426,25.0,694,3,56138.557822578565,2,45932.01861840293,59228.467203318716
USR-12427,24.0,610,6,31687.603880024617,1,56866.893316098714,33550.41584867802
USR-12428,43.0,410,0,55967.49315345209,1,84076.99766832107,59766.05207507659
USR-12429,20.0,841,4,83801.29684348543,1,134028.7134435855,86503.34415659332
USR-12430,41.0,461,4,51152.97098577335,2,114298.75426362747,53440.27113012723
USR-12431,,819,6,59230.30671363613,1,49607.199582109635,59891.770973488885
USR-12432,,306,7,49647.35917333011,1,112030.30264223651,53112.10232064165
USR-12433,20.0,507,4,40360.42253660715,1,21025.443511786205,43766.5578028472
USR-12434,41.0,573,4,,1,97493.79344862043,
USR-12435,49.0,398,5,44259.44980629435,1,,47859.447630138166
USR-12436,43.0,546,3,43645.88473917949,1,114218.39391389793,45922.893311514825
USR-12437,30.0,532,2,32483.04600694409,1,,34242.029307748344
USR-12438,47.0,800,6,68281.84310914212,1,53381.77027661138,69601.85058195084
USR-12439,82.0,677,0,66272.06219363444,2,32168.642954238072,69216.71716818748
USR-12440,32.0,364,0,37834.14075373252,1,,39459.65852757157
USR-12441,42.0,526,8,57149.18217843815,1,103501.88749639751,59946.719715731466
USR-12442,30.0,373,4,14596.642494115971,1,80539.25306110086,16428.29828631551
USR-12443,50.0,515,4,671549.7074246155,1,116430.65042552589,703883.32612729
USR-12444,67.0,837,7,69413.43915541207,2,96445.23361405845,73568.17918868359
USR-12445,63.0,683,6,77181.00173634302,1,46187.93989753282,80138.39728584801
USR-12446,35.0,658,9,71718.74336778827,1,35142.37794712703,75514.77857673044
USR-12447,55.0,525,7,73942.09745381333,1,60195.45835997016,76295.762842728
USR-12448,33.0,483,8,40981.77873956018,3,63795.63760157513,42371.77767521894
USR-12449,50.0,806,2,44230.944640969115,3,117658.64073504196,46621.912568345855
USR-12450,44.0,333,5,55610.536542172995,1,63430.003897056165,58676.680882688124
USR-12451,52.0,575,4,39977.82324826435,3,110000.4104661096,42194.611831850845
USR-12452,,511,9,19829.24056281332,1,144481.5739663354,19945.980159782244
USR-12453,72.0,335,5,72893.79880401798,1,27874.923018185076,78047.06721915196
USR-12454,51.0,625,7,54992.21941356915,2,77163.08092242105,55526.70131923353
USR-12455,58.0,661,1,37254.67477654538,1,136739.5791057842,38840.137837688846
USR-12456,33.0,522,0,79713.41031207569,2,66503.43193116735,83446.55217845413
USR-12457,28.0,607,1,26722.785126942577,1,96011.14713703089,29084.260549282302
USR-12458,30.0,335,2,47330.07867754637,1,114035.9824639574,50921.43165068083
USR-12459,26.0,323,9,50513.24724968724,1,129179.92138130341,52685.0412643382
USR-12460,22.0,503,8,84372.79653013224,3,120236.86880979953,88678.00458230662
USR-12461,,325,7,39893.19487103394,2,52584.4047800321,41962.7537952202
USR-12462,39.0,469,9,55641.00455922912,1,73328.43452054408,56635.386902184866
USR-12463,30.0,716,0,62354.68973239249,2,32634.899545965774,65617.24781418829
USR-12464,75.0,675,6,77996.47189244731,1,40850.00860214855,81740.44035239708
USR-12465,31.0,606,3,46613.62423719669,1,145358.69813010286,48947.86121544791
USR-12466,25.0,663,9,82908.48652750916,4,73481.5982738903,87660.76304332264
USR-12467,25.0,835,1,82997.41252078257,2,40871.39246110107,87274.17561379615
USR-12468,48.0,367,2,,2,31338.163442661848,
USR-12469,67.0,309,6,37006.20458586797,1,38758.51530921006,40273.146465900885
USR-12470,30.0,303,0,54910.029221378965,2,118600.47148286895,57077.24860250194
USR-12471,39.0,628,0,54627.82883266645,2,105204.75654284746,56664.7016723628
USR-12472,60.0,683,3,51145.15548170284,1,122799.28254480286,53923.66475714186
USR-12473,,407,5,27146.56176015703,2,48507.875166687736,28452.239717760745
USR-12474,68.0,781,9,28577.18181345647,2,148261.8915063081,29029.880131306047
USR-12475,34.0,582,1,45496.218479006704,1,46259.91504342402,48325.400720622674
USR-12476,37.0,795,8,62506.1949130462,1,48613.48286309262,66534.15534685808
USR-12477,22.0,516,5,35090.73735141566,2,36379.746116728405,36894.84562282126
USR-12478,27.0,713,5,106589.19561184995,2,35040.000735523136,113957.32872040987
USR-12479,33.0,641,2,4374.707312895545,2,114140.16916587362,4976.929843207592
USR-12480,56.0,522,5,69060.21341615087,1,141851.56637450441,70833.73741465424
USR-12481,53.0,450,1,32137.25253597828,1,125649.62561658928,32492.26363788323
USR-12482,23.0,760,1,,1,29012.112067813025,
USR-12483,47.0,353,6,63365.017812261794,2,132286.05113463348,65238.862112789415
USR-12484,64.0,405,8,57894.74659379203,4,,62372.711453308984
USR-12485,54.0,663,7,74808.1856364485,1,,79238.82439479118
USR-12486,31.0,506,8,54365.42309779462,1,48499.89951618672,57074.84450899001
USR-12487,44.0,751,0,60654.68147679779,2,145838.20587169388,63953.71002267702
USR-12488,50.0,464,5,37008.58604647331,1,114164.73880371996,38628.08257770404
USR-12489,49.0,780,7,100657.53767223857,1,66855.92822205223,105579.3818013949
USR-12490,58.0,780,7,60741.820373985225,2,66833.91457136953,63830.45108010957
USR-12491,,728,2,52302.74741375275,2,104297.84007876094,57423.519957749406
USR-12492,39.0,402,3,,1,61572.706402061194,
USR-12493,38.0,500,5,34598.224822434946,1,131993.52283269435,36159.809628101466
USR-12494,54.0,348,8,77310.8941550073,1,27751.496814589813,79637.64069212248
USR-12495,32.0,631,7,54157.592848909764,2,49992.77144076965,58220.13061948107
USR-12496,29.0,316,0,38009.71309127954,1,143126.07021917397,40159.287352337335
USR-12497,43.0,403,8,5909.985431197951,2,46076.22776420922,7861.2588794209605
USR-12498,42.0,414,2,,1,128866.63264047568,
USR-12499,41.0,715,9,47993.4062761203,1,49251.37972981343,50220.6070151304
USR-12500,33.0,355,1,45054.99625124846,2,117200.09925976093,46886.5550431634
USR-12501,22.0,474,8,,3,42417.8715982791,
USR-12502,47.0,552,9,66268.27917465377,1,132731.42038848222,69452.52838051006
USR-12503,45.0,429,6,60670.80690846272,1,,64004.96968169562
USR-12504,32.0,769,3,42553.45056134314,1,72731.1460314405,43449.47035656636
USR-12505,,353,2,33219.246362503676,2,,34616.075867988155
USR-12506,33.0,823,3,39057.34727878995,2,103418.08922542178,40394.25466498984
USR-12507,40.0,692,6,,2,118202.60123027732,
USR-12508,56.0,645,1,93334.88213148463,1,23450.11156949102,97861.49890552365
USR-12509,45.0,606,8,76371.57763092304,1,122846.13621220773,79715.10605688035
USR-12510,30.0,549,8,49453.445308313145,1,142270.20723159664,51922.686789097
USR-12511,48.0,362,6,41913.990067427745,2,33401.73590164444,45124.14681492598
USR-12512,38.0,356,1,388425.7532331649,1,100160.67582133404,409335.7642669751
USR-12513,24.0,813,8,45325.82356100933,1,131467.67608697285,49299.37125178592
USR-12514,41.0,305,5,27658.308864003197,1,,27069.291265477787
USR-12515,28.0,593,0,26330.31808970576,1,125804.52107212506,27567.83548200415
USR-12516,34.0,319,0,26558.93147977049,2,,29211.61429758524
USR-12517,39.0,319,7,45493.705868860336,1,123574.93046042431,47200.6348498279
USR-12518,19.0,822,8,,2,35395.6017434943,
USR-12519,72.0,673,6,74295.82129751315,3,149300.78178001783,78728.64413812639
USR-12520,20.0,756,0,47269.2781514904,2,69093.02337451304,49949.28010047232
USR-12521,71.0,551,1,57001.81012204921,2,36052.51084661613,59507.63643494688
USR-12522,85.0,450,1,56908.45465462006,1,52694.285008287,58666.556819783495
USR-12523,47.0,692,7,,1,36240.204246974354,
USR-12524,31.0,652,2,100652.88109937115,2,52989.09857983068,106386.71334867999
USR-12525,56.0,366,2,79798.10791262372,1,84207.92753529121,82872.55278944953
USR-12526,43.0,340,5,73917.48675674904,2,126886.76348095248,77102.3730632485
USR-12527,27.0,632,8,68872.58271834024,1,104551.74628015209,72258.71473453024
USR-12528,60.0,709,2,65196.65793963248,2,24527.5594611798,68069.07597461317
USR-12529,,675,5,38467.615416714994,1,37994.24516768628,40188.172888857065
USR-12530,38.0,772,6,79975.91804115447,1,45880.41496084226,83914.83778685993
USR-12531,48.0,681,7,77008.03036387158,1,46747.26448293906,81332.46092448861
USR-12532,25.0,772,6,16606.91107426252,4,109262.20206780561,16775.000874503967
USR-12533,28.0,610,8,,2,47739.82443967703,
USR-12534,42.0,844,6,60204.63613346924,1,,62719.797646775405
USR-12535,50.0,366,3,31398.33600701116,2,78139.86306106418,34161.02400392611
USR-12536,34.0,694,6,37090.45281951084,2,37693.5010506278,38236.214732084896
USR-12537,50.0,770,1,62287.41933627873,4,125943.40983666088,64058.358520501744
USR-12538,28.0,565,8,52367.6318001747,2,31255.70856865619,55497.684688924615
USR-12539,28.0,615,7,,1,25378.91463327759,
USR-12540,57.0,565,4,53412.69579561901,4,78950.72197993024,56668.089968918386
USR-12541,30.0,434,1,29609.9035189618,1,75609.0086129844,30006.559427854925
USR-12542,65.0,521,0,62023.96309782508,1,126854.61990471522,64359.46565494919
USR-12543,43.0,487,8,93249.91440540503,2,50132.11775209428,96996.83752705071
USR-12544,51.0,828,2,56561.88928743994,1,93279.31102847218,58763.34707857522
USR-12545,34.0,406,4,32781.791701156624,1,92980.51323637046,33068.90953605701
USR-12546,26.0,611,2,,1,46420.030362596124,
USR-12547,49.0,318,7,70048.11873051782,2,30691.367728424113,72454.90600343143
USR-12548,28.0,685,7,67368.49494911748,2,79681.67787205214,70698.70513479364
USR-12549,45.0,484,1,33978.702302862635,1,100331.65708179922,36035.49794858552
USR-12550,74.0,379,0,69756.98215108534,2,,72504.29278491743
USR-12551,42.0,307,6,,2,74177.13468509159,
USR-12552,40.0,721,1,62078.45424329487,2,93280.92120155923,64812.5036570336
USR-12553,42.0,527,7,,2,,
USR-12554,28.0,690,7,60314.23631735345,1,68752.36525400673,63431.35328189885
USR-12555,67.0,561,6,64953.33025389444,2,72491.07218948135,68354.69838920649
USR-12556,54.0,742,5,43951.91579685783,1,129771.24096825875,45754.57726533645
USR-12557,30.0,510,6,,1,77602.2871158635,
USR-12558,21.0,827,2,65275.22061417829,2,109417.31872852765,68453.99890614717
USR-12559,49.0,778,5,51787.32067112854,1,36833.41829944763,53559.32953872432
USR-12560,38.0,686,2,81689.73150371855,1,,86624.81334497973
USR-12561,,592,2,11853.778581301565,1,115271.60637207307,11499.296432213148
USR-12562,46.0,822,8,71986.01994621081,1,113515.49629514909,74343.32968471902
USR-12563,85.0,504,0,54858.50984034231,2,52681.95643031737,56879.160443125904
USR-12564,43.0,849,8,40287.363583926825,1,116672.06952316176,43977.454566253225
USR-12565,77.0,503,4,54105.34824928096,1,,57981.389480426384
USR-12566,53.0,325,6,38686.27977835103,2,35793.57964053328,41157.273987435074
USR-12567,32.0,791,8,36920.46906423862,1,40423.336728529204,38928.4716329505
USR-12568,22.0,474,4,0.0,1,96689.55944745132,632.3759432065082
USR-12569,20.0,385,3,53821.464104050276,2,60726.22540172709,57468.25968340355
USR-12570,,381,2,44635.830129159534,2,,46275.95203028995
USR-12571,54.0,329,5,52052.17481455586,1,149932.58228690963,53556.41445424158
USR-12572,47.0,678,3,65413.39219977203,1,52650.389216093725,67465.54049240997
USR-12573,24.0,423,2,75270.79193503514,1,,75839.33454400966
USR-12574,25.0,550,8,28437.078588990393,2,53784.37596918439,31473.43545861721
USR-12575,85.0,709,6,30124.20679752581,2,106303.15691485126,29757.79400601594
USR-12576,42.0,352,4,55553.64318192642,1,143992.77873288863,60474.31736411992
USR-12577,48.0,842,1,67701.27754165587,1,40813.34214332845,72352.23740313487
USR-12578,27.0,518,8,15333.570147074024,1,77372.68703942624,16251.50848009549
USR-12579,55.0,729,8,46977.52529880027,2,111854.6396280982,50558.62097724881
USR-12580,64.0,804,1,,1,116843.64736791406,
USR-12581,21.0,393,6,80705.28789616196,2,,84550.75001448214
USR-12582,71.0,819,5,644576.030666552,1,78787.73526379571,674909.1909185378
USR-12583,25.0,561,6,78807.16084852042,1,120737.70735919951,81377.21194947916
USR-12584,32.0,815,2,24643.119644877435,1,51873.852965526574,25763.900392054686
USR-12585,43.0,310,4,47785.92541499862,1,120770.7111594014,51348.9657002788
USR-12586,,839,3,49569.503750709955,2,110468.22716745466,52518.14123643051
USR-12587,75.0,400,5,58900.250692815,1,111074.2257765216,62054.20794309913
USR-12588,43.0,565,3,72302.77546200257,1,72879.2531570063,74186.05773600335
USR-12589,35.0,717,2,72740.38950570408,1,33150.09250398551,77662.06425835384
USR-12590,30.0,513,4,32807.53834001318,1,51000.851331608894,35847.58791935181
USR-12591,28.0,474,3,33558.53058947396,1,93823.26468615164,35255.981597956554
USR-12592,25.0,331,1,74763.65121321176,1,98708.30557749775,78336.29707989952
USR-12593,37.0,372,5,48074.635630143435,2,21165.374410644312,53111.90901040865
USR-12594,52.0,671,0,37632.554861801764,2,57764.86854587001,37875.26286811797
USR-12595,35.0,498,3,58080.641331821,3,79530.73398743306,61435.36181565401
USR-12596,58.0,672,1,16754.203740006415,1,35368.93455654575,16455.726753558265
USR-12597,55.0,660,1,32703.097776738043,2,,36454.76393212893
USR-12598,49.0,673,3,38723.484836091135,2,59433.97586912095,41473.36073057375
USR-12599,85.0,318,4,67085.39326729474,2,78628.83685458614,69221.39408823596
USR-12600,62.0,761,3,29657.960929312616,4,84763.46080568605,31966.475759799192
USR-12601,39.0,362,4,62621.0623025481,4,42076.14995902291,65706.11555688412
USR-12602,46.0,797,5,,2,83057.18699173062,
USR-12603,56.0,724,6,66986.68070968015,1,72578.34058181866,71453.56935585881
USR-12604,28.0,726,5,,2,123014.86133493537,
USR-12605,40.0,518,6,4879.86267919113,4,,3806.8064775110884
USR-12606,33.0,333,4,52624.19704255719,1,47507.536402218386,53959.73352765964
USR-12607,37.0,353,7,21403.9636791767,1,39848.00650483888,22879.94467142372
USR-12608,40.0,500,4,30242.028008671696,2,50989.1560408346,31941.34470152439
USR-12609,30.0,431,5,39341.853034589294,2,55690.62790508037,41165.54795411625
USR-12610,57.0,397,5,,1,79476.81016689833,
USR-12611,30.0,677,1,8780.413214380067,2,83670.9455253766,6505.828705547279
USR-12612,25.0,375,5,83072.24332442431,2,112156.50868544953,88323.17469311733
USR-12613,24.0,507,8,31396.725604800977,1,40515.22113637017,31949.177920347203
USR-12614,40.0,581,9,52566.775692570394,2,69527.98681738734,54405.51897276263
USR-12615,19.0,348,7,44365.03058629948,2,61913.86645030924,45824.37774562371
USR-12616,24.0,725,7,46876.22237105737,1,43719.96244455245,47460.02019716286
USR-12617,55.0,314,2,10692.169908254647,1,,9726.695355523741
USR-12618,28.0,610,2,70390.37053479232,1,83532.43689145098,72646.66463837068
USR-12619,59.0,313,8,40545.713491890405,2,20490.735429219898,42068.426154761044
USR-12620,34.0,571,3,47898.172930113564,2,38326.104135270914,51775.9622146731
USR-12621,24.0,522,3,53182.76819282936,1,115374.42188251724,56143.66941026729
USR-12622,36.0,348,8,60227.07857995473,2,145595.9736703307,63942.38663720449
USR-12623,66.0,681,6,44547.287235564036,1,103466.29638481744,46586.46091534476
USR-12624,23.0,676,1,25998.09027366344,2,35029.873957927346,27308.584125078665
USR-12625,39.0,718,7,63077.63302536768,1,,65684.77292845605
USR-12626,52.0,434,0,41587.2407532199,2,142641.87873665546,43052.369314568154
USR-12627,85.0,588,8,83274.94943518797,4,94927.65848094804,87769.32107397394
USR-12628,27.0,750,5,45853.62310959721,1,42298.963677913154,49176.13060260304
USR-12629,25.0,395,4,20082.255555011936,2,101790.89394337937,19819.750489576872
USR-12630,32.0,813,9,25654.16766738299,1,,26457.72182766113
USR-12631,83.0,779,2,10882.228097918516,2,64634.57095196912,12450.011974393168
USR-12632,30.0,747,8,62462.943918678095,1,46504.28849186338,63400.97732069701
USR-12633,39.0,512,6,16037.14357866258,1,50791.5376178279,17309.084243863916
USR-12634,21.0,808,0,32680.271348095925,1,90313.14131000002,34423.55420803884
USR-12635,22.0,657,3,61013.43883399995,3,83333.34958714416,65983.64155370288
USR-12636,50.0,468,9,44947.588377046755,2,70436.77978559035,46379.60258626833
USR-12637,43.0,671,9,20387.450265084775,2,139434.1308453961,21039.650937185226
USR-12638,64.0,360,3,69341.5829293099,3,138471.8807235494,73126.26262107474
USR-12639,61.0,531,3,50108.478330922764,4,77928.7540677695,51670.23786146107
USR-12640,51.0,740,6,83797.27345960651,1,90854.579948153,88923.14542373728
USR-12641,40.0,663,7,65700.87754787995,2,79297.07105376353,69289.38170014664
USR-12642,59.0,724,6,80224.70298567315,2,,84444.2173965459
USR-12643,22.0,512,3,,1,135974.55975342458,
USR-12644,65.0,700,1,61245.93408095857,2,,65803.81237980454
USR-12645,39.0,823,7,33787.28174484508,2,51925.75497730268,35860.22987518291
USR-12646,32.0,539,2,81855.4994740473,2,36496.41108655792,85109.8062779557
USR-12647,51.0,799,6,60450.59379200141,2,84245.7546462451,64031.6645326206
USR-12648,36.0,677,1,,1,25668.433740847344,
USR-12649,30.0,606,8,33737.342971875754,1,117295.30350842893,35672.51231687532
USR-12650,63.0,835,5,,2,130360.02403685103,
USR-12651,19.0,364,4,70820.17198549418,2,60528.364209704196,74314.26586236771
USR-12652,35.0,465,4,43036.80216364033,3,90828.20033381625,45115.48682657181
USR-12653,45.0,338,0,,1,63263.78726294217,
USR-12654,,728,5,41052.46983881222,1,94889.88892023348,43320.23326442687
USR-12655,44.0,403,6,38806.99321784523,1,124093.27180638237,40819.567790193476
USR-12656,29.0,801,6,,2,98592.2161451326,
USR-12657,26.0,847,7,49567.90164675901,1,27711.272640765717,50954.77809218438
USR-12658,31.0,702,2,65504.50844736486,2,100523.53045211769,69014.98851644015
USR-12659,35.0,715,8,67823.58531728089,1,106190.556443019,70850.9302635767
USR-12660,36.0,581,6,34803.032769037585,2,87053.10699716158,35223.242507075556
USR-12661,53.0,636,5,42807.82231175271,1,128606.16959715607,44591.2644025304
USR-12662,31.0,631,5,39553.63605453555,2,85755.41890813845,40388.684089735645
USR-12663,35.0,677,3,,2,49966.6341075767,
USR-12664,26.0,770,4,,1,,
USR-12665,82.0,631,4,88897.8094489415,1,130662.72523729298,94173.53327887562
USR-12666,28.0,744,7,44688.616373474426,3,106979.25927913768,46752.21932908323
USR-12667,54.0,754,6,30782.701378304526,1,53138.48582001279,31982.780837571132
USR-12668,48.0,365,2,108262.18055701948,2,133251.23918901652,113614.69633136879
USR-12669,,583,2,30310.40495046933,2,109573.3959231914,32673.695595633602
USR-12670,37.0,531,9,13736.314865891203,2,36640.17815379785,14785.983663369598
USR-12671,27.0,414,5,69371.55457309625,1,132400.45355652343,73320.4280502403
USR-12672,55.0,808,2,,1,41961.547245834634,
USR-12673,49.0,823,2,37417.29924366367,1,,39467.448945934564
USR-12674,29.0,376,0,43991.89047243287,1,105921.06958937446,47500.553205622986
USR-12675,59.0,470,9,53854.01481958722,2,104188.98111895347,55967.169617452564
USR-12676,39.0,404,6,70123.73030516083,1,99404.83922491362,72474.84867282026
USR-12677,24.0,845,1,53517.1000990709,1,67871.09638411895,56449.58078316164
USR-12678,44.0,443,3,45396.31323844621,2,100270.16707436398,47937.66880705434
USR-12679,54.0,580,6,50189.79086257373,1,28051.375727492363,54008.58449076902
USR-12680,85.0,693,8,58597.24797508016,3,51084.665832629194,61835.74363683299
USR-12681,55.0,423,9,27531.00304542607,2,103946.31102594272,30103.20508708355
USR-12682,58.0,791,5,45745.38801579741,1,65450.38300842978,47979.80476785644
USR-12683,32.0,774,9,65099.81902325786,1,72201.80421814654,69400.23604146534
USR-12684,,447,7,67250.89089161473,1,30463.286298031337,70299.41937467045
USR-12685,25.0,470,4,29197.935531584633,2,74840.3481754954,30585.962428754625
USR-12686,33.0,419,5,53681.38538539725,2,118147.19701827462,54916.78061431881
USR-12687,67.0,316,7,67691.39987579429,1,145971.71372575953,69638.89311995229
USR-12688,54.0,704,0,70460.57859009388,3,,72939.30879481252
USR-12689,38.0,470,4,86239.54091360615,1,83579.60765488583,89407.6453081392
USR-12690,81.0,466,4,51614.860914468336,1,89746.2965403313,53991.84790782245
USR-12691,35.0,571,1,42863.142284693036,2,144972.8583463498,44787.96507307838
USR-12692,39.0,323,1,44817.18056959173,1,42865.47798130596,47754.218588668075
USR-12693,,460,8,47931.23359527041,1,122239.99917616967,50248.344593238115
USR-12694,33.0,364,3,21223.667128314482,2,125078.97642777125,20797.276365881586
USR-12695,35.0,438,4,59283.41701929707,1,130407.67180578786,63395.76496364949
USR-12696,30.0,594,7,38588.10972413341,1,51534.08510541269,41107.165345486
USR-12697,59.0,362,7,59222.292602802845,2,111154.39326618328,63247.98281674272
USR-12698,78.0,733,4,30552.721310819343,2,63855.72382526246,31983.594287277625
USR-12699,51.0,700,9,20454.556630172232,1,67400.21958275777,22418.05146493312
USR-12700,38.0,587,3,46273.433343499506,1,126784.47715249001,48836.74953874211
USR-12701,74.0,771,3,,1,97761.08483041727,
USR-12702,25.0,300,0,52509.74861164471,2,113459.58032507931,55051.911493640255
USR-12703,44.0,609,6,64659.67751567039,2,38272.482725976806,69122.16571976678
USR-12704,65.0,317,3,68763.33463493174,2,110166.6450054903,73475.54208881655
USR-12705,41.0,669,7,48028.39325710388,2,82175.22232993369,50163.99440119382
USR-12706,55.0,825,1,33649.0967874817,1,67029.12179522609,35236.17373629231
USR-12707,70.0,848,4,57888.46425405379,1,26017.52723531284,61314.064720464856
USR-12708,63.0,511,9,,2,50775.30096879316,
USR-12709,31.0,446,6,85928.86487845908,2,127688.67640271677,90902.12091757855
USR-12710,23.0,630,5,63781.03391298292,2,145155.4733581675,66783.0877739245
USR-12711,26.0,465,7,659905.0431122216,1,40460.20702288741,691112.5074875202
USR-12712,44.0,816,9,82650.02699687082,3,45663.7323708718,86369.65068754506
USR-12713,65.0,711,0,46819.43418154936,3,128032.84798028745,49580.90987100189
USR-12714,33.0,469,5,,2,47438.01506821888,
USR-12715,32.0,667,4,,1,37650.266247571766,
USR-12716,32.0,387,3,77900.9658290445,1,101882.84496591128,80193.07734561959
USR-12717,,711,4,68231.15449520866,2,133103.59154497876,71008.28478670157
USR-12718,37.0,325,6,79355.67275022488,1,56049.04468565034,85141.46313315773
USR-12719,78.0,440,1,57628.497162416985,1,132277.34194766427,60280.09378700439
USR-12720,22.0,609,1,78433.2683414876,1,70139.53028301563,81986.49148426205
USR-12721,56.0,646,0,14546.538647565736,1,137853.38791776245,17555.033993317007
USR-12722,72.0,431,8,24935.69754524267,2,45948.221869510206,25576.244618827415
USR-12723,36.0,645,3,39746.525252838546,2,134427.7095986703,42100.127897731705
USR-12724,30.0,667,2,60482.74490146676,2,77796.39733503625,62263.164963186755
USR-12725,26.0,375,3,30138.194577058843,1,,32494.56465646205
USR-12726,30.0,818,9,23537.905839877574,2,57033.2464750155,24150.707182289047
USR-12727,20.0,528,8,740306.8348138904,2,85830.36487531303,778089.7808814727
USR-12728,25.0,565,2,52842.46751310756,1,145277.11850015988,55977.5938633094
USR-12729,34.0,565,5,54981.705958795304,1,146254.01318819297,56937.05319078778
USR-12730,31.0,424,8,21677.69058645577,1,39175.756842329574,22965.506402258216
USR-12731,25.0,561,9,71717.49820360512,2,134654.58068638569,74266.98743808827
USR-12732,41.0,539,5,45066.880503072345,2,32285.3956218356,48028.456136337896
USR-12733,,723,9,62736.36461820978,2,64262.39520673774,66751.61509436245
USR-12734,44.0,407,1,44580.93326864813,1,137004.58523422186,45677.97031681137
USR-12735,42.0,745,2,,3,58374.03758626489,
USR-12736,55.0,486,8,51010.76402827999,1,62134.252278781096,54877.05090935515
USR-12737,31.0,412,1,33606.42831914342,1,113329.12391303081,37101.57218917345
USR-12738,27.0,370,5,30450.191090570577,1,75822.12364732061,30381.891187381378
USR-12739,28.0,301,7,42126.36407988209,2,117586.72562043805,45537.932741381956
USR-12740,85.0,671,1,38983.69922317085,2,64877.47314169895,39673.30628980775
USR-12741,46.0,594,3,64832.215209078015,2,114923.01297578722,67666.43575618223
USR-12742,21.0,636,3,,2,39320.186250513,
USR-12743,32.0,580,5,78287.49106538815,1,43778.43553753033,81106.00391282824
USR-12744,51.0,770,5,38468.56360165077,2,146587.34150397155,40833.74246574145
USR-12745,35.0,585,8,,1,141571.69815266383,
USR-12746,27.0,344,6,50203.4678901576,1,77155.38664408322,51930.95961444008
USR-12747,,806,8,34642.113588305925,1,20194.509611153477,36084.49585061845
USR-12748,35.0,468,4,61630.122217048796,3,63384.86234304161,64170.82137915327
USR-12749,26.0,479,4,75139.90981423407,2,96658.0697357865,78365.56717614872
USR-12750,59.0,304,6,14959.176924106898,2,103518.74242551198,16595.641235844887
USR-12751,37.0,780,1,34435.746309040165,2,78144.65013910117,36552.26793941967
USR-12752,53.0,605,6,73030.23560710956,1,105482.34949403182,76460.37952457585
USR-12753,25.0,718,8,22118.615050799966,1,115309.0152184696,22716.587709693493
USR-12754,28.0,710,6,65959.44786051213,1,104497.20530510356,69104.36533636773
USR-12755,58.0,462,5,35427.008818455826,1,53736.91217403888,38328.4002886742
USR-12756,67.0,725,7,70591.72472837879,1,38845.30159797773,75143.30266313146
USR-12757,50.0,613,2,13493.911290009637,1,20943.500454764744,12832.622779257763
USR-12758,25.0,562,8,74367.44579532706,2,131482.36607848702,76119.8373015627
USR-12759,30.0,437,5,42077.54935152911,1,142748.92304181264,43268.12831937322
USR-12760,82.0,535,3,41390.96305648024,2,98278.69731590524,41864.7037716622
USR-12761,34.0,473,7,,2,85549.1998121009,
USR-12762,18.0,378,7,60622.465260202815,1,49609.54812722273,63229.95990221735
USR-12763,49.0,457,1,62568.491537690345,2,61427.290766573955,65771.55242831458
USR-12764,48.0,552,5,42178.798900239235,1,46559.46466635511,43454.66846192035
USR-12765,28.0,599,1,40824.411849078504,1,116288.1910507597,43031.67233360466
USR-12766,27.0,313,5,42219.77856839403,3,98780.36291676242,46029.21979554387
USR-12767,32.0,825,1,55568.98125328947,2,62327.305550845485,56245.63189900089
USR-12768,85.0,631,6,29868.157485762018,1,99323.15723908828,32274.1091722267
USR-12769,42.0,344,7,53899.38688207053,1,65679.51176235842,56374.24574273159
USR-12770,47.0,444,9,37613.78876646465,2,22246.31378862891,40637.85249310206
USR-12771,43.0,495,1,125963.67743060179,1,54299.63455922418,131282.87193254483
USR-12772,45.0,548,2,25591.873415357557,1,103733.47928267188,27610.617801521403
USR-12773,30.0,794,7,49160.787540260404,1,27794.365612824044,52151.98804028032
USR-12774,41.0,764,0,46796.52397914195,2,92853.61131938106,49705.63810064789
USR-12775,24.0,839,7,29600.54493408227,1,129588.86783294816,31529.527936124065
USR-12776,36.0,408,2,60884.17423178924,2,26322.635940259388,63165.93074065017
USR-12777,32.0,365,9,31471.8430710958,1,67342.76399055435,33752.101134240525
USR-12778,39.0,439,7,51120.94372650043,2,116489.25256552428,53690.40825553372
USR-12779,45.0,569,8,,1,21231.458610484628,
USR-12780,22.0,603,9,56206.45474101216,1,64280.70112908521,58667.599343788796
USR-12781,30.0,508,8,52675.52830568481,1,108939.12993016838,56004.367104468205
USR-12782,,370,4,,3,144244.22440125555,
USR-12783,81.0,534,9,17462.635600054087,1,55783.65647679536,17407.653000038226
USR-12784,73.0,676,2,,2,78290.6411743405,
USR-12785,,847,0,30354.851655262817,1,105589.40932925006,32651.034135029728
USR-12786,26.0,505,3,78341.29086898305,1,52391.028626659034,82211.33830563663
USR-12787,28.0,596,8,70794.46350332997,1,144622.19081628782,74472.16896261698
USR-12788,56.0,780,3,69981.04802992634,2,31350.67673901589,71569.94988526263
USR-12789,44.0,304,0,52031.60401679008,1,137311.29645540947,57169.543249577924
USR-12790,33.0,415,1,,1,64234.55434732265,
USR-12791,58.0,515,7,27913.907696648355,2,94933.37908848292,28480.154178333505
USR-12792,49.0,536,6,5270.244977259637,2,106803.66645244326,5601.411362567358
USR-12793,32.0,603,6,75691.88186551622,2,120112.8883918301,80743.42803984042
USR-12794,30.0,626,1,,2,145377.34605641104,
USR-12795,41.0,786,4,67536.91803537296,2,96395.9253065032,71898.44986428853
USR-12796,39.0,436,7,36671.49066774027,3,77335.7520046549,39766.175998627215
USR-12797,27.0,606,9,34768.68780283407,1,59800.52767745573,36649.71444285199
USR-12798,45.0,495,8,,2,99944.8095281865,
USR-12799,19.0,818,7,41883.015625128304,2,40313.93926737676,42483.979964543505
USR-12800,29.0,570,9,42872.001344636934,1,59979.57993711564,41985.643976889296
USR-12801,56.0,449,3,54869.0686648719,2,58213.86329199854,58077.97791448055
USR-12802,44.0,544,2,43196.42131299129,1,128479.42229954537,46079.24965365942
USR-12803,44.0,718,6,64570.61592407977,2,94736.42822824458,68299.83060079611
USR-12804,24.0,415,2,21129.79980993561,4,,20430.99051364776
USR-12805,35.0,405,2,49303.51649376649,1,137584.66016949236,51015.16068517359
USR-12806,25.0,341,9,70130.99572112999,2,91131.8406589173,73880.87894428072
USR-12807,37.0,764,4,42766.26109995522,2,106617.23896763947,45905.048384100926
USR-12808,53.0,614,6,,1,54457.94131105771,
USR-12809,,314,3,72957.83114371891,1,134472.24627590994,75315.7532860213
USR-12810,37.0,831,5,67373.18422308336,2,141820.72440316074,71506.59201366869
USR-12811,45.0,510,7,43958.65304165911,2,47227.46711094273,45816.93965726305
USR-12812,45.0,615,7,27853.478724730034,2,83982.98143836769,28769.64659367965
USR-12813,26.0,352,9,40061.06585998487,1,148740.1194900346,41631.96740373179
USR-12814,25.0,742,4,84381.4414036037,2,,90015.2679170102
USR-12815,31.0,354,8,79014.11887100425,1,53101.248207869314,84012.97064818011
USR-12816,48.0,735,4,37487.2174914818,1,132293.24877867228,40412.41928038919
USR-12817,26.0,446,9,37228.58204685953,2,132843.83106790832,38140.8227681546
USR-12818,65.0,763,6,,1,89012.2472251483,
USR-12819,23.0,634,0,51730.298310433565,1,88208.05886292818,53274.277460137324
USR-12820,37.0,790,1,,2,124981.4416681528,
USR-12821,54.0,823,5,50887.27576682954,1,127946.89300990259,54668.275839948685
USR-12822,21.0,331,9,84626.7346293939,2,30055.935248422484,90372.26972178828
USR-12823,23.0,661,7,50709.276922412835,1,95315.4947552968,52634.227808970696
USR-12824,46.0,732,8,42929.92081819331,1,80345.36379377451,44610.596336482224
USR-12825,28.0,583,5,43240.34817466939,2,50358.41590481151,44651.49260650947
USR-12826,85.0,541,1,,1,92705.8779064287,
USR-12827,57.0,611,5,39200.72041853691,2,67399.6838420757,42791.00145346612
USR-12828,41.0,748,9,71023.82768731799,4,128093.11229531348,73635.59186031249
USR-12829,35.0,401,2,73015.33718004842,1,69627.54078505133,78402.93667804622
USR-12830,74.0,370,7,94198.88413140018,2,36326.18442371217,96575.07791563032
USR-12831,40.0,814,9,,1,132719.81082415,
USR-12832,45.0,758,7,58936.12024220177,2,134954.17968733964,62516.51511350064
USR-12833,,403,7,64184.3661618381,2,123893.70161788404,66396.3966494408
USR-12834,29.0,538,1,67405.74276928861,1,42010.76155581516,69926.38413180238
USR-12835,37.0,518,9,14838.944908899779,2,24196.936205570022,18358.77648460973
USR-12836,49.0,519,9,,1,62546.78678587543,
USR-12837,34.0,405,1,,1,123404.73452530251,
USR-12838,31.0,764,1,,2,102065.74198998524,
USR-12839,28.0,414,0,47729.62621830738,2,144390.28924461978,50119.492846852016
USR-12840,26.0,501,2,51120.160097449894,1,78491.56020714849,54665.211842522636
USR-12841,27.0,828,4,0.0,2,59465.38046679682,-463.64333852880566
USR-12842,50.0,665,2,37407.64439975939,2,105735.76810832036,40177.8540579868
USR-12843,53.0,312,6,50120.117939456344,2,33217.39625077602,50939.99883954853
USR-12844,54.0,613,4,16207.458019427184,2,79703.11038389025,17199.924045371412
USR-12845,31.0,797,5,,1,136181.89444007946,
USR-12846,35.0,739,6,48560.33780404404,1,132346.50368882084,50968.24355444857
USR-12847,27.0,682,5,40442.368998364596,2,130992.74358200637,41995.850078654206
USR-12848,22.0,837,9,14399.156716697282,2,40837.82070694126,14964.592828763703
USR-12849,,598,2,26812.931379012447,2,122491.42451389474,27803.07798422685
USR-12850,20.0,590,1,39366.12989385373,1,86967.1545070488,41237.09236948986
USR-12851,37.0,484,8,51716.8434912468,2,,54697.4414020342
USR-12852,34.0,603,5,11821.007194809245,1,96094.59106570005,13652.670533252567
USR-12853,53.0,327,1,100161.30935740196,4,132022.00855731318,104488.94708550928
USR-12854,29.0,722,4,41179.2176988499,1,38457.5861652489,41184.94712015203
USR-12855,34.0,543,2,,2,38798.301536136496,
USR-12856,62.0,838,8,73366.32908790745,1,60272.311454496,78147.4713237456
USR-12857,38.0,827,9,56839.798824902784,2,23039.061092627824,60657.6743787226
USR-12858,48.0,334,4,31954.851550588915,2,,34196.727623916646
USR-12859,42.0,514,9,6486.647994806328,2,,8231.56555709536
USR-12860,44.0,328,7,43578.287891418186,1,37081.504307196665,46571.19340537296
USR-12861,,546,9,35671.824837334774,1,143335.2625007684,37356.14042160894
USR-12862,25.0,375,2,58724.41532319448,2,135534.80168946343,63883.570426115606
USR-12863,,602,3,40979.83010184275,3,55552.35232260088,45248.257804385765
USR-12864,41.0,452,6,77111.67479064838,2,37401.68829179276,80086.19655542912
USR-12865,,698,8,14832.689739151792,1,53084.21038358729,15063.24309106928
USR-12866,30.0,347,5,,2,99739.71113433455,
USR-12867,30.0,573,7,707060.9975210533,3,,743286.4115070973
USR-12868,39.0,634,0,40016.333063998725,1,78223.69328601219,42414.11751293435
USR-12869,32.0,670,7,38058.03922784317,1,89135.83297133677,42091.26262259331
USR-12870,47.0,482,9,32401.266185434983,3,131461.4731567321,33773.474460497935
USR-12871,31.0,354,2,22961.979018355934,1,61086.74789087144,24983.300812322796
USR-12872,48.0,421,1,55707.11550509927,3,134520.9420556763,58239.337831540644
USR-12873,36.0,622,7,54374.096357603776,2,57621.18796824345,57824.24530567281
USR-12874,54.0,775,3,41105.6457345868,1,82458.49381554636,42690.455721584505
USR-12875,21.0,807,6,62362.776475415114,1,85823.50159634493,67437.00581930028
USR-12876,40.0,633,8,72065.23491176129,2,40508.16790179047,76728.26711988224
USR-12877,34.0,758,8,88701.65049096096,1,,91694.47980938535
USR-12878,41.0,749,3,50633.183515572804,1,108940.52177310809,52264.93129308867
USR-12879,41.0,327,9,53674.27211056004,1,145396.0006886459,55507.18093478031
USR-12880,36.0,314,5,42628.367159615314,1,145387.98760961092,44512.19870030339
USR-12881,45.0,477,4,13961.296698674276,1,37711.59862737455,14127.386633885453
USR-12882,48.0,452,6,78670.7519435429,2,115450.11881303551,81164.52608828935
USR-12883,62.0,482,9,87585.11589485109,2,73752.2020347484,91424.74192235709
USR-12884,21.0,375,1,58242.230252602414,1,95327.0434194703,62053.98083716019
USR-12885,76.0,847,6,30688.75885695614,4,21310.408807525175,31994.740621076726
USR-12886,,672,2,,1,107308.04406473711,
USR-12887,21.0,313,5,44137.13840249524,1,86500.7675077975,46808.3464678815
USR-12888,44.0,509,2,89285.89130408096,2,102994.52868500036,94231.97279016563
USR-12889,39.0,311,2,26576.851705457386,1,115932.16089536528,29161.24562755445
USR-12890,45.0,746,2,36752.235021617365,1,30286.387216108007,39190.29096200581
USR-12891,28.0,666,4,42254.294109697825,2,51341.75796920589,45489.84986355554
USR-12892,53.0,360,0,55379.790663459156,1,149456.8838608663,56891.840371950595
USR-12893,29.0,400,9,39164.27574127872,1,88412.4317768559,42373.806257493205
USR-12894,39.0,403,1,40406.25286497393,2,60610.542138170305,41868.04358685136
USR-12895,,744,0,38489.26753527459,1,144297.51542991292,40732.24472358953
USR-12896,36.0,648,9,78919.92004070207,2,48568.258217286464,82879.39728407173
USR-12897,25.0,682,2,46040.56586613635,1,123987.85360825945,48759.81817194355
USR-12898,33.0,703,2,49797.545021444756,1,85982.33604716345,53479.32213157847
USR-12899,52.0,615,0,,1,137090.96879727588,
USR-12900,39.0,568,7,49802.161853111866,2,81777.3529590019,53964.789838289056
USR-12901,49.0,686,0,61858.70249664686,2,38945.03945811029,66037.85223949149
USR-12902,45.0,511,8,24719.92614130026,2,28402.034977536252,25873.026996770845
USR-12903,,520,5,30653.00658609027,4,87627.24951568266,31659.264302147323
USR-12904,38.0,546,7,22645.985251329363,2,48076.89398256825,24667.234167460454
USR-12905,33.0,755,3,55423.82350960589,2,47279.454639275216,57712.26810128833
USR-12906,66.0,444,2,74953.77853989831,1,116260.91143606807,79786.68115699188
USR-12907,54.0,474,8,47280.679319030045,1,135869.8872405928,51344.24285073934
USR-12908,29.0,819,6,39575.68063564056,2,145603.992880253,40363.03897779825
USR-12909,45.0,499,8,34064.03002273954,2,102319.12427304621,34565.55027642408
USR-12910,57.0,597,4,43148.779580914874,3,72585.34073277323,45006.174478690555
USR-12911,48.0,714,1,,1,70727.59563045364,
USR-12912,50.0,387,5,23707.369506201507,3,134587.9479335947,25875.11453880591
USR-12913,33.0,509,5,58990.39749541889,4,140780.10703765124,60277.72470612365
USR-12914,30.0,695,0,69893.67583030739,1,70730.0338362715,73775.21816558694
USR-12915,31.0,332,7,70205.7073198725,2,132335.26748830656,73310.2843431252
USR-12916,85.0,664,8,,1,40507.53969642661,
USR-12917,44.0,686,9,49322.88510901928,1,121488.67810978332,51464.610056821126
USR-12918,59.0,705,1,55139.427115679944,1,104998.44236440655,59964.8935557849
USR-12919,35.0,602,9,96498.60315328324,1,46257.76880867507,100898.23599774325
USR-12920,32.0,413,2,53293.91465337312,2,110170.93580430224,56746.18731035975
USR-12921,48.0,461,1,64365.00377182743,1,,67358.57988845164
USR-12922,39.0,453,2,,2,32510.716538708326,
USR-12923,29.0,531,7,67646.20717921593,2,85896.2493475765,71584.67030059447
USR-12924,27.0,306,2,61948.5976845531,1,27785.43144474104,64640.070035441226
USR-12925,57.0,313,5,90813.7516553005,2,139128.34819308127,94424.80057679639
USR-12926,28.0,515,1,48439.75950891291,1,86055.72294599461,52620.66750686122
USR-12927,59.0,785,1,64247.83381581467,1,42902.5906204718,66443.81323152853
USR-12928,37.0,611,9,57343.72702403366,3,140965.1357665785,59043.51044590686
USR-12929,28.0,835,7,51600.05107111754,2,31574.96984873746,54178.540080043436
USR-12930,34.0,581,1,35355.40751592977,2,,36623.24570980071
USR-12931,,788,6,46658.598089082174,1,94910.21258363903,47473.46020973416
USR-12932,73.0,538,0,31914.355955789673,3,41903.989334224054,32610.49808273337
USR-12933,26.0,539,1,54147.247499389654,1,126798.26960038922,57120.073040830815
USR-12934,36.0,397,6,57483.90258394222,1,149936.643769758,59863.26387578985
USR-12935,24.0,845,6,31863.303139915708,1,21900.358583370144,33956.244959034746
USR-12936,51.0,657,2,21869.53876790133,1,136512.95431038208,24865.003424732688
USR-12937,43.0,690,0,47099.463179670965,3,93012.57677496935,50596.45074359216
USR-12938,42.0,395,7,19921.113271584065,2,64712.99273394005,20053.364224168676
USR-12939,42.0,332,6,,1,126103.12175412737,
USR-12940,59.0,321,6,80985.45805103739,2,44587.44960100068,88293.62079409834
USR-12941,29.0,352,2,43819.582544241486,1,102678.54821480041,47871.25030814831
USR-12942,,470,1,73655.09695404395,1,128109.70741249365,76412.56742599781
USR-12943,51.0,704,8,45769.817559643925,1,,47377.99033085105
USR-12944,48.0,738,8,,1,140432.58441541763,
USR-12945,85.0,500,9,91546.10531109577,3,93290.77027549146,95232.24056865968
USR-12946,40.0,674,3,21021.981552235993,2,142820.9788863957,22121.36071736554
USR-12947,51.0,501,4,80806.40428347228,1,97732.95907119379,83428.68359977329
USR-12948,44.0,488,9,51724.30402395608,2,50984.42235763678,54588.220635777376
USR-12949,24.0,350,8,31602.696045076736,2,74103.60068069771,34539.16184573953
USR-12950,31.0,807,4,63185.56242269715,1,,67002.81333998559
USR-12951,36.0,347,7,,1,62777.59183935035,
USR-12952,51.0,404,8,22808.030310004993,2,125833.7951488301,23961.225653357727
USR-12953,32.0,424,0,,1,100034.88426593061,
USR-12954,31.0,584,2,17325.05046856805,3,140119.25097114022,19522.187475063703
USR-12955,84.0,622,6,48711.78075243025,2,49332.967453639256,51481.52585082108
USR-12956,64.0,725,1,44851.44756407823,2,92966.3040347217,48393.325355918016
USR-12957,56.0,830,3,66210.71827872226,1,53263.002912191085,70293.01487815565
USR-12958,31.0,464,2,66205.80624724877,1,95811.64318222369,70365.6649509125
USR-12959,44.0,565,7,29877.42826040995,1,141134.03460004216,30577.34929755899
USR-12960,36.0,650,1,61101.107444046145,1,66028.89443667291,64889.61722463822
USR-12961,26.0,449,6,27271.734082037816,1,149143.94196272362,28447.401324698538
USR-12962,58.0,742,5,21484.646512297728,3,38213.77974783351,22063.439717663226
USR-12963,44.0,433,6,79301.26746725179,1,83539.11128585559,84138.82531127075
USR-12964,47.0,520,7,104957.25370742119,1,119146.15974347274,108806.1372541023
USR-12965,46.0,527,7,14169.969556931355,1,56152.68019760584,15085.92284581778
USR-12966,84.0,398,2,,2,,
USR-12967,40.0,369,0,59997.34477197781,2,41698.7870753393,64805.451811501436
USR-12968,,584,1,39867.795527143375,1,147450.92700380634,41432.32882270343
USR-12969,32.0,676,3,,1,61473.0795713015,
USR-12970,41.0,717,7,46895.93306677376,1,59311.878881259814,49444.802461979
USR-12971,55.0,533,8,54078.381497136426,3,92032.6479187572,56929.29227873224
USR-12972,34.0,356,0,39523.297479475805,2,64689.305590287506,41146.50485625086
USR-12973,22.0,736,2,37458.30387354256,2,115625.87450780788,38274.470538197114
USR-12974,30.0,523,7,39208.818975161754,1,22623.561999687794,40142.953528779566
USR-12975,58.0,697,0,,2,65696.90260537092,
USR-12976,39.0,715,7,96527.74868322728,1,57467.83603266516,101527.8683895884
USR-12977,43.0,529,7,38000.75528718006,2,80268.64180199555,39949.027298078145
USR-12978,25.0,362,2,59712.00242382752,2,77602.40999396777,62716.866815210444
USR-12979,52.0,823,5,106193.42037548381,2,125790.00382947116,111007.17406133913
USR-12980,71.0,312,7,26531.241455306284,1,51755.93572452049,28122.098058002735
USR-12981,32.0,376,1,10176.200711128287,2,41432.08348485216,9017.33458468
USR-12982,29.0,549,8,51663.81163480656,1,96456.95759773478,52586.651016965116
USR-12983,37.0,555,6,41111.336530614324,2,89455.67610684858,43463.11983604574
USR-12984,35.0,307,7,56010.34593632045,2,102912.37677980846,57972.22238202703
USR-12985,36.0,394,4,69963.87443610906,1,57556.57220979543,72190.56141390261
USR-12986,28.0,333,5,70185.63163694784,1,124132.75802390385,75402.18958612772
USR-12987,,751,9,49613.12246258886,2,116319.92240676838,51908.20392592178
USR-12988,46.0,720,0,7034.123961767364,1,52274.75948864849,7397.551396445102
USR-12989,30.0,355,1,836421.1039210575,1,,875772.269202935
USR-12990,70.0,821,9,54073.019278517626,1,143047.54461595527,57138.468529799706
USR-12991,71.0,594,3,59736.68100835504,2,79258.75681235423,62707.06364733856
USR-12992,79.0,663,6,72932.10408337112,4,108211.26234766691,75336.75281926787
USR-12993,39.0,847,1,59000.899927899816,1,39944.77339622746,61591.822874233614
USR-12994,22.0,517,8,34829.74082457229,2,57893.54640519436,36585.818377666255
USR-12995,53.0,795,2,61816.83806970631,1,140099.5841236164,65834.49073476931
USR-12996,85.0,845,3,45191.594214750134,2,57334.98360625937,49218.13574520721
USR-12997,24.0,473,0,42549.22841466723,1,,44529.90418105639
USR-12998,29.0,728,4,36437.53410650982,1,139175.23855306653,39994.16919448286
USR-12999,,830,6,30036.69024174943,1,77199.92093240548,31793.825722872185
USR-13000,41.0,734,0,47511.48463085666,2,129195.17852125406,50637.233002775894
USR-13001,38.0,394,9,70797.23558856585,1,68389.93938198421,72351.6208078919
USR-13002,30.0,569,9,32558.233566724473,1,,32578.50848915684
USR-13003,63.0,432,5,42934.868969819,1,148745.2958698222,44605.97983856426
USR-13004,48.0,595,6,71080.33332254227,1,119028.46231816939,73882.58595844067
USR-13005,,476,3,52705.45144534115,2,40820.81236904055,56583.93952995611
USR-13006,31.0,728,5,58180.830916848376,4,126605.16957673898,62253.30565468294
USR-13007,48.0,438,1,65019.96671889044,2,30789.235819790938,68504.4405492232
USR-13008,23.0,597,4,25092.54090144359,2,114460.15185540394,26251.062627154915
USR-13009,31.0,829,3,20533.420342757894,1,92767.63794558097,20788.942185116626
USR-13010,47.0,504,6,70750.32837253151,2,135592.4530338015,72908.29117509747
USR-13011,36.0,669,5,37647.557940380626,1,57480.579739978864,41404.9738750364
USR-13012,26.0,515,9,38833.56626936955,1,60072.689622047736,40630.61407414318
USR-13013,35.0,538,2,7950.259018582219,2,49272.01114741805,6746.491733855973
USR-13014,53.0,658,9,59002.35486781388,1,,61053.41507613704
USR-13015,34.0,707,5,27577.64184229508,1,32019.787088293655,28947.311738447614
USR-13016,,784,2,81693.12476739744,1,43982.583824141606,86776.08949630933
USR-13017,36.0,523,0,,1,125842.06431419708,
USR-13018,54.0,627,9,,1,63102.071621708084,
USR-13019,32.0,793,5,70882.40461295532,1,109401.54184692494,75355.35521254972
USR-13020,43.0,768,4,37225.72939885018,1,,37779.04166332049
USR-13021,63.0,646,2,65317.02242244885,2,142672.84485576506,68628.06741265566
USR-13022,67.0,687,8,36698.950986314914,1,144101.49428382024,37672.088121696754
USR-13023,46.0,569,5,42680.16687585034,2,,44401.100116480266
USR-13024,27.0,352,6,11085.564361404453,1,20555.07798287172,12626.427071356167
USR-13025,44.0,753,3,54652.15647818355,1,63277.88861881788,57034.817388393705
USR-13026,23.0,459,2,27464.913475205758,2,90639.53205373816,30056.84201555152
USR-13027,31.0,771,4,42027.114471071174,1,91427.65472749899,43640.35382059426
USR-13028,33.0,552,0,52987.29014970175,1,35956.6752148277,56209.43372797967
USR-13029,35.0,462,4,59008.86625153472,2,131867.83324074518,62394.91708699999
USR-13030,24.0,453,7,,1,110070.18671831836,
USR-13031,37.0,661,7,38551.026936748356,2,108711.09481348339,40579.86921009043
USR-13032,33.0,528,7,51829.865193562946,1,148943.43991953472,54891.17064222371
USR-13033,56.0,407,6,72757.44337411184,1,109296.52884997023,76182.8128229897
USR-13034,44.0,470,1,68043.14284266206,1,,71684.07976850614
USR-13035,31.0,815,1,,2,115773.1418404248,
USR-13036,23.0,652,6,16345.771874706174,2,142143.52820620206,19187.873934601066
USR-13037,26.0,569,1,23154.260331198642,1,61526.646294924394,24899.804506798602
USR-13038,34.0,538,5,46841.39750924552,1,141262.43393183278,49436.83377198053
USR-13039,36.0,668,0,642655.1951967202,1,106264.35856665482,675334.0474178408
USR-13040,28.0,537,9,,1,68503.8250550656,
USR-13041,34.0,822,8,64028.914448580705,3,123285.64516217452,67944.79717616134
USR-13042,24.0,787,4,79788.42387581145,1,76569.80024531239,81969.44756882108
USR-13043,32.0,308,7,44947.63826854797,2,148874.94060197833,47835.24110559261
USR-13044,80.0,840,3,47604.802066289085,4,96145.42000456901,49187.81379995627
USR-13045,33.0,623,3,36974.576524771124,2,36519.24681276645,38516.82342854341
USR-13046,29.0,800,1,400453.65802891087,2,59436.16950201266,420573.48842043016
USR-13047,23.0,742,3,,3,139831.774698545,
USR-13048,35.0,640,1,,4,87817.49357470257,
USR-13049,73.0,600,3,74260.45104289246,2,114223.33139386504,78496.36580861405
USR-13050,57.0,570,8,62554.89532450747,1,,66568.08381198393
USR-13051,62.0,417,8,,1,139642.1943645298,
USR-13052,33.0,433,1,58222.00255667878,2,87733.31645358093,62203.27164606134
USR-13053,42.0,581,4,77360.49361445277,2,125616.3532322981,81633.60413169496
USR-13054,24.0,794,4,12342.696602468714,2,115742.68734640427,12893.2063166136
USR-13055,,721,8,65063.48850456857,1,93895.79617922155,69780.01596687137
USR-13056,50.0,625,5,18707.452856991673,2,91311.44788396556,19369.948731580345
USR-13057,22.0,355,8,29681.255109916583,1,100075.79295367732,30184.35633751917
USR-13058,78.0,816,5,39375.01560034483,2,,42626.14908525159
USR-13059,79.0,696,4,49906.60094439139,2,55061.41591468626,52034.0542004654
USR-13060,45.0,633,4,,1,37142.31421350078,
USR-13061,30.0,406,5,39662.978777789736,1,63742.477203492424,39662.37419218576
USR-13062,62.0,302,4,18954.105048492,2,27304.269733056866,20429.65339474676
USR-13063,27.0,753,0,55528.45801690045,2,39840.56511644191,57694.01737647342
USR-13064,34.0,521,4,69667.09050928717,1,52344.88425404216,75251.72445751571
USR-13065,32.0,671,1,56146.879937397745,3,88076.58558455376,60226.44213603351
USR-13066,85.0,398,7,51716.79110792358,1,74707.04374804544,54765.850052206704
USR-13067,33.0,466,1,64787.78356992019,2,139460.34785119395,69630.88458408754
USR-13068,61.0,730,1,76360.9346924799,1,110641.46273933748,80196.54887441466
USR-13069,44.0,689,0,51288.48282495778,1,116598.5289418542,52699.96455943761
USR-13070,21.0,797,6,35900.04513926615,1,54897.712289445706,36747.06596326112
USR-13071,73.0,830,4,,2,68587.11645591572,
USR-13072,21.0,506,7,42217.03390232325,3,121181.80061642847,43729.13918510519
USR-13073,50.0,637,1,,1,72134.74850442712,
USR-13074,,807,1,86877.15219325796,2,51177.18351994519,89365.44404295857
USR-13075,24.0,471,0,59128.892343545325,2,110609.6648187139,63669.73900294104
USR-13076,51.0,586,3,64205.91679684562,1,,67713.15989269031
USR-13077,25.0,332,3,22683.052786979308,2,95103.0637839577,24202.334455827775
USR-13078,85.0,726,9,41420.69444606233,2,136349.1089245986,44641.33595286146
USR-13079,55.0,349,9,21057.38283215514,3,51062.11850817237,22437.02537061657
USR-13080,45.0,591,9,22564.984532308325,1,48979.46588880921,23149.948049602397
USR-13081,52.0,811,6,41109.96227428152,1,,43292.29383122726
USR-13082,63.0,358,9,78188.1681527918,1,80778.5633141131,80777.0777704874
USR-13083,42.0,838,3,20798.95473909738,2,144215.5767592304,21151.25523924664
USR-13084,76.0,501,8,46969.15505575011,1,122480.94559287888,49347.74749898259
USR-13085,58.0,783,3,57792.492965435864,2,38077.51857312656,60924.0196905876
USR-13086,65.0,826,0,43075.720143404054,2,146996.0534896555,46005.09034907312
USR-13087,26.0,331,3,,1,134487.8520504339,
USR-13088,25.0,768,3,49309.720129846435,1,129682.97633547598,50988.47325843347
USR-13089,54.0,390,5,38773.3397939677,1,36618.35181036779,40783.972770169275
USR-13090,39.0,686,4,54661.05922006077,1,120031.17244223929,57579.82647560472
USR-13091,84.0,748,8,33946.38414385575,1,82689.49860318933,35645.638980215044
USR-13092,24.0,403,0,73325.91095382876,3,,76908.58627256298
USR-13093,27.0,605,0,49068.808538627876,2,24913.42467866363,51359.23612689942
USR-13094,37.0,558,7,,1,126909.02088309414,
USR-13095,27.0,831,2,14683.728947618234,2,32940.07095451826,19101.67829127265
USR-13096,35.0,735,8,63232.4508911977,1,32227.338236815456,66524.41163287596
USR-13097,51.0,573,1,,2,122979.18936220773,
USR-13098,38.0,620,4,,1,93555.32464348401,
USR-13099,28.0,390,0,55895.051602461856,1,91937.93715120458,59441.62628063707
USR-13100,29.0,397,5,61300.07019717273,1,,63575.86212274081
USR-13101,27.0,760,5,10641.476949211166,1,89950.03599037773,10305.749754687238
USR-13102,56.0,656,6,23415.831450350044,2,112625.06604525626,23171.614210472122
USR-13103,44.0,597,4,,3,62604.5689697511,
USR-13104,20.0,513,7,40904.678338978265,1,109354.33176386861,43392.898705341795
USR-13105,33.0,786,9,71190.93282447977,2,142301.43317094038,75422.62940532743
USR-13106,85.0,382,0,3280.535412679099,2,94360.23425840332,2139.398854532038
USR-13107,48.0,412,8,11756.70813595222,1,34209.59008564349,12162.428646359178
USR-13108,39.0,632,0,50589.64636401475,2,,52922.69587230529
USR-13109,29.0,829,6,92133.09324406859,1,113649.89558136491,95508.86234750695
USR-13110,61.0,458,5,58290.85517183592,1,130068.66866446528,61716.26420903436
USR-13111,,686,6,36887.0700128733,2,70091.07113950359,38663.59657889767
USR-13112,28.0,677,6,94252.74892756622,1,28157.800998045263,100131.5115910214
USR-13113,47.0,393,6,660.1469917486102,2,40230.36930375591,695.2861387405138
USR-13114,48.0,388,9,64590.06635620415,1,98362.83307700687,68568.58506503784
USR-13115,51.0,567,8,41159.08470925428,1,91016.43515979411,42366.59249490691
USR-13116,20.0,474,1,30045.70637755003,2,121769.75210016214,31958.386879491176
USR-13117,,534,5,76509.89304723391,1,86024.61398073763,80199.46445154648
USR-13118,56.0,518,6,56225.10727274423,4,103193.86110662157,59177.831958065064
USR-13119,56.0,397,0,76219.5482854206,1,78098.89309119733,78290.33873527519
USR-13120,56.0,468,6,39913.87842747509,1,,39943.69885392193
USR-13121,27.0,324,1,64906.915008515134,1,100143.77232708865,67758.72212963179
USR-13122,54.0,800,7,44421.52444384431,2,58434.6863689268,48972.73083459392
USR-13123,47.0,460,4,51203.8072096802,1,32136.66331570789,53964.65737547826
USR-13124,36.0,580,8,63368.94670970327,1,,66014.21422249364
USR-13125,,626,9,2513.392606670539,1,87496.6296208547,2249.414622491601
USR-13126,,560,8,45993.79168275055,1,83756.80927604322,48431.75567558508
USR-13127,42.0,588,9,38916.31707414527,2,22378.517379726905,41614.21110381748
USR-13128,,449,2,64129.40760213887,2,95626.5684150336,68060.87089307765
USR-13129,26.0,548,9,27480.635847364265,2,97184.89737586903,29025.550443317752
USR-13130,52.0,328,7,63331.16153621526,2,60488.76661475728,64895.92520563874
USR-13131,39.0,848,6,95442.93275478193,1,,100852.87109278304
USR-13132,37.0,678,5,54343.97338323672,2,120352.05130231874,57203.29421714317
USR-13133,46.0,341,6,82286.8968231552,3,135854.7397603191,85512.50346224822
USR-13134,54.0,484,0,75015.43854192916,2,55173.13174416004,77642.89592998316
USR-13135,36.0,567,3,57485.91545980276,2,37318.85478423214,62540.69638900561
USR-13136,43.0,489,9,36877.81237903994,2,62771.44171188302,37333.67199110798
USR-13137,36.0,396,7,13772.120554903231,2,48528.47226336978,13614.627555011593
USR-13138,24.0,716,9,,2,140721.4899158585,
USR-13139,51.0,731,1,56847.80897904996,1,31906.297327307722,59437.015582015054
USR-13140,40.0,692,8,,2,73618.40442724751,
USR-13141,41.0,510,0,32516.43039383781,1,69854.70116419924,35304.40472894218
USR-13142,34.0,707,9,31710.143783269974,1,23543.970476609124,31608.74788844185
USR-13143,27.0,557,0,45895.45403651919,3,,50505.17373768635
USR-13144,23.0,362,8,82355.58002873026,1,129841.28353674017,85356.40340745843
USR-13145,39.0,574,5,,1,89223.80299083424,
USR-13146,56.0,368,2,45558.28158599134,1,95319.92966621481,47633.12020605176
USR-13147,39.0,628,1,51163.66366203562,2,51193.59885076285,54542.255053764755
USR-13148,35.0,492,2,55096.278827452305,2,93664.57854431924,55365.5596403093
USR-13149,40.0,708,6,18201.115880161095,1,31916.48958627633,19463.53557084339
USR-13150,46.0,392,8,,1,31207.495485344705,
USR-13151,26.0,309,4,321767.4074440189,1,125559.91423810476,338411.2326323647
USR-13152,54.0,341,9,,1,21838.71180084473,
USR-13153,49.0,463,9,,2,94981.42060525338,
USR-13154,26.0,536,0,28453.302712718138,1,111068.42380602557,29291.153928698008
USR-13155,39.0,602,4,,4,143438.6167447712,
USR-13156,85.0,435,2,15879.282049395086,2,48847.38226831924,17125.566478661127
USR-13157,73.0,628,0,59746.03761838366,2,62878.69193169653,64089.51092196863
USR-13158,38.0,696,8,31943.300642276547,3,67757.1636003931,33269.167823942014
USR-13159,51.0,445,8,48356.68849450896,2,37462.84628270009,51882.8856476055
USR-13160,23.0,326,5,32486.417377117567,1,43864.04778174779,32413.170073101326
USR-13161,25.0,636,2,,4,,
USR-13162,85.0,766,3,47926.85585279145,1,37999.352623845494,48996.228212143214
USR-13163,22.0,758,4,18703.05164200016,3,52503.279274738205,19372.768373706615
USR-13164,29.0,536,0,28886.116482063757,2,57381.850599464415,28933.042304091832
USR-13165,23.0,373,6,54233.022480793974,2,94490.3942219262,56606.998400045275
USR-13166,,610,5,52514.524363243036,1,82179.74376361241,54644.94284671964
USR-13167,,637,8,47738.6930919396,1,,49563.98827794021
USR-13168,44.0,632,9,,2,132810.09715483827,
USR-13169,,549,9,63377.54194255498,1,70320.28891046705,66388.02138059019
USR-13170,20.0,780,1,68109.65155699826,2,64319.184397665595,70629.75158266825
USR-13171,45.0,719,9,102748.85486289983,1,94015.10843937888,108352.69014551664
USR-13172,37.0,747,9,0.0,1,103826.92712700613,320.536939413486
USR-13173,55.0,526,0,66550.17020821209,1,80489.72598185518,68879.68909497098
USR-13174,,341,8,33957.26569521746,1,75734.28342831813,35814.8346586092
USR-13175,30.0,768,4,,2,101088.31723495807,
USR-13176,54.0,448,1,46031.07088606831,1,74443.99251723196,49849.53433822301
USR-13177,34.0,450,1,,2,139661.17814951262,
USR-13178,36.0,481,9,59511.75840959549,1,144991.07441686816,62317.85028452534
USR-13179,35.0,839,4,46486.88949689192,1,,45322.37721551515
USR-13180,29.0,521,2,17013.80957608771,1,115927.61503130778,18185.4392348469
USR-13181,85.0,459,8,,1,89183.82151779986,
USR-13182,42.0,797,8,39301.41231592457,1,38667.478003176446,40483.23278098979
USR-13183,34.0,374,9,57737.833246769136,2,138800.6736783769,60875.215524182044
USR-13184,33.0,718,9,58995.044517267226,1,55594.22510912653,61643.00945451932
USR-13185,27.0,813,5,100794.60398441346,1,,106709.27217830406
USR-13186,54.0,436,5,39530.75738070002,2,114836.49780616982,39921.241822579635
USR-13187,69.0,557,2,22777.884636984167,3,,21375.201317433624
USR-13188,74.0,582,8,30342.82394643188,2,145382.9993961862,31760.801834744623
USR-13189,24.0,396,3,59777.553516870146,1,90607.62833966655,62544.82969009366
USR-13190,37.0,847,2,74232.1480487995,1,,77568.1372554201
USR-13191,62.0,385,3,69523.60866072253,1,108946.87255311955,72021.39758825295
USR-13192,54.0,615,3,84660.90411531882,2,127447.0613427982,87987.14547643402
USR-13193,37.0,628,8,74303.91041570189,1,,78748.47447308061
USR-13194,85.0,342,7,74824.80727357978,2,48884.05918484358,78694.75219264285
USR-13195,26.0,643,2,50222.54333472301,4,68596.1955344487,51838.103807336076
USR-13196,49.0,607,5,37564.18929630509,1,107132.09307198139,40072.93044963491
USR-13197,45.0,787,9,76476.51890317204,1,33038.11389819953,81239.41643529972
USR-13198,30.0,516,9,81136.37936123434,1,68389.91594650224,85939.07841358881
USR-13199,21.0,681,1,,2,139119.9970643316,
USR-13200,19.0,725,6,58733.67282412768,1,45606.096036869334,61999.62674405189
USR-13201,47.0,631,1,70321.07633464504,2,,73677.30262976239
USR-13202,23.0,755,6,44252.72183687819,2,40898.323388403485,44193.551529976845
USR-13203,40.0,667,6,37591.613983247815,2,89349.15390613496,37571.865449617886
USR-13204,71.0,759,7,,1,149635.91265975853,
USR-13205,30.0,646,8,58820.28185049469,1,143332.57767155237,60741.03672538288
USR-13206,33.0,837,4,86724.79933072694,2,127056.63941483307,91846.31120350637
USR-13207,29.0,741,3,,2,90939.16812329793,
USR-13208,45.0,466,7,710899.5609763067,1,24236.09650017059,747793.9624190094
USR-13209,48.0,777,7,88223.9277836158,4,134101.50090475948,92528.84203921199
USR-13210,85.0,442,1,64199.987722744896,2,124454.20886858746,67604.52603684101
USR-13211,31.0,480,4,50351.52768605992,1,133508.41760606982,53566.90615545294
USR-13212,70.0,735,5,44190.304203073836,2,42189.415600137334,45853.94674399804
USR-13213,35.0,586,0,70265.64605937556,3,115184.42463462241,74052.16559925502
USR-13214,52.0,810,3,72022.935641035,1,50859.85552807909,76617.53222324664
USR-13215,28.0,845,0,,2,147089.9598112141,
USR-13216,30.0,718,5,66399.60643509697,2,98220.00331121967,70385.55339097138
USR-13217,39.0,678,2,27409.90324919859,1,114190.37504224408,28307.635751279446
USR-13218,52.0,502,8,27008.01866817679,1,100396.3493990633,27870.85253607359
USR-13219,25.0,620,3,,2,,
USR-13220,63.0,462,5,57842.35936652607,2,40941.2227105292,60182.89372146557
USR-13221,60.0,505,1,40191.539844539286,1,126513.70343387274,40253.47076084149
USR-13222,83.0,687,0,48853.06779602381,2,30096.39461929164,51612.167875508974
USR-13223,25.0,802,7,65907.89757016115,2,36378.04622165196,68366.01867752639
USR-13224,37.0,653,6,47143.12698893145,1,68365.07321366812,49969.828283756106
USR-13225,,574,8,25784.953810188723,1,20779.551125480753,25735.29278302525
USR-13226,23.0,432,0,,1,41518.91585565903,
USR-13227,54.0,704,1,69467.72974413355,2,65619.80119420492,74208.69153403722
USR-13228,46.0,524,6,18835.45211980378,1,61003.74133988279,21196.196084237465
USR-13229,29.0,456,7,40333.48599157036,1,31385.13990066523,42865.83765271264
USR-13230,74.0,725,6,36519.86189732484,2,96426.9415903198,41173.6238437995
USR-13231,29.0,819,2,57951.52545736001,1,,59325.92562668929
USR-13232,71.0,389,5,35157.008747720116,2,107923.90986048755,37966.55721245864
USR-13233,47.0,651,4,,2,112463.71393873032,
USR-13234,32.0,646,6,24077.783386979394,1,119488.26547050958,24942.248273867863
USR-13235,36.0,302,1,46472.35082885331,1,70482.61984882597,49452.264114000005
USR-13236,70.0,455,7,56899.1335069478,1,111055.74334985597,60110.19520369198
USR-13237,79.0,831,9,52780.448211172195,2,100818.11136789001,56088.117202322755
USR-13238,37.0,362,3,47186.224369274096,1,84071.42633694242,47073.084241999684
USR-13239,55.0,464,3,53734.37840070871,2,114177.49043700947,56005.9717735245
USR-13240,35.0,755,7,53914.908948319964,1,142017.62207440333,56683.791016429095
USR-13241,49.0,723,6,56045.21977262514,1,145007.4140989704,58477.70323202616
USR-13242,39.0,818,8,52991.166289991896,1,59467.513664420396,57682.20507180244
USR-13243,38.0,499,5,26052.916569764366,1,47464.739182408375,28252.893733707013
USR-13244,20.0,343,6,74941.59880087164,2,89636.19723611549,79170.16883874948
USR-13245,20.0,348,6,39907.069251898814,2,60124.83352561189,43607.28607924555
USR-13246,35.0,776,4,,2,46062.09159556028,
USR-13247,57.0,305,4,28113.197988690583,3,33661.415333464174,29949.816653520298
USR-13248,77.0,384,9,66838.18141100959,1,25066.554338174567,71229.84904462672
USR-13249,28.0,413,5,65240.68024420609,2,57969.70206273427,70216.4991431951
USR-13250,22.0,780,0,67439.54975584144,2,,70479.40096611748
USR-13251,26.0,541,6,45704.5251392757,1,36241.22940326063,49252.20959510469
USR-13252,28.0,597,9,,2,87868.7813154612,
USR-13253,23.0,434,1,39618.77814619768,1,54785.714262078975,41126.671764520564
USR-13254,40.0,341,8,64415.05410360865,3,110568.20097225648,67768.93274582207
USR-13255,37.0,372,3,48196.71442877036,2,87921.94381827595,51138.50240959712
USR-13256,38.0,805,2,57366.3944297961,2,100593.08994007325,58981.44498048185
USR-13257,31.0,385,9,48606.4092780072,1,43689.24693864261,50508.95897459276
USR-13258,83.0,408,4,40480.85811415884,2,68919.158232757,42888.29038240803
USR-13259,23.0,426,3,18214.959547946808,2,32246.481116873318,19231.11242005997
USR-13260,51.0,560,6,48436.02633522498,1,141393.15696603712,50747.18632533163
USR-13261,48.0,378,0,29114.694011313382,2,105822.87786558885,29025.31578573629
USR-13262,34.0,842,7,10602.086376871659,2,102499.18164596667,9773.26521786029
USR-13263,31.0,838,9,,1,113086.9439102551,
USR-13264,33.0,322,3,36460.11371988504,2,23349.984812167197,37927.58270110889
USR-13265,35.0,572,1,45683.81658234712,2,45736.74336247564,46169.978128901515
USR-13266,42.0,770,3,37106.15621809829,2,76504.98196221833,38719.58687328456
USR-13267,50.0,450,2,42566.192308788086,2,55082.68235549436,44743.06898873575
USR-13268,30.0,673,9,36513.355292592605,1,136694.30028447707,39397.10032073693
USR-13269,48.0,384,9,,2,55050.4315089543,
USR-13270,44.0,336,0,,2,33508.63011114274,
USR-13271,46.0,599,1,,2,99798.4958157966,
USR-13272,30.0,675,9,29286.389806031373,1,119082.32079033795,29461.938923645248
USR-13273,,849,8,59034.47243061947,1,56025.771383756284,63433.58148826157
USR-13274,33.0,543,4,18839.361969327525,4,125103.09708420774,19727.1423174801
USR-13275,41.0,456,8,31780.83976398302,3,60776.154180806996,32897.35342209578
USR-13276,44.0,469,7,28554.102589655056,2,51680.909823690396,30749.527167340493
USR-13277,22.0,660,7,53070.08695812072,1,138601.37786073983,53712.00945115789
USR-13278,36.0,348,2,32582.44796583276,2,83791.88707485229,32774.12346432918
USR-13279,19.0,366,9,71668.3674777862,4,111356.11491609065,76962.60990794774
USR-13280,53.0,780,3,69638.20528908401,2,29013.812482137346,71786.29701886834
USR-13281,69.0,764,9,42273.4388572204,2,27949.46123833651,45546.568981082404
USR-13282,42.0,435,2,46527.415328843876,1,102689.03292180758,48628.28114382381
USR-13283,70.0,717,9,38400.08659008611,1,57900.59623193694,40075.132821028405
USR-13284,50.0,446,1,35702.041242578474,2,113010.41852808121,38436.8031006493
USR-13285,55.0,474,5,96210.52745216229,1,96510.2390119897,102045.21842389008
USR-13286,46.0,344,9,66939.07102422837,2,,67884.11173796032
USR-13287,22.0,616,1,52923.231336993034,1,68257.4276863221,55034.81892327592
USR-13288,35.0,341,5,34008.88915025891,1,42510.298221844656,34956.64627365902
USR-13289,42.0,663,3,54661.06377677273,1,69145.92867530056,58410.74775434717
USR-13290,52.0,620,8,67372.47836029137,1,25537.109184518235,69942.23765179722
USR-13291,68.0,766,7,48005.5274321807,2,71104.9147127587,50509.56404542101
USR-13292,,838,4,48131.63985006182,1,137215.7444380246,51166.99264513575
USR-13293,59.0,828,4,76856.74782416683,1,120662.00745450617,81760.94431734561
USR-13294,54.0,652,6,39984.205056805135,1,95480.60007914521,41965.27545789517
USR-13295,48.0,546,1,,2,36784.76474690893,
USR-13296,42.0,394,4,727193.8685964018,1,48693.81710284628,762574.0283026408
USR-13297,36.0,602,5,56872.32257980425,1,108096.8292573122,59972.51438138221
USR-13298,32.0,734,5,53969.95777754248,2,80442.32324431572,56404.03428117026
USR-13299,22.0,718,6,85451.81034684365,1,,90417.22734747922
USR-13300,41.0,388,1,69366.5811831199,2,69912.89390021491,71273.52949335607
USR-13301,24.0,422,0,38239.86139048478,2,109493.10672311446,40449.76922047021
USR-13302,64.0,341,4,,2,130565.96356446548,
USR-13303,62.0,704,5,33354.972941036016,3,118127.79003997028,35026.852712795975
USR-13304,26.0,340,1,58632.35158589603,2,101920.85067415432,61375.87297254867
USR-13305,44.0,321,7,63170.10654780177,2,47656.59257361101,67106.13035344656
USR-13306,71.0,312,5,54626.07735221395,1,99071.09471025078,57171.51631530708
USR-13307,43.0,550,2,27863.10125048018,2,39364.526997357796,30561.304353389107
USR-13308,28.0,681,2,,1,123429.46862384191,
USR-13309,76.0,389,1,36571.0400970663,2,109961.36443259814,36209.24424956697
USR-13310,39.0,308,9,70329.82129617894,2,,75249.29632759876
USR-13311,36.0,470,2,59226.061275228385,1,56002.29220825154,61293.97123353644
USR-13312,85.0,791,9,29320.64297768938,1,121876.64877314307,30591.972293542643
USR-13313,32.0,582,4,79517.48678817702,2,67852.217984196,83871.05785132338
USR-13314,37.0,809,4,30118.463728994102,2,141096.5402335825,32070.913879918477
USR-13315,56.0,666,5,62380.72425003862,1,59716.62252572319,65889.91730498272
USR-13316,41.0,404,4,,1,113442.2219832377,
USR-13317,27.0,737,1,,4,126420.80991539345,
USR-13318,37.0,332,1,54759.57618437291,2,85211.39825172808,56995.06311124729
USR-13319,38.0,541,2,31884.158459166803,1,79228.06956069815,32868.174969759566
USR-13320,85.0,611,9,95616.3637644063,2,28533.483916724683,101135.63376637887
USR-13321,29.0,475,2,43459.55201025908,3,96491.03603357378,46497.80039501857
USR-13322,47.0,762,6,12007.362282437796,1,60282.385384702466,11587.393764606295
USR-13323,34.0,545,6,19394.234072791005,1,109291.70867360331,20785.006415300682
USR-13324,43.0,546,9,640483.1465879168,3,40403.91434624675,672316.5768680783
USR-13325,30.0,324,1,45409.97251463717,2,,49060.86227392357
USR-13326,47.0,602,2,,1,93953.46753303742,
USR-13327,58.0,373,5,,1,26153.25173050092,
USR-13328,41.0,565,2,23105.333208993205,1,141137.68740040102,24703.461804418595
USR-13329,36.0,524,7,68767.07688456523,1,24608.60200232044,72254.13484429188
USR-13330,22.0,646,7,74836.0655856386,1,130308.82193247638,79795.35397882502
USR-13331,32.0,768,4,20643.766740135598,2,31995.583704479126,21004.83784043744
USR-13332,25.0,844,4,32335.77464320029,2,37126.29718825387,31050.87919661114
USR-13333,43.0,405,6,47575.02750406071,3,118894.14371413583,49050.80037602416
USR-13334,25.0,631,3,,2,86837.51397513832,
USR-13335,45.0,558,9,25371.95105097274,1,23868.913533844545,26602.545974813962
USR-13336,45.0,654,3,62232.58256093757,1,36684.11019125194,67208.8942974854
USR-13337,54.0,576,8,64621.048908968165,1,70875.4825729019,66430.02679968177
USR-13338,21.0,814,8,62330.81964434377,1,28989.148996804674,66748.67215421906
USR-13339,59.0,774,0,57757.38761894639,2,,60381.07264750831
USR-13340,40.0,687,7,39316.802374587875,2,79848.53521194505,41022.442984940935
USR-13341,59.0,751,1,59227.441133512126,1,111550.11062459619,62681.29121800448
USR-13342,,382,0,26975.52439454906,3,62739.18332660388,30578.700228119844
USR-13343,28.0,420,6,,1,81733.13154845964,
USR-13344,62.0,487,5,0.0,2,88846.06566426385,1644.0614528315336
USR-13345,23.0,673,8,83842.54933208597,1,77964.69236793583,88847.01009257996
USR-13346,30.0,442,1,38183.13056545955,2,139336.26007662178,40293.7735741879
USR-13347,23.0,562,8,62124.42073208461,2,121548.4941564246,64391.83917869697
USR-13348,36.0,454,2,,1,128314.08674349393,
USR-13349,25.0,829,8,25088.451207339254,3,82735.41461385216,26706.453150226036
USR-13350,72.0,617,0,65418.36805533931,1,114301.48492274531,68331.8662031368
USR-13351,,525,6,41863.854240275235,1,131855.54744088172,44418.689612691036
USR-13352,23.0,759,6,,2,,
USR-13353,45.0,570,8,49495.39094879374,2,39519.00285452794,52058.444840190394
USR-13354,58.0,351,1,20557.633324637696,2,74401.54643851765,22128.714443685538
USR-13355,23.0,366,1,25668.797042254402,1,121857.07118981288,27460.64904525517
USR-13356,29.0,338,5,59614.37931243449,2,62197.859150160155,62574.67411446047
USR-13357,32.0,352,5,50952.59953826125,3,64027.807295837694,53943.01773782326
USR-13358,48.0,673,8,,2,47122.599509355336,
USR-13359,78.0,624,8,65609.9716272985,2,121237.6401692457,66631.1175631602
USR-13360,52.0,672,6,9383.014450288378,1,48904.44132697249,10380.069410160691
USR-13361,42.0,371,9,53906.9197638352,1,87918.88229949004,56871.4781954621
USR-13362,34.0,641,3,85636.80503264835,2,72363.67902414381,88903.20404556672
USR-13363,36.0,584,0,8992.326552491264,1,,9588.64435658213
USR-13364,53.0,565,3,68270.75156050862,1,63064.82677815522,70124.22439992716
USR-13365,27.0,636,4,,1,89328.42320106171,
USR-13366,37.0,433,2,49229.42286981523,1,149592.48264378292,51957.553666625936
USR-13367,21.0,479,6,53365.127820155445,1,64052.2037280817,56118.07290468094
USR-13368,23.0,694,2,63305.29487921014,2,39917.65165322426,66242.62968941378
USR-13369,40.0,591,6,42852.85964338669,1,52291.7631561203,45643.785713143065
USR-13370,29.0,417,7,,2,22734.24555909764,
USR-13371,51.0,696,9,53179.50780212064,1,133008.85502763314,56166.52744387304
USR-13372,36.0,709,5,,1,94021.27467375176,
USR-13373,19.0,414,0,29954.781091389563,1,141428.93553391102,31256.628321984757
USR-13374,65.0,490,2,53995.98045262052,2,123827.96097886881,57601.2594665618
USR-13375,80.0,501,1,48315.79206775277,1,131197.33629479737,50376.21487919193
USR-13376,51.0,822,3,36155.62183221509,2,126287.08610027995,38771.08243862915
USR-13377,54.0,675,7,65120.727515507366,2,,66956.74790197694
USR-13378,44.0,731,3,22738.29457878843,2,77457.04546222216,23341.100307367065
USR-13379,37.0,781,6,,1,99125.6097234396,
USR-13380,55.0,415,3,42937.13340390076,1,84864.64142861712,44388.59018177297
USR-13381,22.0,761,4,57829.70746801412,1,81580.65729965089,61288.224242244345
USR-13382,34.0,645,1,43672.09522963285,2,39169.97643550878,47537.55554009468
USR-13383,52.0,356,8,57711.86990266378,1,120986.81922390769,60653.45725794872
USR-13384,21.0,569,0,55514.962962300975,1,26670.044157685872,55998.78039267477
USR-13385,34.0,385,1,57007.17145954985,1,27231.93303093592,59813.8271120541
USR-13386,30.0,463,7,80618.15711634228,1,68347.10917703375,85581.77106933117
USR-13387,,326,4,60306.05043820232,1,27320.539988336783,63720.93720388561
USR-13388,25.0,557,7,35787.87505618202,2,76089.39998216313,37933.660811196
USR-13389,45.0,434,2,47228.99476007443,2,130729.88028724807,50135.014013001346
USR-13390,23.0,495,2,16806.09089456474,1,79484.8762828901,16974.140575517595
USR-13391,44.0,646,4,53494.74037001719,1,89632.34789945593,54101.40442212016
USR-13392,20.0,592,3,84004.66135275726,1,45996.89576971973,88442.26499169352
USR-13393,60.0,579,6,97659.82383756737,4,62162.25689592868,103132.75222174841
USR-13394,,301,2,37994.43711729295,2,70939.92110033642,38474.406331707636
USR-13395,28.0,377,9,61711.482133625774,2,146175.77501639538,63787.48370471076
USR-13396,40.0,467,3,46733.854984850266,3,93430.44779793297,50058.35800134701
USR-13397,72.0,311,4,54215.16491848449,1,87168.44374561435,58190.29615091159
USR-13398,25.0,800,4,43652.647308626016,1,105419.5097530504,46344.93053067989
USR-13399,32.0,495,2,31809.471303614595,2,126322.88475498674,33155.31137612261
USR-13400,20.0,824,0,32003.54782049985,2,137424.71820577726,32965.34064833352
USR-13401,30.0,435,8,42983.13201546219,1,58055.621833165416,44176.449082451916
USR-13402,19.0,403,4,54974.61897244517,1,114139.86151084231,59185.82571784805
USR-13403,27.0,413,4,64949.97115678052,1,142090.17452018277,68936.68879220424
USR-13404,44.0,628,1,98406.56456380841,1,79315.95902073989,104456.47872589699
USR-13405,33.0,443,6,569995.669167025,1,,597822.8511521245
USR-13406,44.0,759,0,73659.7871890232,1,80381.9450773196,75682.54029483742
USR-13407,62.0,409,1,61374.813178415796,1,36340.94588290861,64761.37564241429
USR-13408,68.0,468,2,39231.70604377538,1,60995.24963381941,41588.098543614266
USR-13409,26.0,510,2,47879.82730951912,2,21877.981462371892,50566.495676449544
USR-13410,28.0,493,8,,2,32453.567367883967,
USR-13411,35.0,382,2,60733.9497347063,1,116637.10184271837,61814.675146619564
USR-13412,33.0,374,9,69245.83006329065,1,41939.767102538084,72476.1436566651
USR-13413,42.0,590,9,62921.7884224526,1,29261.244055545038,65986.99754696028
USR-13414,35.0,512,1,93610.85077677248,2,149905.52514146664,97968.02088898566
USR-13415,21.0,438,4,67674.73437034653,2,105772.93368418903,69855.09360062038
USR-13416,26.0,694,2,37633.849169553316,2,57097.22939816103,39493.99417239298
USR-13417,19.0,575,0,68397.5255740032,1,99317.2162660254,70232.63281797055
USR-13418,40.0,718,6,57159.40136177973,1,133245.32939343515,60335.51551177627
USR-13419,57.0,540,2,44947.17635749765,1,100476.48726846512,46430.385650578224
USR-13420,55.0,551,6,13461.730794340234,2,32458.73090584761,12510.258754071821
USR-13421,26.0,662,9,51686.95753152679,1,87783.39491767454,53713.57152108384
USR-13422,34.0,694,1,,2,88149.29993621144,
USR-13423,46.0,726,8,59161.36215463409,1,60306.83817333297,61365.55958860282
USR-13424,41.0,492,7,28280.149098969472,2,138209.97787421988,28815.13879777226
USR-13425,41.0,601,8,27043.589941578935,3,127880.29176568975,27967.495969705655
USR-13426,39.0,542,3,45279.30382774166,3,136371.213061131,47140.592699319386
USR-13427,23.0,436,8,67837.53964043768,2,59553.37688298604,71170.91458210886
USR-13428,39.0,504,9,65152.728281154246,2,57497.58157357169,67213.83725952344
USR-13429,53.0,720,3,,4,33233.98958690306,
USR-13430,42.0,600,1,54879.67295804858,2,126107.39801648175,58589.21131421503
USR-13431,44.0,508,2,46601.47206560602,2,124130.12431924847,48954.068269894764
USR-13432,39.0,354,7,44149.57315815039,1,,45281.21248190466
USR-13433,59.0,840,2,45067.170710762584,1,90066.7902642767,47546.95842193319
USR-13434,25.0,752,7,36522.47733194281,2,120711.33669817307,37426.628129846584
USR-13435,52.0,668,4,59858.08416324226,2,99555.8552221355,62196.78375302309
USR-13436,31.0,455,2,38146.82612188558,1,51736.59876771622,40419.49047369775
USR-13437,22.0,396,6,68686.5604334276,1,93871.59857807639,73648.57947874979
USR-13438,29.0,529,9,71435.8702695148,4,44880.03292827232,72613.21578068545
USR-13439,50.0,795,1,73760.59005914295,2,35027.6918994423,76417.81764909416
USR-13440,42.0,712,3,30379.472130372524,3,28156.389749966598,29594.909537322994
USR-13441,42.0,685,1,44216.27269303676,1,52318.53367881685,46450.9390901085
USR-13442,68.0,493,9,60418.0385577925,1,27132.813946623275,64152.03015904974
USR-13443,30.0,652,7,,4,22023.974381434815,
USR-13444,41.0,467,5,6820.165179996024,1,46496.57137912805,7357.465053518883
USR-13445,38.0,735,2,64843.8387746527,3,78227.4011620538,68039.8240464438
USR-13446,65.0,811,1,60695.74650385461,2,51166.22545545998,64974.88667594599
USR-13447,45.0,310,6,62060.43023011222,1,77610.2907264158,65810.44405471078
USR-13448,19.0,309,1,30691.68299315249,3,145957.04585111793,30487.603452878986
USR-13449,19.0,346,6,,2,66190.49552097823,
USR-13450,28.0,360,7,19504.663900404532,3,26892.313927677234,20288.059352277203
USR-13451,39.0,335,1,36457.92241132218,3,90759.659296401,37501.21565556395
USR-13452,,824,2,49598.925897199355,1,149564.13168452645,51891.58384019736
USR-13453,25.0,409,0,40220.47060748776,3,23963.621307749294,42449.0069022618
USR-13454,26.0,475,0,54480.338805397754,1,144697.10575481126,58802.07598791573
USR-13455,41.0,429,3,67938.42342991589,3,93663.10328529435,70546.03980555157
USR-13456,45.0,351,4,37358.473002444574,1,66763.43322248488,37945.33153188474
USR-13457,24.0,553,1,18074.496728568036,4,68460.31097917064,18475.435406067896
USR-13458,50.0,751,1,,2,,
USR-13459,31.0,745,6,47682.304318834074,2,110572.63188479171,49909.35559778181
USR-13460,85.0,381,7,28864.30205445371,2,36138.074480595016,29155.930925343986
USR-13461,68.0,808,7,55271.28873820913,1,53125.65440789138,56892.939816932405
USR-13462,26.0,601,8,75227.30775436382,1,24322.11167155441,78340.94479691712
USR-13463,,554,3,545857.2329617268,2,63452.70115471805,574117.4513246531
USR-13464,40.0,738,7,15274.375523918156,1,,15771.94994798074
USR-13465,28.0,717,7,36629.28388090358,2,101531.81892904858,37725.10496461691
USR-13466,85.0,412,0,38617.09262495297,1,92412.5020254368,39906.14485486861
USR-13467,35.0,620,6,23617.49881715998,2,93568.87064122417,24478.6104016777
USR-13468,37.0,432,7,380152.4336011642,2,21633.17425432932,398666.53977170726
USR-13469,24.0,834,2,48144.39293176026,3,23183.641206156022,50973.53662894159
USR-13470,22.0,831,7,51601.07255138686,3,123750.24340457274,55368.76335901786
USR-13471,22.0,529,3,55586.04971465699,2,74625.49508307228,57186.56928679913
USR-13472,39.0,430,2,59082.65962615916,2,141389.91428682074,63726.12347706255
USR-13473,22.0,641,2,33708.88492195704,2,59929.14991364158,35942.481737421556
USR-13474,39.0,453,5,64174.226148856804,2,44436.71210487337,66247.1872797115
USR-13475,37.0,811,8,55225.56260679255,1,121318.64274379346,59582.06625892333
USR-13476,28.0,652,7,76295.06133256255,1,82477.845583459,79318.93707811066
USR-13477,37.0,398,1,,2,82411.63152788393,
USR-13478,40.0,797,1,32999.39007031177,2,108009.32128390546,34570.490553197866
USR-13479,20.0,539,7,42641.2948389415,1,85906.52232498344,44736.69076972091
USR-13480,27.0,308,5,,2,143401.8986466152,
USR-13481,39.0,637,5,30346.364385414923,1,122945.82757706904,31952.707035817144
USR-13482,85.0,352,5,39210.84032493074,2,58611.65361010759,39625.68147721556
USR-13483,42.0,488,2,29870.02703704339,2,21193.90766167005,30988.702210758882
USR-13484,33.0,689,1,15803.761509898046,1,111619.29373209862,17375.230274692913
USR-13485,32.0,481,0,109349.17175072891,3,27286.34318463763,117382.99245132583
USR-13486,27.0,519,2,0.0,1,24123.63506818332,1293.905528739618
USR-13487,69.0,651,7,61257.78949857142,1,44299.324813221094,63945.11897363033
USR-13488,,431,9,48805.15645735962,2,77180.01132152036,51607.12388326038
USR-13489,,737,1,88426.28009510759,1,143694.72270770476,92960.63119174923
USR-13490,66.0,750,7,63472.940199648176,1,106892.39606000486,65926.1896987516
USR-13491,36.0,655,0,40832.328023048365,2,47740.52969878375,42988.634816829835
USR-13492,28.0,675,1,53118.60823496033,1,36226.380327244085,54952.70666485222
USR-13493,34.0,300,3,88791.75357004374,1,112396.66882323375,93120.62144749514
USR-13494,39.0,709,9,53666.139303914344,2,143000.0645670361,56540.87356812206
USR-13495,38.0,721,7,54536.25606577272,2,34628.43443066542,57110.48287637754
USR-13496,48.0,793,9,43200.30306068514,2,,46616.8154492116
USR-13497,28.0,360,7,73013.9529214099,1,27433.092301638877,77659.26146171615
USR-13498,52.0,748,7,27669.31879387784,2,116676.92103854743,29055.613783599063
USR-13499,66.0,846,4,41810.63012276782,1,109396.03283903391,45145.21037355987
USR-13500,25.0,746,4,77035.2438115096,1,35004.21368770448,81424.00425057882
USR-13501,29.0,369,1,,1,56972.02762051488,
USR-13502,48.0,595,3,,1,85358.63002816228,
USR-13503,,604,4,77753.88407765719,1,,81943.67018137129
USR-13504,37.0,784,8,56666.727633449154,1,107079.14218671825,60089.058908937244
USR-13505,76.0,719,9,41623.67980639011,3,47736.519744033074,44552.13304417909
USR-13506,31.0,559,2,38564.52429399065,1,101987.61360793826,39238.12550652797
USR-13507,85.0,732,2,48092.76326251265,1,138122.87189652782,51211.47066955498
USR-13508,32.0,369,5,0.0,1,109212.54630086884,-109.59073082941471
USR-13509,34.0,624,7,68235.59864394704,1,30284.582437134333,72842.53915713291
USR-13510,55.0,514,0,51152.04193956961,1,,52973.023643790446
USR-13511,55.0,427,4,66459.07503668958,2,,68085.40693908374
USR-13512,50.0,741,0,,2,51243.95153613495,
USR-13513,44.0,779,6,,1,69876.4575153281,
USR-13514,53.0,613,2,71960.29804481313,1,78860.58306367214,77536.73500861153
USR-13515,70.0,689,2,63141.349284011805,2,77680.2047256637,67817.87034547958
USR-13516,62.0,778,1,78100.96809796049,1,52371.71543372297,80204.41043295665
USR-13517,26.0,645,6,59498.04486774977,2,44623.60618233797,63463.822762245414
USR-13518,29.0,648,9,91447.50050584722,1,86196.17293935936,95208.36514036822
USR-13519,36.0,815,9,42283.5460155112,2,,44588.50176566259
USR-13520,37.0,840,5,41671.57532207119,2,72349.9539237436,43673.908719692045
USR-13521,34.0,435,1,44187.58676039693,2,59967.901307696135,47578.81718429393
USR-13522,42.0,487,4,46398.06300197261,1,94631.55730696498,49586.007890941546
USR-13523,,841,3,53529.91104747572,1,44164.16299347342,57230.27648766641
USR-13524,37.0,810,2,102205.78645121022,2,44333.289185833084,108039.80894435146
USR-13525,,552,8,28506.979628503505,2,118204.3599325751,28629.362150397825
USR-13526,35.0,376,3,33071.6585638494,1,75449.79501767967,36148.53161284167
USR-13527,24.0,770,9,35696.05705504112,1,105167.90701983492,38465.74182140726
USR-13528,30.0,482,6,78746.97402920839,1,120766.0957782066,84006.31493982823
USR-13529,53.0,443,1,58768.737424865016,2,22978.23794817491,63440.411412949186
USR-13530,36.0,694,6,57236.20711880018,3,140605.1532856805,59366.262625842326
USR-13531,,612,3,34700.62159831795,1,46605.546632556674,38195.6711010345
USR-13532,29.0,505,6,44135.7580554808,1,36852.78989539048,46555.8759576998
USR-13533,20.0,329,9,,3,112590.19344279515,
USR-13534,31.0,793,4,63526.54058394559,1,134887.74314163122,67011.9362510516
USR-13535,51.0,426,8,50228.899379391514,2,84354.48385305423,51658.77595757393
USR-13536,32.0,738,0,60713.44392722604,1,34037.55718727407,64152.599972458855
USR-13537,,470,9,55858.51646127331,1,60992.63796278507,59606.16328398046
USR-13538,35.0,698,0,39074.26281936497,1,38665.3811464668,41741.25928226859
USR-13539,33.0,841,3,61935.57126600936,3,,65506.28754274728
USR-13540,49.0,310,8,68354.36104677984,1,92551.0897208459,71176.79679036331
USR-13541,46.0,486,9,73756.9813002593,1,48104.44228685751,76061.45914522445
USR-13542,33.0,474,2,64644.62011796462,2,147743.37194891958,67412.17147851005
USR-13543,36.0,532,5,34413.3374254907,1,65941.88382048413,38174.68023852239
USR-13544,56.0,795,6,73873.72863275967,2,75478.64067461647,78695.42318515318
USR-13545,32.0,331,3,,1,44774.38616435377,
USR-13546,58.0,648,5,46998.50391799391,4,131649.3024903192,49417.25789950054
USR-13547,30.0,533,3,41725.02012376688,1,116139.55649758893,43488.64185796937
USR-13548,40.0,668,8,41658.38749448695,2,81663.09309066122,43174.241846585224
USR-13549,52.0,360,0,53180.66743436958,2,91196.21887973863,56757.45782615172
USR-13550,26.0,374,4,22685.519508281002,2,140614.7773797635,23000.86029461249
USR-13551,46.0,487,2,16447.666236197743,2,51330.29833337323,18433.79933540669
USR-13552,85.0,789,5,34731.41081558156,1,116918.11500430602,35935.87873638934
USR-13553,24.0,744,7,64291.01933680258,1,55111.915359742125,67180.71540383027
USR-13554,38.0,675,4,44521.78996730579,2,32627.552742642965,45285.29522216995
USR-13555,27.0,626,8,17224.598780087057,1,42885.14723038334,18676.05579057884
USR-13556,34.0,617,6,71561.12543391185,1,126416.85710762363,75309.88261525058
USR-13557,30.0,728,5,62121.87826939512,1,51955.15748419135,63804.22949723993
USR-13558,24.0,407,7,20373.906861816726,1,76458.5843198898,20531.80600588261
USR-13559,21.0,588,3,35086.652443715764,2,29984.01597436903,36685.369027530265
USR-13560,36.0,476,5,,1,62909.98910819066,
USR-13561,25.0,759,0,43424.610821332266,1,137474.18892886245,44631.60175293414
USR-13562,52.0,814,6,27404.261181849786,1,138664.02315145198,28110.30720533735
USR-13563,42.0,682,3,69541.22702045791,1,86019.35099576395,73087.23605288916
USR-13564,25.0,726,0,69978.52246497404,3,22770.337840573935,73821.22539940539
USR-13565,44.0,756,9,75076.6629199547,1,143570.3308825057,79062.95570877485
USR-13566,43.0,691,5,,1,,
USR-13567,36.0,511,3,93929.54405733914,1,141106.5263329618,99353.9183351252
USR-13568,70.0,728,6,,1,40936.879944935084,
USR-13569,25.0,386,2,69810.25354246766,2,117976.63715038286,73104.69404594282
USR-13570,20.0,352,1,,2,106068.29430945113,
USR-13571,21.0,478,0,60324.784452792526,2,127035.59156293923,63963.58063181237
USR-13572,29.0,485,0,55815.8467733383,1,130459.80897856457,59196.01742270212
USR-13573,29.0,777,8,,2,53647.45227039449,
USR-13574,30.0,749,0,24996.91587690208,2,64705.5475067262,26472.362785056186
USR-13575,21.0,763,3,45218.48203136592,1,96514.51348116662,47369.00616539754
USR-13576,65.0,332,7,71092.82381267815,1,94623.57217638649,74182.13590665786
USR-13577,31.0,441,0,37387.67430882537,1,130907.70049761258,41832.17519640636
USR-13578,29.0,435,3,81298.38683239887,2,53148.20447029201,87495.38183141078
USR-13579,66.0,375,0,16651.743430020695,1,127897.9678104592,16084.243482415532
USR-13580,72.0,613,3,55169.65800672848,1,62930.54772221766,57673.72552280415
USR-13581,26.0,584,5,35069.38143488088,2,112721.3251164259,36741.30772531604
USR-13582,28.0,749,9,54088.25061377398,2,98652.14997787894,56514.866756933625
USR-13583,47.0,489,1,32930.777447571054,4,23337.447325772813,34457.6011527422
USR-13584,33.0,598,9,46108.690722266736,2,140258.37058029827,48230.092376639506
USR-13585,25.0,410,4,29656.640230614732,1,,31691.080561531104
USR-13586,85.0,748,8,47231.818867643175,1,115150.40499802599,49054.8094614228
USR-13587,67.0,428,8,,1,31034.525127781377,
USR-13588,47.0,527,0,53881.38114181543,1,25219.19765780497,58004.0608220997
USR-13589,24.0,433,2,81186.81244517796,2,124253.38354744978,85291.08507889742
USR-13590,67.0,410,9,48443.43347585406,1,,50672.92199882649
USR-13591,20.0,689,4,69690.91438292473,2,75434.93723958387,70979.3538095638
USR-13592,31.0,760,4,67891.7698111915,2,62140.09588955485,71300.82226301426
USR-13593,58.0,643,8,61021.59922826421,2,144570.35384835996,64065.88950167786
USR-13594,56.0,499,2,27559.085718800277,2,148309.16148734337,29265.825618576357
USR-13595,32.0,545,3,57731.63412986958,2,27367.87152846046,61609.372418012455
USR-13596,,382,5,48211.18482201554,1,123297.01767234756,50577.59010811158
USR-13597,20.0,347,4,28503.93343945177,1,61210.33164622885,29971.990723426974
USR-13598,22.0,589,9,81094.00727747308,2,,85265.33757338232
USR-13599,59.0,523,0,105736.0444829169,1,26917.7258388329,109109.75133362462
USR-13600,34.0,615,2,71868.3941841888,1,77751.73630072888,76593.18248454662
USR-13601,29.0,810,6,38771.286318127815,1,144967.46136352792,40067.52718317393
USR-13602,26.0,794,2,56898.628377822955,1,72919.29370169382,60843.75418174215
USR-13603,23.0,625,7,30737.01321258308,2,83570.98810622504,31770.46413956518
USR-13604,52.0,556,1,57947.3616470331,2,88996.03067565388,60160.85709346515
USR-13605,85.0,501,2,,2,88700.45146850085,
USR-13606,40.0,484,4,33587.283999559695,2,83969.35830702577,37500.744908276305
USR-13607,33.0,565,9,33943.98939172447,1,53234.07535579199,36180.28709308259
USR-13608,38.0,598,4,74259.43907443617,2,77548.85579564443,77215.01193627801
USR-13609,48.0,740,7,,2,46744.877245703145,
USR-13610,41.0,490,3,62559.89282964576,2,45913.23030353364,65867.88934322924
USR-13611,45.0,542,7,61792.437937335366,2,87760.16357476624,65389.561565129174
USR-13612,36.0,751,8,,4,77367.08640573826,
USR-13613,28.0,686,5,59863.82638061659,1,89570.47032793064,62739.54269176225
USR-13614,52.0,653,9,33737.78074108581,2,124204.14984041358,35964.958265615685
USR-13615,30.0,632,0,40530.61259685643,1,,43603.393228582616
USR-13616,31.0,752,0,64942.83046610974,1,118209.23403283935,68595.5435676026
USR-13617,31.0,429,7,66671.94807543572,2,142031.8118737932,69827.81426638305
USR-13618,51.0,380,5,756257.3858614748,2,,792104.0192421714
USR-13619,27.0,671,1,51640.50163998075,2,38707.203149538924,57491.138121210584
USR-13620,39.0,846,5,58146.78190709769,2,,62127.10964768965
USR-13621,50.0,323,0,46187.54257942871,3,146979.8086663143,49165.12269999112
USR-13622,36.0,364,5,19432.516659529763,1,59048.05493493808,21118.99706129338
USR-13623,39.0,377,6,87785.76767419341,2,136973.5986097486,93201.17402857756
USR-13624,46.0,845,8,,1,130242.24255391875,
USR-13625,56.0,821,3,33413.569874827444,1,108862.35022279626,35337.72273196483
USR-13626,,383,7,43235.29197679398,2,91521.24416695622,45597.241225500795
USR-13627,41.0,701,4,,2,75926.92676013168,
USR-13628,65.0,805,3,15619.420075986804,1,59513.16214381121,17706.64546983692
USR-13629,23.0,801,0,,1,47279.40349950288,
USR-13630,67.0,577,3,86864.66462160644,1,,91707.59500846452
USR-13631,33.0,594,0,48068.62156390337,1,107220.38578293705,50572.375908910966
USR-13632,22.0,312,2,19846.800901229155,3,120711.65826710567,21851.53624288898
USR-13633,32.0,380,0,47466.205116625715,2,139105.23206224447,49606.38927657298
USR-13634,28.0,425,7,27127.534514819617,1,141287.36221329824,27627.94351902576
USR-13635,51.0,750,0,85412.08598310279,1,34486.75778905771,88702.89596210141
USR-13636,24.0,550,6,53237.23043989095,1,140833.51562055628,56677.78054059082
USR-13637,56.0,396,3,51892.39944096996,1,30912.22785396195,54579.48078795216
USR-13638,43.0,717,3,24387.32914666732,1,,25134.992954122325
USR-13639,20.0,651,5,,2,143127.05499644182,
USR-13640,80.0,496,6,72672.08533331877,3,69617.49850649964,76826.78958401443
USR-13641,40.0,445,0,78314.08808950358,3,76298.32154851433,82168.83310561489
USR-13642,29.0,303,6,22748.401977469424,2,123008.29610143797,22946.88875149326
USR-13643,28.0,658,5,13318.22942990144,1,42068.47530329043,13979.634193018599
USR-13644,22.0,826,6,44808.3245159579,1,31735.740756275194,48251.168531833566
USR-13645,33.0,757,4,70212.64040660847,2,92715.49068474249,75508.35986034825
USR-13646,48.0,768,1,,2,95102.5560342086,
USR-13647,22.0,366,7,,3,137877.46189278667,
USR-13648,28.0,815,0,53743.51321150056,1,98413.26257027517,55498.27974071043
USR-13649,33.0,474,8,,1,34732.22378524164,
USR-13650,40.0,383,4,67232.86469993311,1,62621.156971565026,69218.82826850553
USR-13651,28.0,680,0,46138.10544361224,1,63921.356562376044,48516.19798873963
USR-13652,20.0,499,0,51708.00708097164,1,100699.84682028682,53349.82256498883
USR-13653,35.0,765,4,42677.16070712136,1,82421.78035767414,43187.97284198965
USR-13654,39.0,375,0,31239.041605754974,2,129940.85835293437,33388.5871459055
USR-13655,38.0,406,2,51096.32458157279,1,141318.69535811472,54673.84793437575
USR-13656,85.0,444,7,,1,71689.89997361449,
USR-13657,42.0,544,3,14083.171640298227,1,43951.44222752222,15082.088980149461
USR-13658,85.0,386,8,18500.192009650233,1,139690.4367309512,18729.52554792952
USR-13659,24.0,847,8,45604.351209814224,3,50614.99850224063,45130.26344121175
USR-13660,27.0,359,6,74186.03269407761,3,122944.98959742542,77607.84382376116
USR-13661,28.0,516,9,,2,25237.001759282815,
USR-13662,52.0,420,3,41902.98486376866,1,43994.0692322338,42107.875087606575
USR-13663,60.0,473,2,47622.46565749476,2,,50332.65073290894
USR-13664,85.0,685,0,13561.292007526266,2,105309.67181798119,13624.758863034524
USR-13665,51.0,521,6,,3,36102.75735057467,
USR-13666,65.0,491,3,58566.833186255564,1,126882.37798208055,59989.63850005105
USR-13667,40.0,771,5,66012.33045197403,2,105672.6039758074,70319.98469055435
USR-13668,23.0,527,3,27199.507453819442,1,76416.75705766534,28299.09637128085
USR-13669,35.0,412,7,,1,,
USR-13670,28.0,330,0,24251.71363215785,1,47572.017105135965,25463.56721613213
USR-13671,56.0,795,4,,1,65993.94300236827,
USR-13672,63.0,781,2,60980.49608499373,1,92874.47570577124,64304.05901004716
USR-13673,59.0,825,9,30252.18083077748,2,76038.86748768721,30709.260257092286
USR-13674,33.0,637,7,,1,92657.48138919708,
USR-13675,50.0,329,8,,1,145786.24536062725,
USR-13676,31.0,432,7,0.0,2,120500.75055689046,21.503354662626876
USR-13677,37.0,637,1,26312.501346160814,2,40769.7567525074,27284.507132166484
USR-13678,59.0,599,3,54433.520528406945,2,51926.85425397039,56182.37745426495
USR-13679,36.0,509,4,45549.117055091556,2,71596.57701677404,50393.57275375896
USR-13680,25.0,795,1,16176.222414870223,1,137445.20401169825,17685.352487211356
USR-13681,23.0,487,3,26095.030048081793,2,62549.01498890951,26638.80445473666
USR-13682,51.0,717,1,725458.0826593818,2,86981.36656713708,760986.8834564585
USR-13683,60.0,344,7,42257.25528569835,1,105175.14412447468,44585.83127581066
USR-13684,51.0,698,7,,1,136082.114021981,
USR-13685,26.0,844,8,41762.437590984446,2,148444.70821541507,43116.39198459714
USR-13686,74.0,427,4,48651.059955040815,2,34005.26797741852,52337.84656218165
USR-13687,78.0,555,4,28067.995300662624,2,100470.63278385029,28259.98349019617
USR-13688,85.0,670,4,31863.65215607994,1,24466.26983151307,35287.89088131796
USR-13689,23.0,424,8,51586.176290990974,3,115766.47045868868,55751.136038617704
USR-13690,23.0,705,7,,3,145882.1811577652,
USR-13691,72.0,371,8,20253.744733054293,1,126286.09591366326,21738.004092701416
USR-13692,26.0,771,6,,1,85351.91312760633,
USR-13693,,474,9,,2,57757.68136718004,
USR-13694,42.0,535,3,95126.16670102684,1,64047.86975625864,100499.14811156485
USR-13695,40.0,369,7,47748.01056206511,3,60386.051885751636,50171.20641456018
USR-13696,80.0,367,0,48756.56684004945,4,145040.95434852634,50161.97047747639
USR-13697,65.0,838,2,16772.801401659286,2,,16995.37232781003
USR-13698,42.0,724,1,59860.17672424526,1,82973.66705184922,61393.59180863173
USR-13699,,495,3,57005.5353527222,4,60615.24163931093,60018.76037694028
USR-13700,22.0,408,3,68181.742357088,2,54847.14206024704,70076.52660985102
USR-13701,21.0,844,3,43561.47417711176,2,144164.9063542204,46267.88616437898
USR-13702,20.0,824,0,34514.75481325206,1,59510.45644117987,37173.01682120771
USR-13703,23.0,620,7,55986.43404912353,2,58271.93816924921,59787.74447912028
USR-13704,56.0,738,5,67763.02495555628,1,86507.44793908934,70909.71388901223
USR-13705,61.0,482,4,76808.49722403925,2,110594.27657495903,80389.08328239262
USR-13706,55.0,731,4,51143.81150460922,1,124688.95436251786,52085.52145562923
USR-13707,26.0,451,1,43596.139393959274,1,137259.50886017559,45227.34989293505
USR-13708,34.0,528,0,42161.038568811775,2,42788.454674448236,42903.98523390225
USR-13709,41.0,315,3,,3,140323.35835437896,
USR-13710,27.0,363,1,54433.98754472976,1,88938.814149786,56750.969934397646
USR-13711,29.0,637,5,9024.366419747079,1,91316.45781054845,8520.923896146203
USR-13712,,546,1,,2,81261.86034358347,
USR-13713,28.0,535,2,,1,73950.66477454233,
USR-13714,29.0,816,3,,4,121476.0511471133,
USR-13715,,550,4,39085.37916262106,1,142980.20368474032,38849.84324025103
USR-13716,46.0,452,3,19645.047158382346,1,64760.48017468098,20702.287240766073
USR-13717,34.0,330,8,64950.421911863465,2,101168.64563228382,68128.74968938858
USR-13718,55.0,382,6,85421.59181658328,2,79173.79584675044,89354.67182186882
USR-13719,67.0,503,0,38581.3652460165,1,141105.76243951128,40140.36794275785
USR-13720,31.0,541,3,53869.706440741866,4,92496.86929610558,56929.01230378642
USR-13721,,484,4,61892.95962679331,3,147655.9312592498,63369.74674672947
USR-13722,24.0,742,1,40648.436406493434,1,71579.03159989894,43395.12824957683
USR-13723,35.0,778,2,36500.202139964116,1,141038.3708217289,39717.20058974187
USR-13724,33.0,399,7,,1,125202.05664029428,
USR-13725,40.0,518,6,69472.34266098856,2,111500.08430858156,72638.86785483142
USR-13726,35.0,577,1,64470.8266878313,1,133216.81812758767,66787.36438155884
USR-13727,22.0,562,3,95010.73820750366,3,107402.03560796779,101500.19031042595
USR-13728,41.0,727,6,34088.64972774307,1,,36082.436168366025
USR-13729,30.0,379,1,35776.86440251439,1,,35256.9233714968
USR-13730,58.0,791,9,59156.08000001086,2,67851.84544185191,64369.91599814582
USR-13731,26.0,664,0,8974.13815420206,1,141108.91144336172,7869.003080799035
USR-13732,20.0,329,3,53210.38488584334,2,130315.6433113598,57002.01016033387
USR-13733,48.0,813,8,66463.19676325699,2,62390.20933025165,69989.6365020203
USR-13734,34.0,744,2,74758.5588138698,1,103900.92434178291,79134.22474788508
USR-13735,25.0,321,2,51832.37084915371,4,,54363.50370165269
USR-13736,50.0,442,0,36076.35401426462,1,118568.94259309514,39215.54900146791
USR-13737,37.0,507,6,,1,112657.92104541937,
USR-13738,41.0,770,7,54661.45605399232,1,38505.13985629257,57854.06140025756
USR-13739,23.0,511,5,65369.20388613224,2,89470.60807031898,69274.7860715052
USR-13740,27.0,588,1,63127.78104100126,1,131106.3180938159,67110.64640097281
USR-13741,61.0,591,6,56466.391918387744,2,49902.55084201484,61238.674908948764
USR-13742,30.0,525,7,63085.28115725823,2,21145.786842057616,65195.86962743352
USR-13743,52.0,792,9,750737.7160027862,1,64747.17260082767,787980.3514285387
USR-13744,28.0,359,8,35622.25195740677,2,89916.39909558749,36552.335369988155
USR-13745,28.0,423,0,75137.77845895302,1,,79137.74155436647
USR-13746,24.0,429,2,54679.98518658395,2,77409.05507503761,56740.7340192716
USR-13747,,784,3,14466.423308541176,2,,13900.188582782204
USR-13748,73.0,798,2,83110.96657671046,1,44159.86020339547,86371.67441702353
USR-13749,85.0,656,2,39546.1592826787,1,23131.875438628103,42937.73648802311
USR-13750,31.0,467,4,,1,32877.692688108946,
USR-13751,38.0,409,4,43237.58678561708,4,,46147.79101792301
USR-13752,34.0,405,6,31254.641378358014,2,58955.82488223766,33251.058509451905
USR-13753,27.0,533,5,58847.6322883274,1,79050.2073170701,60769.97253286604
USR-13754,42.0,438,4,65507.469484031244,2,139925.97084207452,69773.30235424769
USR-13755,85.0,355,6,71365.70447689964,1,,77836.40391185568
USR-13756,66.0,810,2,40817.394641800136,2,40981.2619329915,42231.99403080055
USR-13757,31.0,585,6,38027.601189736786,1,125407.17576897585,39314.55748112452
USR-13758,27.0,841,3,,1,120086.94989866337,
USR-13759,43.0,309,1,62482.59679314843,2,55676.255612800545,66219.83729871594
USR-13760,24.0,555,9,101027.94170416103,1,122128.66656152433,104320.26028057963
USR-13761,54.0,512,8,615914.5189320971,2,123251.66303166376,647241.0875345706
USR-13762,48.0,674,9,43823.89609456518,1,55948.269041965126,45435.6509845625
USR-13763,52.0,648,0,33504.22027736073,1,73190.72808162209,32620.85180565514
USR-13764,,355,1,61034.78631086354,2,31644.90685099636,66674.50356078062
USR-13765,29.0,573,2,,1,85025.7796119864,
USR-13766,24.0,302,7,49407.006753356596,2,20126.684598733053,50605.51679011179
USR-13767,41.0,770,4,25958.98717811668,2,59413.820335543875,25727.08399823128
USR-13768,44.0,811,5,83772.96725000515,1,43687.86354668919,88141.09844588343
USR-13769,40.0,632,4,27567.994233347014,1,78697.44328204168,28559.55358021346
USR-13770,,748,5,77139.34457379495,2,76913.2781462436,81466.77570405643
USR-13771,20.0,433,6,39202.41956546933,2,56697.62920366532,42943.09576962401
USR-13772,47.0,350,6,53279.71308722423,2,58253.69021122783,57497.47786823768
USR-13773,44.0,532,6,,2,66125.99503396725,
USR-13774,31.0,647,4,72929.343245177,2,57118.016753741234,75206.03331090469
USR-13775,43.0,743,0,28450.67146894875,1,109085.43974539825,28963.23414598056
USR-13776,56.0,756,9,64262.92495368827,3,109946.31824782625,68782.36522640965
USR-13777,55.0,391,1,63051.8665699461,1,57742.75090477266,66404.65138163346
USR-13778,24.0,457,3,24282.475502584395,1,70829.45247087568,25992.869172831884
USR-13779,29.0,667,8,,1,22465.031279134,
USR-13780,,716,8,75774.443501122,1,136549.54792036559,78548.84316734874
USR-13781,27.0,519,0,63530.924163068295,2,118077.16359620763,68311.61125762116
USR-13782,50.0,837,3,93988.41365512204,1,,98917.7515619659
USR-13783,27.0,663,0,52941.283765562766,2,126316.63849814124,56002.62102428111
USR-13784,49.0,841,8,55893.89061339248,1,48139.726653557474,59633.95764369768
USR-13785,57.0,568,9,76757.84593835677,2,27044.72753293714,80052.49211303351
USR-13786,33.0,786,8,,2,23386.1305617775,
USR-13787,38.0,706,3,51231.74349056939,1,31657.260315626263,54585.03086139682
USR-13788,84.0,576,4,329928.963051672,1,49857.4155249387,346095.20211133943
USR-13789,21.0,485,5,26623.29858862437,2,60278.68253317835,29026.66433531347
USR-13790,56.0,785,3,78964.25597421115,4,134752.07940701256,82478.76039002059
USR-13791,35.0,607,6,52914.199403773244,1,92438.98941849965,56241.31748115098
USR-13792,72.0,524,9,39725.98467655513,4,27716.71125657864,42050.430463149234
USR-13793,44.0,453,6,25370.79061054447,2,84120.05843927244,26867.933733458216
USR-13794,25.0,704,4,,1,,
USR-13795,52.0,596,5,50872.65551895339,2,131412.67051552335,52149.525469267675
USR-13796,34.0,581,0,64579.105118994135,2,104996.34885620487,66320.4348755275
USR-13797,26.0,830,8,38512.193352231814,2,126501.15672689123,40425.53145624176
USR-13798,36.0,720,9,43870.3302018696,1,82898.18286867533,47263.30721346431
USR-13799,25.0,798,7,,1,104616.7907423068,
USR-13800,62.0,446,8,33569.60616287981,2,144330.09497802777,35515.809375979465
USR-13801,,676,2,,1,119533.87735625992,
USR-13802,38.0,692,9,47395.40046702144,1,54687.850883990286,50805.46185907266
USR-13803,64.0,632,8,,1,131562.9091739998,
USR-13804,28.0,403,4,29324.275705573556,1,109669.48789856915,31293.978087792228
USR-13805,,802,3,,3,145967.80739130816,
USR-13806,20.0,393,6,60337.779241154916,3,136360.11504831072,61649.52145920395
USR-13807,33.0,597,9,59602.9850724938,1,37337.921176082746,63441.76676953029
USR-13808,33.0,507,3,,2,,
USR-13809,24.0,645,2,48597.87298132128,1,53086.563865486074,51146.78806142043
USR-13810,24.0,688,2,59153.91835889817,1,141937.08052083323,62575.024807767804
USR-13811,29.0,819,8,55391.40328169511,1,72680.04178097846,59003.00612534094
USR-13812,30.0,626,2,62361.805192309366,1,39670.58180248107,64245.579364437996
USR-13813,85.0,752,5,73195.50040060034,1,,77762.23614619547
USR-13814,45.0,406,2,27127.10674442961,3,131646.68315169305,28179.37953613227
USR-13815,42.0,368,3,51614.07690000041,1,117991.15859211722,56473.23113393199
USR-13816,23.0,551,2,25609.185103826112,2,48396.29554294277,26531.36564845236
USR-13817,39.0,557,2,82424.62026033021,2,58474.31853195413,87362.59351881474
USR-13818,,715,6,22351.59225329998,2,38002.76053028047,24027.580941017666
USR-13819,29.0,717,2,52203.11057607365,1,95552.35827195647,54113.088728692994
USR-13820,85.0,329,9,57379.20718666645,1,129652.71176515693,59584.127933570984
USR-13821,47.0,811,9,57445.83042964227,2,122842.12961169431,60386.28832835706
USR-13822,29.0,633,4,64488.34575495653,1,,67587.36743755949
USR-13823,38.0,815,8,63383.955784766455,2,30244.43433919049,67822.43523128334
USR-13824,23.0,391,1,62268.48092416359,2,129961.58195557877,64216.985474054236
USR-13825,84.0,714,9,84356.39174935306,2,65060.6283164976,90228.47569864693
USR-13826,23.0,464,6,529358.4484191418,1,89882.13400476212,556926.9036599128
USR-13827,,413,5,55537.96686087707,2,62220.298977397826,57413.9276595143
USR-13828,42.0,772,5,59032.82372126579,3,,60256.28395201142
USR-13829,48.0,730,9,51011.29241197167,2,127297.22109082149,53328.38113992792
USR-13830,28.0,683,1,37620.03442286846,1,119579.31806925697,39838.405025913664
USR-13831,33.0,440,0,33216.98032063075,2,54002.045225790265,33927.31085608552
USR-13832,56.0,518,2,30458.318766833276,2,54443.51188301319,31185.137155990145
USR-13833,60.0,371,8,78725.93702390978,2,76783.76442917583,82614.99722059871
USR-13834,29.0,554,4,46113.36825743427,1,130859.69467529502,48971.84169659954
USR-13835,28.0,472,5,69150.91496646058,2,120126.02498628407,72811.88725863218
USR-13836,85.0,575,1,,1,111137.24284152557,
USR-13837,62.0,707,6,25881.916821187297,2,61041.03999352226,29367.222400658018
USR-13838,39.0,369,9,61385.84762722647,2,51747.54735474253,65883.20414003957
USR-13839,43.0,602,7,56366.01202676771,1,60789.137110221425,58179.639734416385
USR-13840,53.0,758,5,46548.911480422415,2,26069.5169195115,47889.996085861494
USR-13841,29.0,844,2,62703.842738960484,1,28260.143645941505,64581.687332470035
USR-13842,28.0,341,5,71609.43937806546,1,36224.05710695087,75072.44913924047
USR-13843,70.0,543,7,76058.80799651305,1,54020.977985344085,82496.95207971557
USR-13844,74.0,736,9,16942.69306878071,2,130245.52953028139,17595.03299762918
USR-13845,52.0,326,6,,1,20107.521382096344,
USR-13846,54.0,562,0,45162.254090203925,4,66691.62556805983,47732.4079725041
USR-13847,34.0,756,6,42983.09123834957,1,45225.48654058202,47750.60838167795
USR-13848,45.0,592,7,33462.20636339691,1,91040.27205979015,33613.96283530506
USR-13849,85.0,315,4,,1,,
USR-13850,,321,8,35243.735810824284,4,123605.06215868799,35576.3223636177
USR-13851,43.0,381,6,9391.403104323806,2,146802.95216863393,9667.64155318861
USR-13852,41.0,817,2,37101.329472467616,2,117110.11848663756,39855.89279569402
USR-13853,21.0,801,5,47185.84755321164,3,138057.89329072493,49805.85643794721
USR-13854,28.0,434,1,51454.72546995395,1,83562.55515600409,54498.744609402274
USR-13855,20.0,473,2,,1,82194.93571218326,
USR-13856,25.0,636,1,66265.42926900346,1,52303.88656512783,70236.8330441672
USR-13857,40.0,751,7,55025.954374265355,2,127926.9618219666,58608.9614012698
USR-13858,27.0,829,3,30784.857126467152,1,25006.591623369874,31368.682205385838
USR-13859,39.0,519,0,83743.41074788931,2,132780.10218320374,88460.56879497385
USR-13860,55.0,303,1,28154.881578951903,1,122977.68140600016,29134.429344683966
USR-13861,44.0,770,5,,1,,
USR-13862,25.0,675,6,,2,36761.02728172662,
USR-13863,39.0,404,3,41366.84693511035,1,113161.97582936916,42980.450162060755
USR-13864,55.0,588,5,36627.47388761697,1,50324.127218872956,38543.27907561555
USR-13865,85.0,744,7,80885.96413888085,1,103590.53321161953,86454.63470670725
USR-13866,41.0,557,9,,3,,
USR-13867,31.0,450,3,56363.93560810751,1,106609.6061277124,58824.00941157928
USR-13868,47.0,528,0,88745.57840420262,1,118722.1617055017,94474.50470045998
USR-13869,46.0,332,6,57716.31639575872,2,96156.4240918099,59771.15199347544
USR-13870,30.0,648,9,,1,44031.739161367135,
USR-13871,36.0,840,1,26556.349974982866,1,97345.50665975464,28248.98720112316
USR-13872,33.0,480,6,33971.57073602126,1,97994.5193291043,34373.9897820097
USR-13873,43.0,440,6,55227.37895810807,4,45194.77653161621,57350.92257628341
USR-13874,63.0,755,0,67054.41077663466,3,81003.74732654431,69900.81223942369
USR-13875,81.0,420,5,44774.246719297094,4,116705.31885114785,48183.285381628295
USR-13876,28.0,721,4,37565.669442414546,1,107855.30424605017,40159.25307766023
USR-13877,44.0,631,7,36986.55113067754,2,104794.39231788617,37524.71913771194
USR-13878,64.0,448,8,23885.215347033645,2,91624.24352858031,27250.6271926414
USR-13879,69.0,829,3,30292.625333674263,2,32711.11629166518,31990.428385014515
USR-13880,76.0,375,8,306249.38210553897,2,134399.0569915492,322153.96845033334
USR-13881,31.0,568,3,39823.62952075644,1,,42641.453301151036
USR-13882,27.0,618,2,0.0,1,54327.57163287521,-1943.708888429706
USR-13883,58.0,448,7,62700.52166640791,4,100298.65391447449,66917.84168277838
USR-13884,44.0,703,0,45825.59075811318,2,93587.29083090933,48040.50247813449
USR-13885,29.0,489,5,96169.12876793135,2,78688.99442305809,100177.01084318385
USR-13886,37.0,522,9,,2,,
USR-13887,40.0,694,7,69701.38518629945,1,122133.31054516179,73509.28502213242
USR-13888,39.0,521,2,35297.581897892174,1,,37628.084971972086
USR-13889,69.0,590,6,8196.330686375128,1,141325.65675188185,10023.06178581625
USR-13890,34.0,449,1,57166.147115238244,2,123202.03451737463,60562.31696834164
USR-13891,77.0,348,2,49046.61421404416,2,48120.43372217071,49510.78695414971
USR-13892,22.0,646,6,,1,100605.9883041304,
USR-13893,38.0,672,3,68454.13293167324,2,133205.72168604244,70873.43690414168
USR-13894,29.0,822,9,43766.53227023019,1,141890.4416703116,46163.464205723576
USR-13895,28.0,462,9,63356.677681905596,1,90330.8930886823,66733.84676634562
USR-13896,45.0,757,8,,1,129039.52217037798,
USR-13897,,661,5,43205.211235716575,1,30618.654889610632,45503.86285929646
USR-13898,72.0,729,4,59047.554550300905,1,32028.336671333724,61584.926477698784
USR-13899,85.0,785,1,59244.518855775445,2,73570.81590078997,61690.43862475223
USR-13900,24.0,367,2,34359.06596880985,1,33988.25575437756,35938.17572307002
USR-13901,77.0,312,7,72360.59696615662,1,102322.91116780626,75682.2707118532
USR-13902,35.0,601,1,69149.7832514374,2,148781.21211362781,73205.69152876023
USR-13903,,664,7,59612.71692030962,1,21472.889515553987,62568.52315841456
USR-13904,23.0,524,7,37879.13512971641,2,95917.66014590002,39714.32186733784
USR-13905,33.0,346,8,44441.117715584725,1,92311.6977119714,45439.20201693328
USR-13906,27.0,468,8,60207.5340638264,1,42501.411401724356,62825.05948517391
USR-13907,38.0,601,5,73569.06086844204,2,74680.22887826026,77658.38416544371
USR-13908,29.0,559,5,35918.19022223819,1,143020.8986966267,38137.10702211119
USR-13909,33.0,784,5,74854.17428336284,2,130951.64846887009,80969.91132012784
USR-13910,40.0,754,2,36665.723509658594,2,61360.56507072895,39730.16993890631
USR-13911,27.0,564,7,78138.26041848105,2,135299.95936885115,80704.5046697445
USR-13912,61.0,831,0,67212.20911912904,1,120440.78654289572,72501.80674864804
USR-13913,37.0,535,6,79213.84210624054,1,,82765.6445036269
USR-13914,44.0,386,5,56644.30097398133,1,41792.55628122842,60056.04501463214
USR-13915,41.0,561,6,42419.556755312726,2,102731.7255500231,42552.471434060106
USR-13916,20.0,466,7,39080.813736810975,2,73289.03000561723,39768.54410396724
USR-13917,35.0,564,2,41472.08659490725,1,107381.8049178592,43867.52982010678
USR-13918,39.0,740,7,,1,42357.67575126474,
USR-13919,23.0,836,8,51621.65954854564,1,140977.19509960682,54612.67240450757
USR-13920,40.0,623,5,73394.52082518255,2,33336.84227550721,77135.60284865065
USR-13921,45.0,424,0,47744.591410057794,1,87682.84777381169,51062.12054883323
USR-13922,33.0,802,5,66377.31957517231,2,69118.52034038055,69466.46604411979
USR-13923,59.0,562,9,,2,105481.70206825889,
USR-13924,,572,9,66932.83593843495,1,77809.61107868495,71973.3437548171
USR-13925,52.0,816,0,60490.92597078922,2,71529.12951486045,62548.809337440085
USR-13926,37.0,765,1,37112.97011867388,2,35736.465774218676,39425.11522922111
USR-13927,31.0,606,4,80807.83205356653,1,122680.80148207155,85984.62752769058
USR-13928,39.0,754,4,61871.79797012225,1,29896.041897384865,65814.51138408079
USR-13929,34.0,408,1,45535.27581078933,1,69187.94959514923,47869.94503169357
USR-13930,43.0,810,9,47132.088468031965,2,64042.87676417789,51067.285595969624
USR-13931,28.0,447,4,60241.07286605574,1,34028.86558154701,63247.48648029915
USR-13932,42.0,806,8,57583.6654099353,2,121759.9795693334,59322.88128584371
USR-13933,58.0,632,3,37939.899527165704,1,52989.53677346292,40950.11399758785
USR-13934,28.0,622,4,63868.09209936018,1,137251.6431747618,66072.50477467396
USR-13935,48.0,771,0,68466.04559569727,2,100819.72607532569,71989.63510521094
USR-13936,59.0,349,2,,1,131520.06600594742,
USR-13937,82.0,362,6,35513.42539402509,1,44191.277138162666,36505.53774151184
USR-13938,24.0,526,2,32444.932381727438,1,121792.71644753186,34488.886543816356
USR-13939,,509,1,65864.39932281981,1,81175.25154202942,68824.6301828703
USR-13940,25.0,380,0,103337.41867353955,1,43711.69773035263,108065.59740728003
USR-13941,33.0,313,4,29139.25278245851,2,68920.04514634368,30509.484779814215
USR-13942,52.0,613,2,37220.11037345178,2,113650.52482390127,38751.586755113836
USR-13943,70.0,562,5,0.0,2,115168.78139237943,-324.9127064384365
USR-13944,34.0,666,4,,2,41054.809857224995,
USR-13945,29.0,335,7,63635.06131502048,1,47770.89250220235,68568.53906025714
USR-13946,34.0,728,6,31494.87999526787,4,92623.63044661684,30692.23724701966
USR-13947,41.0,715,3,,3,40193.438255353445,
USR-13948,51.0,502,8,57062.755534247066,3,59222.15384288132,60806.51405075961
USR-13949,36.0,480,9,55403.574938581,1,50038.96389166529,58913.9211135798
USR-13950,60.0,574,0,,1,36510.340713164966,
USR-13951,39.0,800,3,47128.94711807252,1,33427.12621854498,48825.768617712696
USR-13952,30.0,688,4,53511.25691054519,4,85768.73521417713,56080.52832313832
USR-13953,45.0,523,2,,1,101446.8527623493,
USR-13954,33.0,811,2,54159.58733514772,1,104812.44597882993,57475.13828326949
USR-13955,36.0,514,2,32171.8913111572,2,147845.8459960076,32628.068207822063
USR-13956,41.0,694,6,52293.82501818427,3,43760.53993505778,56529.837834446305
USR-13957,40.0,308,7,63013.5837541143,1,76237.23567278511,64878.899637928705
USR-13958,19.0,459,2,79880.79135380179,2,110775.07050173137,84386.44107008386
USR-13959,69.0,332,2,38148.015803837436,2,134617.59430709237,40439.77474008528
USR-13960,34.0,310,8,78636.4977688557,1,87672.24566198963,82617.62573646309
USR-13961,49.0,596,4,69265.47246455972,2,126827.23061862522,72920.47832032468
USR-13962,35.0,625,0,32486.866956505615,1,38679.94318204989,33193.63849994526
USR-13963,41.0,803,2,41106.89966193758,2,87557.84238881066,43934.867334796174
USR-13964,30.0,840,2,64845.09823952184,2,40671.515351856026,68503.71695305448
USR-13965,60.0,588,7,45643.76852935137,1,117015.69707863101,47940.59959098384
USR-13966,85.0,640,8,73664.15487245964,1,63811.96945534179,75909.09518760358
USR-13967,29.0,592,8,,2,32333.992211469773,
USR-13968,60.0,563,0,,2,33075.707194069706,
USR-13969,37.0,370,0,59210.26567496621,3,143574.30047100835,62718.95566007157
USR-13970,26.0,742,6,39745.05651440307,1,100918.90016338181,41760.339124681
USR-13971,27.0,375,2,47985.55243247772,2,134674.91493069884,50641.30064469266
USR-13972,43.0,809,4,36807.737853356964,2,41446.77198921082,40129.24841802738
USR-13973,37.0,643,5,7986.881547023819,3,34679.59859338296,8566.704981371422
USR-13974,28.0,738,6,53933.77671616263,1,37744.3003118917,56429.264170377304
USR-13975,37.0,832,1,67678.5452990202,1,68714.08252532443,71817.12876791804
USR-13976,33.0,326,7,65468.971793442266,1,99918.15969013452,69665.30213563566
USR-13977,47.0,534,1,66482.35709767201,2,67757.44672968116,69840.46069801386
USR-13978,47.0,591,3,65088.41449675912,1,72480.81528098232,68657.21225466313
USR-13979,23.0,614,2,44328.79588776706,1,67222.91482107126,48131.751629309256
USR-13980,55.0,507,5,43146.48071533433,2,99151.23791649673,45823.29372358163
USR-13981,19.0,405,7,84728.58210458735,1,74687.14259805167,89295.6010187532
USR-13982,53.0,474,3,42986.67513202838,2,39194.36062905798,45057.47323622767
USR-13983,,316,3,48143.03518953424,2,62895.656555413574,51110.45674331716
USR-13984,63.0,833,6,33238.99356328804,1,138945.9293252616,34776.613759666114
USR-13985,56.0,843,9,15905.608578216015,1,97543.17664876458,17354.775355244048
USR-13986,39.0,578,8,53633.34129239258,3,31235.92501547002,55530.32881789377
USR-13987,56.0,533,8,,1,57877.44053031059,
USR-13988,31.0,849,9,83421.9265116861,1,90302.32992675979,88315.94286071653
USR-13989,38.0,667,2,120049.30008335326,3,111656.7254575219,125160.42174724693
USR-13990,50.0,555,5,47386.83702452481,1,54727.34194056517,49436.97407065706
USR-13991,39.0,542,7,32926.36669284271,2,88531.65282926809,34847.499699854045
USR-13992,59.0,704,9,59417.58646561807,2,135714.68178621994,63578.603238215816
USR-13993,27.0,712,9,67829.74490442441,3,91992.33860628761,69765.44059856846
USR-13994,59.0,534,4,54269.753699430425,1,86338.97735550476,57642.25573956092
USR-13995,40.0,305,2,34589.256210289124,2,108325.73428322101,36600.49223736494
USR-13996,24.0,769,5,70340.25950169384,2,22930.21552225708,74106.72260918979
USR-13997,43.0,604,9,57126.57883771248,1,39720.12965178824,60361.46640437525
USR-13998,,718,8,56245.86967911967,2,37238.552464153596,57996.993089528485
USR-13999,44.0,332,8,70534.66488334129,2,20461.580381799093,73797.68943268809
USR-14000,61.0,408,4,82020.36799194055,3,140347.2460860858,86264.61115467237
USR-14001,35.0,442,1,28348.736897487175,1,108553.27557263203,29607.21698489299
USR-14002,49.0,706,6,397355.41673969803,2,,417024.6403964739
USR-14003,27.0,849,2,67566.9619089764,1,,69841.83756148934
USR-14004,23.0,555,1,74825.95932095467,1,28358.044088474795,78662.83202069109
USR-14005,54.0,602,9,48937.96767019695,1,,49410.206834794975
USR-14006,24.0,380,7,32585.968389427075,1,122336.04161058244,32649.1788266815
USR-14007,20.0,835,8,47183.05652524193,1,102229.78041087078,49473.86297539556
USR-14008,23.0,408,9,52798.575626829974,2,22806.220431463953,53510.740176373605
USR-14009,38.0,456,1,46065.43203088128,1,128342.02974550304,46491.97306328347
USR-14010,43.0,798,9,59832.57002481341,2,33148.22109664777,61497.810460908935
USR-14011,35.0,441,0,35100.541294289476,1,107858.82238587759,37041.41387191572
USR-14012,56.0,849,9,52493.058345365695,1,101951.25738939215,54224.8107232994
USR-14013,28.0,484,6,23124.592909774965,1,110957.64115570846,25372.548392143748
USR-14014,46.0,719,2,63465.95625796769,2,40593.0881584938,66884.69806162431
USR-14015,44.0,511,0,,3,84536.77794983544,
USR-14016,42.0,770,8,57823.51718937526,1,110480.73624938627,60446.15256164791
USR-14017,33.0,502,4,46692.61078455918,2,55252.064147993624,48828.7795323918
USR-14018,47.0,479,2,39491.713137352,1,105741.76269114482,43068.82525339558
USR-14019,26.0,745,9,589974.4297461461,1,58262.71967253009,619183.8161768523
USR-14020,58.0,626,2,35366.868400600506,2,65732.30934713379,36488.93604190377
USR-14021,,344,4,44018.90628695285,2,128401.16993133663,45754.51491260283
USR-14022,59.0,553,3,41288.09132951684,1,25021.575939698454,43998.41461294016
USR-14023,47.0,313,9,78634.42091352046,3,72354.45908596128,82341.06910180916
USR-14024,44.0,750,2,65110.63960375496,1,135183.8940321142,65993.13903270749
USR-14025,24.0,788,0,50195.42380852453,2,71476.9878944355,54602.24948759608
USR-14026,61.0,839,5,59878.17607333575,2,,61988.01156866702
USR-14027,35.0,791,3,72462.75312407767,3,38935.62430906716,75408.99619616168
USR-14028,32.0,332,8,324853.83589625166,4,61552.84756430667,341782.11883101787
USR-14029,67.0,583,1,42085.53974434255,1,149139.46150968882,44219.23930387458
USR-14030,,483,5,35659.231779262154,2,24955.903792455814,38371.798518858144
USR-14031,50.0,847,6,50748.49843444482,1,124615.56333024423,54461.25954697413
USR-14032,85.0,544,9,42833.02655612552,2,30726.09575978136,44207.6446847359
USR-14033,48.0,710,6,54932.84033587602,2,,58105.700091002465
USR-14034,28.0,600,0,14887.369870483912,2,26669.17135666123,14166.289561888436
USR-14035,51.0,697,6,,2,97387.45875460199,
USR-14036,46.0,537,1,65591.12759794053,2,138508.07201690314,68170.30317846492
USR-14037,59.0,730,9,61673.61219798282,1,34633.72742339854,64816.485026432245
USR-14038,26.0,570,5,27717.086078343265,1,29799.48684652755,26999.593551006474
USR-14039,42.0,422,9,38088.89865693847,2,51375.469742640074,39419.242965195735
USR-14040,39.0,730,3,41014.12315107553,1,,43687.53099487446
USR-14041,48.0,609,0,60603.635204529186,2,124791.46038738299,62666.447931188675
USR-14042,42.0,481,7,62500.40233098528,1,110754.83949008345,65838.87594878113
USR-14043,26.0,642,5,34564.01091879148,2,78612.30949160416,35495.4521213305
USR-14044,36.0,811,4,54931.1151841168,2,61191.92161369988,57470.702006798114
USR-14045,23.0,527,2,43769.42609595918,1,52085.26341779744,46348.377506686455
USR-14046,21.0,832,4,,1,139433.68043679878,
USR-14047,67.0,626,2,48334.80864239239,2,132117.71118468442,52179.819302417905
USR-14048,28.0,829,7,,3,89138.7190596459,
USR-14049,34.0,496,5,,2,118676.69626147993,
USR-14050,23.0,436,1,52190.95460332046,1,25198.666578184107,53837.753563039754
USR-14051,56.0,372,3,33644.70176386197,1,53108.13604488117,34682.81345744927
USR-14052,37.0,414,2,62969.43678873207,1,62608.59535205367,66628.40924282756
USR-14053,30.0,330,7,61575.604165721816,1,97926.37424408262,64466.7888779437
USR-14054,29.0,545,7,826086.0958227835,1,43597.39353654033,867872.9150761879
USR-14055,24.0,523,2,25049.402082448676,2,,25827.824562579055
USR-14056,31.0,455,1,51039.195566886454,2,118402.63805317503,53838.832713802374
USR-14057,27.0,837,6,28517.298404107532,1,147660.32434208074,29449.88368951983
USR-14058,23.0,385,5,35672.23872409964,3,,37054.26024237186
USR-14059,24.0,470,2,57386.557345283916,2,143100.3571616356,60493.90721004948
USR-14060,36.0,598,2,67971.63416048694,2,111091.68015475053,70072.00892074386
USR-14061,24.0,314,9,62901.01974264595,2,110595.1635678253,66106.83037388127
USR-14062,31.0,729,8,50971.29677449275,2,108600.29334437776,52962.96485702375
USR-14063,32.0,757,5,56232.183841607846,1,121960.2710882611,57053.58039926768
USR-14064,33.0,815,6,63275.49747704921,2,125172.67804400845,67508.23127314026
USR-14065,46.0,446,6,56596.37653489944,3,146793.8608132011,60693.235866329705
USR-14066,29.0,833,3,56264.9553746561,1,107931.11299361041,58577.728661050955
USR-14067,50.0,443,4,77486.9141982135,2,72166.71978243713,82044.43135694541
USR-14068,21.0,782,4,73347.8751028996,1,105582.22507407196,76327.7656528709
USR-14069,75.0,631,8,,1,139526.682844947,
USR-14070,34.0,429,7,24481.582996430927,1,76529.24813005228,23298.50423585451
USR-14071,37.0,339,8,36091.03783295734,1,107938.59924169327,36645.54552754084
USR-14072,31.0,637,2,65593.41559002733,1,27052.88355778153,67999.54355880918
USR-14073,28.0,553,5,17396.162568546304,2,84678.62874637681,17680.813512803375
USR-14074,25.0,601,4,56560.995039334106,1,81162.67381934571,59662.0700765629
USR-14075,54.0,388,3,42129.791779807085,1,147374.38219159105,44010.58168519824
USR-14076,43.0,428,3,67221.6293043624,1,65936.40055508894,72541.27203848462
USR-14077,24.0,545,0,38137.68344890981,2,39187.6193703627,39481.9308916161
USR-14078,28.0,465,4,51325.879347652095,1,105916.56685854676,54701.0005882919
USR-14079,25.0,612,9,50829.15329464483,3,67346.8279606697,51550.689952481414
USR-14080,61.0,772,8,23614.424226069194,1,38536.0361791047,23994.66765635031
USR-14081,31.0,672,1,39385.69211014081,1,67619.89029850428,40039.73469667648
USR-14082,85.0,453,5,,1,78379.24915605984,
USR-14083,35.0,309,2,45861.72638908021,4,146565.67265802616,47704.30467395548
USR-14084,39.0,643,2,48355.89113390143,1,118718.71814302201,53270.94028003855
USR-14085,33.0,663,8,34759.5176518985,1,30291.643339670583,35611.35434887781
USR-14086,56.0,772,0,36434.02171476847,1,99407.96969866175,36562.19381754857
USR-14087,55.0,320,8,53750.67134408798,1,147863.01209095644,57180.74506502025
USR-14088,27.0,602,4,38098.2440257039,1,87743.20082571586,40888.20943375161
USR-14089,25.0,431,5,61386.50315661725,2,135033.46758623095,63231.814145805794
USR-14090,50.0,423,4,62240.76062120177,1,132818.10798740105,64033.997268594314
USR-14091,60.0,378,2,48435.31179170464,1,44242.17875504041,51823.90068244686
USR-14092,27.0,808,3,0.0,1,38696.17625865304,-148.49060570310522
USR-14093,54.0,601,8,41457.25935176319,3,75279.24314177278,45972.29496017697
USR-14094,43.0,451,5,30280.174202680475,1,109304.6263082828,33554.18770941078
USR-14095,45.0,610,6,55867.21845291861,1,61193.134268451955,57974.49592518728
USR-14096,30.0,554,4,61385.551941890546,1,64779.2649562016,64581.539942892436
USR-14097,27.0,346,7,76224.58475901035,2,69611.17206924074,82196.86934926287
USR-14098,61.0,420,1,62702.49863705896,4,129153.72996362322,65383.867104076264
USR-14099,44.0,451,8,87982.46187628567,1,131361.45281115692,91386.90788267831
USR-14100,27.0,429,4,,1,110900.75105861381,
USR-14101,52.0,707,5,66378.6389929736,1,119294.46418129314,69305.31742762544
USR-14102,44.0,347,0,53510.35096830748,2,30957.03486846638,55860.361679265436
USR-14103,21.0,436,4,51993.63633425701,1,22303.90686219899,54541.40621684455
USR-14104,47.0,398,7,,1,108885.14697901014,
USR-14105,46.0,545,4,31966.177155882233,1,87000.90037867134,34177.07546559623
USR-14106,34.0,518,0,73875.00613665869,4,61240.4941682464,75924.22894664685
USR-14107,23.0,576,1,77454.2078050666,1,108679.18910499087,81631.10427672436
USR-14108,21.0,818,6,24606.754577955722,2,52624.06476364241,25815.062405926245
USR-14109,30.0,414,0,,4,46528.587091638474,
USR-14110,52.0,377,3,60145.72093451829,1,23004.486288508037,64433.29985600763
USR-14111,52.0,723,6,70452.80231954096,1,67761.71511632005,76488.96663447174
USR-14112,55.0,480,6,46762.16459349608,2,66648.63410696555,49331.31874160852
USR-14113,29.0,705,8,41599.43942410195,2,122007.95357238963,44209.69702518341
USR-14114,56.0,839,6,42675.16106598235,1,83441.57677333363,46465.62531255424
USR-14115,19.0,456,1,76944.40043788168,2,23850.8521128102,82017.62509532606
USR-14116,44.0,635,6,70544.94462004208,1,49057.368734848045,73685.67355257925
USR-14117,35.0,794,7,78176.09625308264,1,84512.78895161743,82617.74101982922
USR-14118,75.0,605,1,,1,140274.98444920074,
USR-14119,27.0,747,2,52211.332312784514,2,133857.40383263124,54450.40674993074
USR-14120,24.0,564,9,,2,,
USR-14121,44.0,690,0,0.0,1,149688.61160935933,1058.7111319176902
USR-14122,33.0,776,4,26172.22384461287,1,26187.890565095553,25684.534737889357
USR-14123,32.0,743,5,18604.903849308907,1,65981.05433944112,21327.48353363621
USR-14124,80.0,766,6,,2,102726.68269708061,
USR-14125,46.0,493,6,69248.344637808,1,131202.23515409423,73722.47688837549
USR-14126,28.0,589,2,70557.449559071,2,121020.9809471805,76357.98220900973
USR-14127,78.0,368,4,,2,95301.71419632809,
USR-14128,58.0,453,7,44548.61794374909,1,99527.76803311825,46200.269594882004
USR-14129,28.0,462,9,52953.5728832145,1,,54433.15369175789
USR-14130,35.0,434,5,34371.71756333292,1,37250.32468103587,35502.77088990206
USR-14131,42.0,741,0,40866.52302071328,1,143843.3916886287,42397.77031587316
USR-14132,69.0,342,0,50068.49464717767,1,54457.12169793755,50568.16201417246
USR-14133,24.0,420,7,74777.92122679352,1,33693.891093975435,77557.21197283565
USR-14134,35.0,338,1,68715.16977941104,2,85374.21248825791,72462.23176682448
USR-14135,22.0,407,6,62023.350798324216,1,,64379.91766912887
USR-14136,35.0,440,7,,3,119654.22058892032,
USR-14137,49.0,759,3,22991.806889431533,1,,24635.873973800914
USR-14138,36.0,486,8,51573.18671005985,2,54187.820852479636,54416.175004495475
USR-14139,34.0,831,9,44362.420643319034,1,33675.11411683549,47233.82451803903
USR-14140,22.0,624,5,,1,113175.39510902812,
USR-14141,,659,8,,1,20100.632840351827,
USR-14142,44.0,329,5,31015.133025029536,2,50845.98330760772,34372.8707215165
USR-14143,40.0,709,1,471430.93656686996,2,65476.55735774158,495205.14338287164
USR-14144,35.0,811,1,60569.25285950461,4,88253.86624277603,63577.02981853925
USR-14145,33.0,680,7,51862.495446597546,1,132567.6970425025,53173.506344786634
USR-14146,35.0,474,5,78909.44238389461,4,33291.75262280397,82544.86034821023
USR-14147,33.0,665,5,70868.74200526999,1,47994.80562164234,72294.49685249435
USR-14148,55.0,713,8,52340.56625935259,1,85004.88537240855,55832.74379266177
USR-14149,50.0,734,7,34156.83247633071,2,108352.51526933112,37027.71230178724
USR-14150,37.0,446,9,66176.68482790468,1,,69182.23661062274
USR-14151,35.0,433,2,,1,148119.81227872986,
USR-14152,22.0,760,0,707536.9550448402,1,62906.91568663532,741831.837042204
USR-14153,34.0,476,8,,1,36815.30830968302,
USR-14154,24.0,714,4,35481.44302665824,1,,36192.21953883842
USR-14155,41.0,805,7,61224.197331738855,2,84726.65910921106,65098.006782589975
USR-14156,44.0,380,8,70810.56281464183,4,127990.49763638849,72943.1112841225
USR-14157,26.0,638,2,30910.60243629918,1,44569.25431507149,31744.188908443397
USR-14158,55.0,439,3,79249.50196311575,4,91707.86786965455,83427.39938246402
USR-14159,31.0,523,6,53922.858995007235,2,88407.24741237832,57634.642346410204
USR-14160,24.0,363,7,51627.76705464159,1,68392.18319129955,54614.30087303294
USR-14161,53.0,606,4,29641.576971801183,2,122228.43951020508,31535.33444841305
USR-14162,31.0,662,8,49336.67967475233,1,93543.74495912557,51266.31921805253
USR-14163,25.0,711,4,30633.318332962604,2,140845.3653252354,30638.70315498588
USR-14164,26.0,770,5,25359.052619338858,2,117029.99313265402,26913.469694176798
USR-14165,72.0,411,7,17923.20901183753,1,41147.54759331925,19717.67414442292
USR-14166,38.0,709,0,31514.693260469186,1,102482.24484012747,34232.11609506097
USR-14167,67.0,649,4,66163.70515310462,1,47854.43020148181,69719.56091995125
USR-14168,37.0,622,7,,1,80993.86235604883,
USR-14169,23.0,694,3,12180.457409685441,1,72535.21089858384,13083.472934690366
USR-14170,63.0,694,8,50230.33628619288,1,33434.08039940586,53870.035355405416
USR-14171,42.0,372,6,52544.66248014882,4,137835.78512118937,54309.96941157824
USR-14172,59.0,482,9,45545.05455063996,1,91719.43359048344,47395.296385369664
USR-14173,42.0,806,9,44477.93177681507,2,63242.73645029816,46527.02312117439
USR-14174,22.0,524,3,44717.334440437095,1,112902.48258777044,46056.87808350948
USR-14175,29.0,510,1,43246.967015938164,2,114409.64119728812,45747.3439935651
USR-14176,33.0,514,5,49207.24261500768,2,126629.8031245135,49511.97961740329
USR-14177,32.0,488,5,51960.51812239427,2,48627.595845120435,53738.49159723728
USR-14178,24.0,789,7,70330.6995312324,2,62524.58089714929,73264.37103824683
USR-14179,,791,7,50522.64446850146,2,49259.21699666038,52525.46015130986
USR-14180,43.0,804,1,55939.10391943931,2,118187.81806594454,58792.59636502682
USR-14181,35.0,306,2,64208.98995410098,3,,68358.32810990642
USR-14182,30.0,699,0,74718.04578346173,2,104913.89851513722,79564.2090475845
USR-14183,31.0,808,4,,1,,
USR-14184,27.0,412,7,21122.812215218946,2,123429.1870892146,24408.066867800637
USR-14185,32.0,779,4,59422.20708253361,1,117252.7722077931,64438.3256204521
USR-14186,68.0,416,3,26619.409652324197,1,79403.27855136244,29279.630222578777
USR-14187,31.0,814,4,45804.78409638763,1,84232.13439176633,49896.68055483084
USR-14188,31.0,493,3,59622.319352154955,1,22760.753919684637,63174.212475442415
USR-14189,37.0,521,8,30163.639027009773,1,126844.11473304554,32140.477456747718
USR-14190,58.0,566,6,36970.98891348309,1,88967.90873670987,37184.55036156798
USR-14191,19.0,367,0,,4,107927.35347377734,
USR-14192,39.0,392,4,56653.889454971584,3,,59018.551454556444
USR-14193,31.0,494,1,70584.620631597,2,35066.337520446614,75500.45931466883
USR-14194,32.0,574,1,40882.79325526829,2,95760.10013729108,44341.333698985465
USR-14195,69.0,692,6,59057.30473623921,2,40485.316870906056,60291.65303602325
USR-14196,47.0,358,9,64455.05787485762,2,95070.33735855191,66970.08132656717
USR-14197,33.0,577,0,35723.48917623032,2,120699.2928250877,37529.108432129506
USR-14198,30.0,837,9,50788.94543249239,1,126689.00400848867,53439.16145738278
USR-14199,43.0,416,9,29672.24263651783,1,142668.2831597117,31406.918241361687
USR-14200,30.0,386,0,56983.61948603076,2,48052.410509011504,59013.331362794204
USR-14201,44.0,623,7,2652.7786856903185,1,139025.56902548712,2458.634810056258
USR-14202,,481,3,31672.420372917524,2,141524.17687287735,33323.23586058684
USR-14203,64.0,508,0,41877.270311739536,1,142675.10621369744,43752.68323333315
USR-14204,27.0,824,3,60393.775953822216,2,,63969.88973252247
USR-14205,30.0,709,4,49800.54655523952,2,,53216.67733937863
USR-14206,18.0,480,9,28829.02150688698,2,90952.1255162971,31570.593081206614
USR-14207,62.0,623,7,56572.35681587292,2,66605.2692172621,59621.434506271915
USR-14208,85.0,489,8,71592.20034962687,1,147726.65738473288,74308.30743812057
USR-14209,,351,6,86115.89896317883,3,51553.708178736175,90542.88446123616
USR-14210,35.0,441,4,32586.423198175653,1,130475.36668565273,33473.9825589271
USR-14211,30.0,714,3,72753.14826391808,1,64142.05182548297,75290.28491520655
USR-14212,30.0,566,1,21827.41390986081,1,75399.80101891182,23666.991531508716
USR-14213,32.0,399,3,25129.556502992724,2,77378.36356271824,26573.665862726637
USR-14214,35.0,609,0,23248.027458483157,1,70700.89294154572,24929.64015136349
USR-14215,29.0,618,7,51581.02479184373,1,89413.42117167826,55167.40630988121
USR-14216,,705,5,75729.8489564569,2,82331.55113560594,80367.35447060713
USR-14217,42.0,421,9,103340.85736272784,1,105774.93541103021,108776.95319008907
USR-14218,24.0,753,1,67304.04166208568,2,108054.86288185067,73686.40271294516
USR-14219,50.0,398,7,67973.04311102249,3,131238.49495411507,70931.3979962659
USR-14220,50.0,410,2,41863.10241985827,1,104472.8898057424,43519.696284737336
USR-14221,23.0,384,5,18747.309339538235,1,44042.336412078395,20090.033262218894
USR-14222,29.0,562,4,,2,114771.70415233665,
USR-14223,50.0,557,6,,1,83612.1562767895,
USR-14224,47.0,462,0,56469.27572414243,2,68658.05357335616,60133.05275266032
USR-14225,36.0,532,2,38312.118797157076,4,31697.926896335855,39607.71322520306
USR-14226,33.0,580,9,37632.0227662113,2,87151.06165989158,39232.21541783623
USR-14227,26.0,452,6,82347.91520909447,1,,86742.6090679215
USR-14228,41.0,490,0,25729.758024407005,1,121472.14394256948,26356.117129191054
USR-14229,58.0,742,0,61326.691606331544,1,129504.66740765325,64263.403198265914
USR-14230,52.0,484,9,92192.14118912224,1,102184.78694236556,97759.3147283884
USR-14231,36.0,834,2,73867.14612589111,3,101591.07209883085,77015.2001790518
USR-14232,40.0,579,7,76831.84627460813,3,74084.94180056613,79852.10091196628
USR-14233,52.0,570,4,73427.58391444282,2,55869.27020911074,77043.8390599096
USR-14234,54.0,769,9,57192.00557147298,2,66840.78729137569,62807.322750447165
USR-14235,45.0,463,4,66582.7208466179,1,130583.2945699517,70811.80335211202
USR-14236,25.0,723,2,9528.70577746167,1,96979.05884696169,10970.706980317816
USR-14237,45.0,610,5,26648.08072971439,2,72107.75575624403,28769.457784904727
USR-14238,26.0,474,2,38506.122308628415,4,141513.95023555975,41614.60599492354
USR-14239,27.0,317,4,70925.8633256719,2,66512.94998433918,72942.26496715409
USR-14240,36.0,747,3,54841.41644250619,1,24418.475314365827,58392.45974111747
USR-14241,35.0,484,9,27957.89352746263,3,43441.58741422018,29516.66392378982
USR-14242,42.0,392,4,43522.98013873847,1,109864.25378791058,44708.579765541814
USR-14243,27.0,487,5,46500.29812761309,1,146164.05961221617,50284.10664845892
USR-14244,24.0,483,9,72299.29862523332,1,92555.71417548312,77645.60517800073
USR-14245,58.0,746,0,101312.89966970691,1,84738.33885745073,108210.46179261795
USR-14246,58.0,408,2,38221.49064742024,2,107306.02493819788,40527.1991256681
USR-14247,36.0,358,2,16403.440964048103,2,29308.444274003825,18392.90702268174
USR-14248,82.0,680,6,41491.36236904074,1,28907.14245041087,43415.24588515832
USR-14249,,542,1,44578.511596067656,1,42102.30867283609,46419.26610658296
USR-14250,44.0,823,8,50045.1071586378,2,53718.63155541876,51367.78849573033
USR-14251,47.0,428,2,62764.03562172591,1,80231.72398091939,65866.3748276617
USR-14252,29.0,557,7,80660.27094871017,1,87750.52637016407,85592.24854956442
USR-14253,38.0,466,3,48574.331617164455,1,85444.45353187258,50068.92722205386
USR-14254,29.0,739,7,301334.0626399728,1,118235.37141730131,315343.73636599124
USR-14255,33.0,367,3,36070.5083151181,2,145398.98883991654,37426.660015412504
USR-14256,50.0,442,2,73878.64721444873,1,107912.77043820254,76618.74906149019
USR-14257,30.0,550,5,58115.43479809021,2,70849.74442992013,60252.683596504365
USR-14258,33.0,741,9,,1,92884.70558674229,
USR-14259,,640,4,49196.91603667604,1,23518.474978764185,53149.382766077026
USR-14260,82.0,750,9,51892.84121283866,2,96642.61437396564,53861.11131364367
USR-14261,46.0,332,4,43296.80621857185,2,139912.92654974834,45378.94820771879
USR-14262,29.0,762,0,25416.250813824765,1,111547.21664418654,27862.145546250027
USR-14263,24.0,358,1,55723.898167189785,3,46133.02704169215,58185.99477443011
USR-14264,28.0,791,7,37546.91116398437,2,136641.8464076058,40347.65754287772
USR-14265,64.0,695,9,65730.09507556597,2,136113.37040968696,69385.16045281953
USR-14266,31.0,475,6,,1,74518.53484892745,
USR-14267,53.0,313,7,62677.37660127507,4,128286.13285963112,65646.56450150313
USR-14268,46.0,807,7,56095.60655104312,2,92224.26136245916,58408.13760201228
USR-14269,33.0,494,5,34919.77060321086,1,26222.830403828113,36829.12905855496
USR-14270,39.0,373,0,31208.569798692868,1,33545.58940473556,33173.338426642404
USR-14271,72.0,422,7,47283.5710469834,2,145528.49281143435,49989.08028778171
USR-14272,31.0,528,7,,1,58152.99431997526,
USR-14273,32.0,581,2,25982.0830711265,2,22603.517966587482,27177.941526062034
USR-14274,45.0,435,3,43484.962034949975,1,135763.4226201155,46267.76735872531
USR-14275,30.0,824,7,25773.37778893794,2,23172.751776856992,26618.54578783232
USR-14276,29.0,650,9,73451.80012090257,3,134579.0293407237,75823.36258416153
USR-14277,30.0,602,3,0.0,2,143679.64954640722,1306.3987625029422
USR-14278,33.0,460,1,6800.356741298943,3,145454.55794494387,9310.943573768462
USR-14279,51.0,470,1,29594.65698032121,1,34221.51097555302,32101.33160323697
USR-14280,42.0,731,0,18820.781045907614,2,129425.100292331,20518.074222674735
USR-14281,67.0,591,3,,1,115409.48905511336,
USR-14282,53.0,731,3,17704.055555818766,2,131072.35757330633,18277.949614002468
USR-14283,36.0,721,3,85992.33948408638,1,52720.19284918938,91126.07170648032
USR-14284,29.0,623,7,73802.64261898644,1,82980.03283533899,78642.71851487544
USR-14285,39.0,435,4,21814.822699684228,1,143737.1972321961,23622.805935695043
USR-14286,23.0,397,1,13348.507309842345,1,58024.898011481404,13677.066018432686
USR-14287,64.0,770,6,25944.996152435004,1,,28940.214124149792
USR-14288,65.0,518,5,,3,78212.211087788,
USR-14289,52.0,646,7,38085.04713879412,2,,38915.674345422194
USR-14290,38.0,644,3,65696.57663496466,2,95228.5940607668,70246.00247883554
USR-14291,28.0,443,7,37255.74223884972,1,,40262.48784923808
USR-14292,29.0,484,9,81055.6291819379,3,147225.1142800612,84584.20250972534
USR-14293,38.0,776,3,47603.56166806115,2,126913.68046505534,49020.63873115315
USR-14294,36.0,346,7,,1,50487.67868397547,
USR-14295,26.0,694,9,35147.961660168294,2,137839.30920169468,37326.89050602132
USR-14296,29.0,837,2,,1,130301.33882578686,
USR-14297,48.0,801,0,,1,96254.82611039294,
USR-14298,24.0,760,7,53019.31017645435,2,127472.49681700977,55984.045034899995
USR-14299,37.0,662,6,26258.99411743549,1,95719.13773849091,27551.036154356727
USR-14300,48.0,688,5,28651.51439326915,2,65710.0679140311,29796.881923325927
USR-14301,45.0,644,2,26031.9817919711,2,42286.94780134885,26701.30004857604
USR-14302,50.0,407,8,44201.838408819174,2,98929.31855320376,46189.363100998824
USR-14303,56.0,540,0,47293.75470581841,3,32759.27628918968,48745.10466891948
USR-14304,30.0,797,1,40043.011777429594,3,54366.6684529608,42596.658840550976
USR-14305,26.0,669,9,63461.31456129226,2,73741.90285521967,67255.25141952315
USR-14306,39.0,702,4,28943.840083790474,1,,29507.035956357868
USR-14307,28.0,732,8,78381.86975527712,2,142743.26051081484,81744.73730641205
USR-14308,61.0,466,9,57039.28677319862,1,127738.2339904735,60169.577180531625
USR-14309,59.0,602,9,73178.68324380147,1,134803.67133776593,76337.93902291263
USR-14310,23.0,349,9,42927.73004021147,2,107470.13099879188,44293.37335385234
USR-14311,33.0,506,8,35846.25253639432,2,82710.82843610251,37289.75048063519
USR-14312,31.0,771,0,56810.71684448734,2,34673.684360139014,60613.473330875924
USR-14313,29.0,825,6,35749.37227343046,1,94821.98461363204,37289.78964314018
USR-14314,37.0,776,9,53911.41701631319,3,114144.98371995981,56707.724204209844
USR-14315,28.0,310,0,,2,89365.92694529227,
USR-14316,49.0,424,2,69791.51844803334,1,106805.51567846008,71890.0170716111
USR-14317,29.0,426,1,106387.38160375132,1,141307.8328753658,110675.45007446379
USR-14318,29.0,414,3,42379.657812477446,1,23000.232900133255,44367.59674903549
USR-14319,40.0,603,1,52178.3941422639,1,131687.0515949942,54313.46955956067
USR-14320,43.0,803,5,26571.263323909996,2,147233.19561960167,29754.13262283187
USR-14321,30.0,568,6,59443.63769536303,2,126821.75060326727,62172.70180625974
USR-14322,32.0,306,1,45682.9899301773,1,89641.44624718685,47704.156134026976
USR-14323,22.0,308,0,810359.3272663204,2,138782.8760418945,849856.8098047259
USR-14324,27.0,777,3,66063.54273505593,2,140143.95812707307,70839.03056071095
USR-14325,41.0,689,4,72746.08559665002,1,,75689.50717573227
USR-14326,68.0,585,7,92234.01087171605,1,87404.3358422036,95944.6576310172
USR-14327,55.0,650,5,24223.26888970506,1,25117.60938870847,25691.11025216051
USR-14328,37.0,658,0,47898.65915019482,2,69431.84752092033,51360.62190919293
USR-14329,28.0,504,2,36862.94723374663,1,100941.25206127895,41232.0035095287
USR-14330,43.0,733,0,49372.48050075776,2,75486.27664631444,52615.04306697772
USR-14331,32.0,600,1,60307.164300458666,1,25452.97808211603,64842.26505881557
USR-14332,61.0,466,2,40579.03243704923,1,81378.65322528081,42462.05654632427
USR-14333,32.0,501,4,15741.64085121933,1,32266.803707111954,16081.294742664395
USR-14334,48.0,574,5,30431.92592097099,1,125449.38689030262,32229.317667228876
USR-14335,39.0,760,7,42564.73175167524,1,71630.64920077601,44190.17213404432
USR-14336,26.0,558,5,76129.69744286267,1,127851.60575452416,78827.98090067318
USR-14337,62.0,653,3,,1,34762.57335241783,
USR-14338,38.0,753,1,80114.06542148038,2,116270.59122760661,82873.7653722181
USR-14339,36.0,526,6,52691.99696768857,2,21656.987806598678,52837.962973253154
USR-14340,50.0,756,3,24041.337947558644,2,92773.85328318342,25041.06720264754
USR-14341,85.0,517,7,,2,74197.45647886273,
USR-14342,37.0,430,9,39051.336256912735,2,46103.93689392014,40075.00328052472
USR-14343,44.0,561,6,48944.19520536301,2,98627.21612902266,52445.87065686809
USR-14344,43.0,394,1,25940.811911607394,2,,27443.527597846907
USR-14345,27.0,710,3,32726.297485457715,1,,34855.66084255981
USR-14346,35.0,531,9,60466.91651100454,2,75281.6841541587,65266.006084417604
USR-14347,27.0,735,3,73218.7379519427,2,22197.476590448416,76879.49670287664
USR-14348,26.0,474,1,49519.91414216667,2,22539.475638855536,50878.08576370825
USR-14349,33.0,535,6,46239.44345993634,1,49482.31385774886,47130.526090600506
USR-14350,,532,8,,1,39811.26083163458,
USR-14351,,796,8,77151.22616925374,1,64343.69584341327,82216.63892842791
USR-14352,43.0,781,0,103930.70858167391,2,,108947.30587179985
USR-14353,48.0,559,3,71621.16420494579,2,57635.54984623402,74339.38041544656
USR-14354,33.0,816,1,41070.10858071383,1,145911.68539962562,43610.05299777018
USR-14355,40.0,836,4,,2,75342.78773991815,
USR-14356,54.0,760,8,695626.1459722663,1,84390.79050996326,732746.7452228353
USR-14357,20.0,802,9,34303.2398805556,2,22674.480550292978,35586.965979635504
USR-14358,20.0,778,5,54757.847352262084,2,112000.17892503839,58019.16056992851
USR-14359,23.0,450,8,,3,51891.24882329779,
USR-14360,23.0,734,9,12275.55798783269,1,50244.78804792061,12456.85333907278
USR-14361,38.0,417,9,61041.81244695421,1,49315.13856458373,66136.24863879062
USR-14362,60.0,743,0,59673.83990097701,2,125374.48503614572,62243.10438695719
USR-14363,28.0,772,0,45328.59654520661,1,81401.3648202917,48257.65712907771
USR-14364,35.0,460,7,64698.29892136661,2,107174.52974457164,69398.20254425412
USR-14365,,824,3,59329.29707482293,1,72964.22795280637,60557.85645797262
USR-14366,22.0,782,6,32477.474815917703,2,,32798.2081226088
USR-14367,37.0,311,3,,2,68388.7680742829,
USR-14368,37.0,655,7,86126.01188944453,2,69674.0945764072,88868.17994275621
USR-14369,30.0,530,3,13240.155316211232,2,31852.20349077566,12655.61055334309
USR-14370,61.0,457,1,71367.11648570708,2,85875.11953681237,74192.17297227443
USR-14371,28.0,563,6,87968.49205629702,2,120977.22213337326,91661.5501344342
USR-14372,50.0,520,7,32373.592670398688,2,57285.354217403285,31908.06850615163
USR-14373,,837,5,,1,59567.863109374186,
USR-14374,25.0,796,5,81183.78710429178,2,,87843.13111039945
USR-14375,44.0,630,6,59403.087326585766,1,50882.638683211284,62629.36676920594
USR-14376,24.0,839,5,30707.45032881107,1,,33247.4907321952
USR-14377,41.0,681,3,42174.83742287697,4,20975.415450435972,44274.91367225949
USR-14378,,367,6,,1,129637.87085168602,
USR-14379,34.0,794,2,487837.3195535644,1,135975.61296382014,512061.32497989386
USR-14380,39.0,307,0,,3,63649.51303290894,
USR-14381,37.0,525,2,68156.23356586497,1,71909.73731814607,71340.01792073366
USR-14382,36.0,340,2,,2,46534.67749786834,
USR-14383,35.0,804,4,43761.53894498796,1,145310.75124163294,45357.03924645627
USR-14384,41.0,410,2,68677.70342880463,1,,72102.39316496228
USR-14385,40.0,816,2,19686.43601780632,1,104822.552521187,22073.305428055544
USR-14386,74.0,608,8,35971.59435217611,1,132833.181260271,37372.10058915201
USR-14387,85.0,776,9,44741.280234552614,2,,46358.56937162012
USR-14388,42.0,486,2,54256.380229075585,1,105653.90126102202,57786.83446811362
USR-14389,49.0,765,2,40907.84363840451,2,24509.855423365654,42928.17235056893
USR-14390,25.0,663,8,50100.64772984012,1,141548.98849991895,52127.57450868249
USR-14391,30.0,825,0,19236.147125019063,1,148379.32848912748,20256.65487217713
USR-14392,32.0,817,4,35275.03406195289,1,104044.28018312778,36834.905142768715
USR-14393,42.0,598,8,,1,102575.4653179796,
USR-14394,80.0,743,8,40103.883869418416,1,130329.06751283955,42170.85919683231
USR-14395,,707,4,12304.342824486761,2,78274.5067057077,12044.19295567995
USR-14396,37.0,442,2,49148.85894496743,2,68691.35418314478,51424.58280198402
USR-14397,53.0,689,7,32408.733347616195,1,58060.12335288777,34820.668829673996
USR-14398,35.0,417,8,26331.58577220729,3,35266.741863631396,27675.64686107614
USR-14399,49.0,778,1,31587.299114156016,4,81848.21032839488,34200.310849580885
USR-14400,41.0,617,9,16558.746893358075,2,47487.37239611143,17492.226672420686
USR-14401,40.0,477,3,60025.86413528767,2,108612.94773214804,62573.26365471671
USR-14402,80.0,400,0,39244.41876554578,2,82403.58346521002,40397.70275256131
USR-14403,23.0,812,0,54535.95534582937,1,86299.34829080134,58597.95011371254
USR-14404,20.0,502,3,39091.836823135614,2,23433.68232725465,38805.698890806
USR-14405,57.0,607,4,58612.941296943805,1,76123.92641969047,62783.768828986904
USR-14406,68.0,618,6,,2,,
USR-14407,20.0,735,1,61351.31268419059,1,33642.810676685694,63405.62449189902
USR-14408,38.0,327,1,72473.09233716354,1,75942.84806102377,75770.5502132205
USR-14409,40.0,398,3,80117.17525194991,1,34539.95212257696,83453.98926365738
USR-14410,64.0,343,6,62912.26710205483,1,133584.49879552762,65963.7336575139
USR-14411,19.0,308,1,60162.320668860964,1,86291.3450241539,64058.09267791136
USR-14412,65.0,317,6,88929.92373958055,2,37688.6133130953,93900.17162923612
USR-14413,63.0,732,2,55945.27476466949,2,28706.23293792174,58316.89358852472
USR-14414,32.0,512,6,52405.83741598494,1,81563.12293027097,53820.60993835941
USR-14415,30.0,725,9,31856.474892353042,1,119433.91544363364,34187.44108315858
USR-14416,,819,3,41990.20926137929,1,126622.41606484084,44293.99392414253
USR-14417,54.0,565,9,,1,105564.07601477255,
USR-14418,37.0,432,7,54904.63571021051,4,70654.28480964398,58228.5531083906
USR-14419,36.0,624,0,30775.97266994045,2,137631.867191781,31098.51277515854
USR-14420,,602,1,65001.61922452716,2,,68458.26028956247
USR-14421,40.0,725,9,29048.26909872663,1,93658.52631851386,30940.63543609784
USR-14422,40.0,844,5,54824.99070738446,2,82174.8499621269,57807.762882853036
USR-14423,21.0,358,4,50975.40444433234,2,59201.18084753016,53610.39271104332
USR-14424,,302,0,37616.25601004725,2,31815.840167146966,38915.71184672101
USR-14425,20.0,635,9,,2,44741.38970759919,
USR-14426,35.0,547,1,36543.975078424184,4,68492.62305393291,37514.26412148899
USR-14427,26.0,390,5,43227.59717377617,2,81874.29904309583,45718.66215853712
USR-14428,60.0,314,6,48994.59741234643,1,133596.37206737523,52030.71859222191
USR-14429,,788,0,64370.96570743449,1,79293.95972259452,67615.42151189191
USR-14430,20.0,651,2,27180.26279331041,2,44441.32125891563,27655.868861787334
USR-14431,52.0,390,5,69864.97376267926,4,68547.99814969994,74214.85204609022
USR-14432,36.0,612,4,73485.01642715938,2,144067.6349836095,77114.99052431234
USR-14433,30.0,746,3,,1,94172.98082580337,
USR-14434,32.0,498,4,40948.66555396897,1,123079.81935261654,44327.03834089606
USR-14435,,666,7,39311.25591597766,1,107149.6997469968,42444.903642418474
USR-14436,22.0,549,0,82026.26338900143,2,25987.801972207628,85680.5301743986
USR-14437,34.0,825,9,26636.462435111287,1,146446.4920971345,28900.273949346098
USR-14438,29.0,396,8,96970.27034988935,2,38488.430421237725,100309.03438202974
USR-14439,35.0,653,9,0.0,1,82207.68966799261,362.23219198787245
USR-14440,31.0,507,9,57276.321480704355,3,122663.12235170722,58928.01127981818
USR-14441,67.0,527,2,44163.62331731455,1,75014.03685945549,46516.115313339615
USR-14442,37.0,582,2,59202.522401405455,2,57184.83415298643,63019.48925485344
USR-14443,38.0,520,9,25664.072506765933,1,,26402.285110624343
USR-14444,24.0,575,4,69552.08389571916,1,89913.60896577909,74200.52320952134
USR-14445,42.0,499,1,,1,23555.073244344876,
USR-14446,28.0,843,4,22014.938601145874,1,37995.637554194225,22130.178353460044
USR-14447,41.0,526,9,,2,34792.59475718446,
USR-14448,85.0,394,4,,3,46726.30937963881,
USR-14449,77.0,717,9,40432.8581488139,1,92897.44648462278,42861.32221708587
USR-14450,56.0,601,4,28587.851381723747,2,147869.85740905616,30293.31848346645
USR-14451,43.0,756,3,35143.546551670785,1,23945.212946274634,36813.90046845587
USR-14452,48.0,702,0,19068.192880054325,1,127339.52805923979,19567.099071007888
USR-14453,30.0,539,4,51815.128286972846,1,64357.30028955271,54520.405578628786
USR-14454,44.0,708,6,26604.377347396534,1,118338.14579688608,26983.374106996343
USR-14455,85.0,577,3,21540.57032996025,2,64907.63869029218,21896.140782895665
USR-14456,49.0,646,6,66593.47705922672,2,112721.49593606558,70631.85490189455
USR-14457,48.0,566,3,18129.075507126465,2,83302.37944660857,18555.26366933001
USR-14458,40.0,341,4,44751.342320719865,1,120631.22640045064,47485.36087195319
USR-14459,40.0,569,6,41422.300768555404,1,125889.95644109427,41218.0265468215
USR-14460,26.0,707,7,83082.64062479502,2,86284.04006506223,86583.52105321527
USR-14461,40.0,638,4,42732.61421689627,1,,43454.85217007842
USR-14462,43.0,722,9,,3,36304.70913223996,
USR-14463,45.0,471,3,19716.407472980325,2,70816.36442991713,20292.804932190247
USR-14464,85.0,601,0,60150.960184568205,2,,63031.35473662758
USR-14465,34.0,716,7,57918.74887766099,1,40221.6121186698,61673.82200900385
USR-14466,37.0,361,3,82478.67795813776,2,116838.66384173602,87119.19831461224
USR-14467,21.0,552,8,29645.10659458911,1,112198.71765506307,31730.52435776061
USR-14468,20.0,417,7,16002.675563010933,2,80782.75848160083,17327.19640885536
USR-14469,32.0,586,0,16909.365243810746,2,115109.16009581283,18329.790891399436
USR-14470,36.0,577,9,65281.1163238084,1,,68540.90576208121
USR-14471,51.0,322,0,51054.035728901195,1,32213.697104120733,52628.590773631186
USR-14472,32.0,584,6,62927.00988004742,2,25180.71806247381,64314.41492925668
USR-14473,25.0,724,8,33018.18887673566,1,131279.94562514534,36035.508607918244
USR-14474,65.0,666,0,74639.79251844155,2,142081.19237673804,77519.72571091016
USR-14475,44.0,336,1,,1,21125.31689606072,
USR-14476,46.0,754,5,39060.46532745003,2,53211.114724408566,42507.595502431934
USR-14477,29.0,711,6,35677.032533724116,2,28168.764592292508,37996.816889599366
USR-14478,31.0,674,0,55465.91740161629,1,30809.39037574603,57907.40469385835
USR-14479,47.0,545,5,59362.77949880983,3,,63536.97741138389
USR-14480,56.0,636,1,40337.99862467546,1,39704.96514562887,42163.3152399966
USR-14481,24.0,482,8,91337.55298198576,3,105401.41793060399,96024.90981786858
USR-14482,31.0,804,8,67324.04889625112,3,30721.372890536695,69640.01705678017
USR-14483,85.0,754,0,22715.373263123787,2,51072.55367129654,22954.50370206446
USR-14484,18.0,365,3,40868.5313483615,1,,42500.76644095734
USR-14485,23.0,755,1,76926.82577106939,1,131716.61263650784,81385.24245336208
USR-14486,63.0,552,1,72878.90121034153,2,148607.64033335057,75810.7258175724
USR-14487,54.0,546,8,,3,136399.85661318066,
USR-14488,,600,9,20003.59147322778,1,52478.206299315876,21510.16562175051
USR-14489,,678,4,26991.68572377793,1,55713.94665352861,28099.860520515045
USR-14490,39.0,470,7,63780.96054980569,1,115523.37138073698,67010.64939449998
USR-14491,23.0,350,3,70415.29675599479,2,146533.73981749575,72508.40211723019
USR-14492,26.0,300,1,53635.80440430755,3,145434.98860691016,56528.22702603474
USR-14493,23.0,470,4,39571.586297386726,2,132231.66037014348,42038.39354938111
USR-14494,32.0,703,0,43669.18312605955,1,41023.658678125,46279.43298671742
USR-14495,37.0,314,4,,1,95543.59757243349,
USR-14496,38.0,302,3,75601.06070168225,3,118472.4599838904,80443.24514747647
USR-14497,21.0,659,8,45875.31603796145,2,86287.5198361101,48829.917488355386
USR-14498,84.0,400,4,47062.122843481695,1,96708.03653440243,49073.066585143875
USR-14499,61.0,514,9,,2,111175.75037384852,
USR-14500,47.0,667,9,35769.58824101384,1,44413.92896481168,37960.92829147509
USR-14501,,426,6,,1,117247.71482238823,
USR-14502,25.0,790,8,,1,105641.07140260207,
USR-14503,77.0,465,5,55024.207063670714,2,41412.56726885821,57725.61811690753
USR-14504,27.0,326,6,58145.638064252504,1,55620.28070400488,61501.18162460736
USR-14505,,596,3,27397.913672801653,1,72757.33447669276,28107.867405342222
USR-14506,28.0,405,4,54871.31015478861,1,147420.9409277027,56490.47084315527
USR-14507,22.0,610,2,21964.34592376647,1,147741.0626448748,23515.232741102805
USR-14508,56.0,828,6,60287.359676551125,1,147635.78391526442,64926.724123876396
USR-14509,70.0,428,8,59085.48743646977,1,51681.97939233421,61722.61663260152
USR-14510,48.0,601,0,42636.89377515331,1,22246.892339654223,45497.7784410632
USR-14511,21.0,612,1,45549.17095462357,2,126656.03859846665,47777.01945786915
USR-14512,42.0,323,7,29060.660316543293,1,,32052.317905457778
USR-14513,40.0,380,6,51666.52162872534,2,60451.10403656905,54030.09645980704
USR-14514,35.0,330,0,47218.25949962798,2,41127.67251295653,47827.416381870025
USR-14515,35.0,752,6,49798.32516959428,1,80818.0046175143,52688.70699919074
USR-14516,75.0,619,1,61623.27758800848,2,79170.28929816373,64352.37362214071
USR-14517,81.0,669,4,13721.83216191973,4,79332.20889251662,13930.829685921206
USR-14518,27.0,785,3,27258.768316129095,1,104201.90016551799,30247.159493345283
USR-14519,55.0,573,5,37253.331333921364,1,137885.92448597495,39534.327923820005
USR-14520,57.0,479,4,36852.07484211837,1,33048.64526325664,39253.79779949938
USR-14521,60.0,393,6,30188.792571286853,1,57912.68999092859,32145.2445185379
USR-14522,28.0,533,9,47016.443121998505,2,112317.75850705782,49109.407211594
USR-14523,28.0,514,1,54103.43029278454,2,56511.91588625419,56196.07135941575
USR-14524,44.0,448,1,50574.281998692124,1,141826.7949373438,52067.52301896984
USR-14525,41.0,579,4,66511.0943108525,2,57216.16162868282,70022.94547062537
USR-14526,33.0,839,5,102568.11218345014,1,54125.116416411554,107225.51357852948
USR-14527,48.0,603,2,14350.823185405163,1,79204.72573019685,13205.575865633331
USR-14528,23.0,731,5,,3,130709.78801424241,
USR-14529,22.0,511,5,46788.6021247369,1,88185.42363174954,48975.24265631859
USR-14530,22.0,581,0,55798.0499279528,2,56448.08530079161,60460.02476688076
USR-14531,47.0,362,1,26704.395272980928,1,137429.8050321344,29320.639983437086
USR-14532,67.0,331,0,79963.47498835015,2,144939.038124564,83024.22773735577
USR-14533,30.0,760,5,,2,,
USR-14534,44.0,583,8,69638.66999904104,1,124337.57466300215,73188.38369917539
USR-14535,37.0,804,2,58271.530438049536,1,73997.92083445532,62164.900217990165
USR-14536,24.0,424,9,16103.962472623964,2,70182.06407097266,15016.200505041057
USR-14537,45.0,331,7,42361.79966228792,2,134998.56659653492,44859.90284357135
USR-14538,28.0,657,4,84281.69783145521,2,120336.0362187064,87581.62421395173
USR-14539,26.0,624,1,26932.29565022125,1,125105.09155464197,28775.817457229958
USR-14540,46.0,345,1,42628.456022038066,1,22801.08176358286,44633.46196315818
USR-14541,52.0,824,2,,1,59328.3917212736,
USR-14542,46.0,674,4,66179.27990740929,1,82992.11730234625,69725.33043768794
USR-14543,32.0,662,9,52857.12323094232,3,,55464.23256225832
USR-14544,52.0,403,2,40667.45192146735,1,73767.44480349285,42284.40114844538
USR-14545,30.0,551,6,53297.451445638486,1,65323.32810508486,57165.51114324077
USR-14546,23.0,602,3,,1,118295.5515210833,
USR-14547,54.0,541,1,37995.1959307433,2,142851.73175850336,39554.85112828093
USR-14548,28.0,719,8,8204.333054012372,1,46364.88380965456,7712.173194543133
USR-14549,32.0,572,3,35933.07045399929,1,125309.32535854478,38045.15490588418
USR-14550,24.0,566,8,61190.25798989331,4,89275.36873886736,63128.84779868155
USR-14551,33.0,511,6,67842.94360746081,1,108091.07080566294,72270.2221118726
USR-14552,51.0,652,7,56387.277193150185,2,21399.455004816613,58103.78698062881
USR-14553,,711,5,53129.6742575078,1,40311.953840182876,55623.751567282896
USR-14554,37.0,460,9,,2,74078.52026155248,
USR-14555,46.0,513,2,45126.51351818447,2,126684.73920647522,47715.99518333728
USR-14556,57.0,561,8,,2,25425.495421068823,
USR-14557,31.0,809,6,36249.69650268766,3,,37511.32584096239
USR-14558,34.0,553,9,42280.696580048556,1,33185.15821681728,43421.10464911267
USR-14559,34.0,636,1,64330.21474998837,1,56937.48235540518,67214.97115609865
USR-14560,74.0,678,7,31445.018034739613,2,55892.9396921796,32657.797276960027
USR-14561,35.0,312,8,39193.66111202668,2,,41183.74779450054
USR-14562,52.0,669,9,66490.1526364341,2,47285.18091085112,71050.74959867826
USR-14563,19.0,424,6,55365.57942892829,1,,60705.81195459909
USR-14564,45.0,308,2,36527.54515902864,1,61058.01644651172,38282.62418864932
USR-14565,20.0,498,6,,1,52451.46286973328,
USR-14566,51.0,751,5,41556.32781324725,1,105338.48298278466,43862.98077400731
USR-14567,33.0,617,6,58185.68291225933,2,117498.95348016292,61746.55158953856
USR-14568,44.0,437,8,28085.009373822093,1,105779.04076072642,31051.240021543177
USR-14569,58.0,563,9,36566.78343899878,2,103118.99713885027,37584.06787747323
USR-14570,,835,4,46053.47750512231,1,116066.64823141522,49016.560176711806
USR-14571,34.0,443,2,64986.54267581967,2,40673.5544402652,68030.24446974478
USR-14572,79.0,437,0,50363.63801435351,2,140512.72126150172,51649.265034322845
USR-14573,24.0,764,6,67212.44361351512,1,109752.19070539501,71709.95616278655
USR-14574,27.0,576,6,46825.08972980774,1,53944.98306359502,47516.79186075732
USR-14575,68.0,685,0,31573.90254128498,1,,34092.312468988974
USR-14576,42.0,418,7,71207.10741089961,1,108334.59094588875,73512.19109033294
USR-14577,45.0,644,1,73191.15071997452,2,143333.077898101,78477.50878266137
USR-14578,33.0,815,9,9229.123777247049,2,109108.76007961044,8862.805698591746
USR-14579,42.0,585,7,53717.208015730765,1,22955.62934456399,55007.72287914996
USR-14580,37.0,353,8,76498.12701381755,1,,80932.26184810561
USR-14581,34.0,489,4,39227.59298489166,1,29856.703773670593,41409.972385319306
USR-14582,57.0,684,6,69824.11583916159,2,36755.494419046605,72797.3940710954
USR-14583,39.0,718,7,39865.63437107428,1,50599.458548983785,40786.45489607584
USR-14584,85.0,749,2,13522.814037378681,1,94921.50202204549,12738.133131354412
USR-14585,60.0,420,7,45072.63862110631,1,137419.3660330361,47758.02266394168
USR-14586,38.0,733,5,87393.49244265899,2,47726.00027877308,91918.17844014948
USR-14587,53.0,332,0,41646.53335215403,1,55440.191741825685,42766.54771010093
USR-14588,65.0,336,0,31802.220268116922,1,52795.80757274035,36020.8311913407
USR-14589,44.0,632,5,69885.87770328608,2,38005.95568620939,74814.2719928435
USR-14590,44.0,549,6,55494.07956631584,2,65772.8480618684,57355.593130983165
USR-14591,55.0,818,1,59508.44686311971,2,30599.361337585753,63506.78264262635
USR-14592,28.0,472,2,73500.3950539127,2,39758.708165701144,76116.10201297213
USR-14593,37.0,483,6,,2,26094.668887519707,
USR-14594,39.0,841,9,70913.09376379038,1,96956.13611292282,73039.18708554478
USR-14595,85.0,657,9,47989.836622151684,2,60844.46950946811,49734.09828684875
USR-14596,24.0,697,2,47938.16049409011,1,61741.60562237681,50024.11206791069
USR-14597,,345,1,36638.15768241915,1,70655.80425214155,39913.47313434186
USR-14598,28.0,471,7,,3,137969.93783802126,
USR-14599,19.0,836,0,,2,43631.85329406454,
USR-14600,85.0,829,2,38684.37952734414,1,79904.01993664762,41745.43332535872
USR-14601,43.0,380,8,53642.37999478468,1,25766.270462251683,56799.987801367206
USR-14602,29.0,500,7,59447.13672915665,2,76666.59564942945,63948.72575879319
USR-14603,29.0,353,4,75303.11274684563,2,105959.2291566043,79491.50707444968
USR-14604,44.0,707,1,,1,,
USR-14605,24.0,341,8,76361.41533143696,4,,79349.77100137583
USR-14606,33.0,620,9,53641.88816148192,2,124006.46791032807,57665.37909489306
USR-14607,24.0,381,7,,2,79064.93991433198,
USR-14608,38.0,302,5,51443.997526912906,2,139870.1624668379,53639.23458118225
USR-14609,35.0,821,0,43782.26043541894,1,31772.796079749147,46799.720807357866
USR-14610,23.0,535,1,24935.01443713391,1,124976.28760453529,25913.64582750562
USR-14611,34.0,770,4,49860.24401103961,1,35477.96719627996,54283.818321959014
USR-14612,18.0,756,6,54841.16166479085,1,,58475.89724961242
USR-14613,69.0,637,5,44214.97100034743,1,142598.50206698282,46613.69159531574
USR-14614,68.0,535,5,52929.26422770138,1,35068.44366396418,55352.13314974457
USR-14615,47.0,768,6,21123.85682673494,1,64382.91797076278,22403.421061649635
USR-14616,37.0,469,9,,1,28087.641149281906,
USR-14617,23.0,373,6,0.0,1,,-393.57024231569284
USR-14618,34.0,616,4,52012.55912687965,3,66499.58131098551,53981.25232740061
USR-14619,33.0,701,1,795951.0087765724,1,73167.74287630236,833460.9914475601
USR-14620,24.0,810,5,68605.174752039,2,130373.79205416124,73638.22589709853
USR-14621,28.0,770,6,74433.47424247854,1,46425.696757583086,78240.93910649959
USR-14622,38.0,303,5,29734.244616169664,1,111483.2971078522,32340.372461856536
USR-14623,43.0,730,5,51915.04122504158,4,111237.06682330524,54258.50499666752
USR-14624,23.0,494,1,54819.56078105526,2,148552.2938667651,56386.43221433201
USR-14625,62.0,472,1,39145.24867200536,2,,42772.69314491647
USR-14626,22.0,370,4,59457.98424912039,1,133130.70809171395,63062.77663348579
USR-14627,35.0,466,1,57189.079228467286,1,116835.32817157108,60484.50650121582
USR-14628,44.0,768,7,21062.738366708243,1,102142.7886252451,22068.19420210187
USR-14629,44.0,410,5,,1,25543.21532232133,
USR-14630,30.0,434,8,5793.0868310821315,1,70568.53437017243,5087.097181310289
USR-14631,23.0,588,1,43558.8717652842,2,139881.8856023066,44726.365952831715
USR-14632,35.0,820,4,63754.49373581954,2,31395.438475912164,66534.13867925334
USR-14633,22.0,574,1,56295.33390605803,1,112062.21440044465,58389.91804705813
USR-14634,21.0,659,6,52123.34735752524,2,53943.65272700773,55822.4184059247
USR-14635,35.0,662,1,29015.17743520324,2,143976.2755322957,30633.730768542016
USR-14636,33.0,432,3,51312.77906969663,2,40200.64230812862,54166.06492585866
USR-14637,30.0,581,3,20267.192466314227,2,125299.42048459357,21024.18840152827
USR-14638,82.0,550,6,,2,41478.56822819304,
USR-14639,28.0,749,1,24956.88962524528,1,140195.00713802563,25969.22060010087
USR-14640,75.0,568,7,,1,64433.79133966486,
USR-14641,52.0,339,0,69404.92851231502,4,68204.87409232421,71434.91481569575
USR-14642,44.0,333,0,47998.314897193,2,116590.87187230213,49985.04164921323
USR-14643,56.0,474,3,30170.654808092433,2,149326.451259316,30880.39274485228
USR-14644,26.0,590,0,76109.52210561138,2,45963.60917329251,81696.81873926212
USR-14645,33.0,555,4,47457.60259528459,4,23417.680084638803,50466.826563080445
USR-14646,25.0,760,0,387696.90894275845,1,,406142.64776226546
USR-14647,40.0,462,3,54563.22492446065,3,119786.61811873988,57703.45393093396
USR-14648,61.0,794,4,52429.59789897298,3,30900.927219202043,56192.78238267701
USR-14649,50.0,784,4,37938.27481426747,1,79437.0847439823,38083.433704665404
USR-14650,38.0,823,1,63588.8319048416,3,100684.43818568613,66249.1926888902
USR-14651,27.0,834,6,36382.75389162114,2,60042.93559607367,39603.81950563569
USR-14652,29.0,344,2,50389.14654309897,1,42953.67424941182,52660.18166223341
USR-14653,27.0,735,8,64138.06641564753,1,,67270.77003882642
USR-14654,25.0,757,9,44569.04048183697,4,50185.11290020771,48888.57577303592
USR-14655,47.0,378,1,45557.22775183896,1,90446.63065030276,47902.15156891253
USR-14656,38.0,360,4,29506.503088864654,2,77147.9878835656,32835.27535137351
USR-14657,60.0,827,1,73508.18085911471,2,29869.383382239022,78139.3772027543
USR-14658,64.0,311,7,65235.625740514784,1,88447.89257923029,67197.17240903214
USR-14659,38.0,699,6,,1,33489.85356720055,
USR-14660,37.0,649,0,42839.946060271424,2,93025.36005493627,44094.87678820937
USR-14661,32.0,542,9,91466.35284266138,1,75336.73988345367,95128.06292824335
USR-14662,57.0,585,7,48684.27921534666,1,54016.73376323074,50210.50109300742
USR-14663,32.0,844,0,,2,42170.682296984334,
USR-14664,55.0,603,5,16858.40902659104,1,21883.087842740202,16750.593263013678
USR-14665,42.0,482,5,12818.964033080367,1,114978.73454936032,12093.999953275506
USR-14666,46.0,407,7,34997.45987748011,1,54350.639650391546,37143.14526151636
USR-14667,35.0,367,5,50403.39346207354,2,123997.79311172197,52757.693661260666
USR-14668,20.0,792,9,62798.599389733696,2,122284.08585610305,65651.45215401075
USR-14669,67.0,554,1,,1,97648.78375359092,
USR-14670,36.0,765,9,,2,93955.03784324466,
USR-14671,62.0,407,0,83026.00262702855,2,93497.5833065546,87096.51919839792
USR-14672,33.0,680,7,,1,117295.27607817457,
USR-14673,31.0,822,6,19155.316593588286,1,142947.86521714332,20470.035593910296
USR-14674,25.0,442,7,39545.735578930195,1,74024.87036000163,41377.16917803021
USR-14675,37.0,344,4,68538.47936703233,2,,71009.92462543109
USR-14676,39.0,361,0,56723.80785500013,2,86002.79659574319,58554.887694445715
USR-14677,85.0,760,1,35621.456206986826,1,76596.29691036353,36771.61132486943
USR-14678,51.0,369,3,27335.988435822357,2,87160.47227038581,27359.577024912032
USR-14679,34.0,704,3,67192.03525834781,2,104003.43537824646,68861.16276328455
USR-14680,37.0,497,8,21013.49361101466,1,119855.578207159,22449.235386231354
USR-14681,63.0,369,2,35161.67835082933,3,,36272.776609563894
USR-14682,,439,3,82898.3739343665,1,147819.76986604714,87048.26859189183
USR-14683,,670,6,21001.794779098687,2,,20648.64350130574
USR-14684,39.0,444,5,71267.08836169862,1,37789.2846979936,76056.96113309126
USR-14685,78.0,595,4,,1,,
USR-14686,54.0,370,1,54514.18533847345,2,55808.24655625584,58914.57239756635
USR-14687,34.0,840,6,43004.73423567536,2,77659.1786385113,44673.513889320566
USR-14688,85.0,607,0,54074.63897390552,3,143607.04477659526,57669.71089466106
USR-14689,24.0,417,2,787222.8809578015,2,147387.45494696568,825544.7807285503
USR-14690,32.0,714,9,46409.06025159727,1,149905.4030361867,49082.56171999206
USR-14691,30.0,833,7,63443.45006059009,1,58959.90368993852,67488.82399901903
USR-14692,42.0,316,9,39721.970143009086,2,107337.83992985115,41811.896273229264
USR-14693,80.0,665,5,61816.551412310415,2,28369.091051554475,64986.95072825481
USR-14694,23.0,368,5,66497.19939356137,2,112836.35138475492,68674.82906662762
USR-14695,27.0,334,1,52841.828651707976,1,98092.01163999787,55229.98300736209
USR-14696,24.0,606,9,72750.38247146698,1,,74202.61997753785
USR-14697,23.0,463,6,20203.576708519435,1,41872.68161707657,23242.309429999354
USR-14698,53.0,501,9,70701.98121155423,2,89187.59999254429,75822.12429084798
USR-14699,,599,3,18155.699946148463,1,98938.03901350091,19323.77806866209
USR-14700,24.0,507,9,,2,62487.7150562529,
USR-14701,24.0,310,7,53376.711976010585,2,140180.7156349867,55935.048595003536
USR-14702,53.0,714,4,85231.53342197253,3,119778.45812964787,87873.28885968521
USR-14703,22.0,833,1,73715.65894108893,1,92710.66253349709,77387.16030791278
USR-14704,,377,3,21218.114342241828,1,147935.4968375811,21797.229695004116
USR-14705,48.0,838,0,102929.57993625189,1,148872.7863923056,107731.88324236961
USR-14706,23.0,556,0,38674.04229179083,2,21934.261508752163,40163.06632986899
USR-14707,,541,4,115557.76419892843,1,26780.97575581989,121505.39467683321
USR-14708,51.0,479,5,90405.60423426103,2,54964.45555670159,95595.23353291918
USR-14709,37.0,417,4,80302.33783615344,1,126310.0989522627,83186.84579843903
USR-14710,65.0,615,6,39888.21624497823,2,115419.95193478216,43035.630614254624
USR-14711,43.0,814,1,533887.8206214072,2,60422.12251733372,560767.0885375757
USR-14712,65.0,408,0,55709.36704212721,2,105715.56577747077,58740.08169876238
USR-14713,54.0,369,2,104466.1541835617,1,121755.99907154133,110523.55275487338
USR-14714,73.0,424,9,41419.18021546371,1,24988.14806071434,42072.1052933929
USR-14715,24.0,812,3,65129.407683177466,2,127843.59515302037,69287.48678517577
USR-14716,48.0,427,2,38661.47329821619,2,,40492.76277603849
USR-14717,62.0,688,2,65050.23783008279,2,83860.4830883248,67596.40851983214
USR-14718,34.0,657,6,42026.993281949195,1,135712.9796415277,43978.90421536391
USR-14719,52.0,430,2,69717.72849235858,1,96949.86834567292,73407.66741238095
USR-14720,35.0,844,2,489299.67459452956,1,54613.93816190012,512428.8955557786
USR-14721,70.0,441,0,37454.49106780696,1,93941.92409535896,39392.15228791665
USR-14722,61.0,557,1,17120.994352407157,1,66128.83041913697,19441.04393215653
USR-14723,27.0,593,1,32976.09358017087,1,80222.94210674385,34440.039025538616
USR-14724,25.0,640,6,37362.253166225484,2,57881.179629587954,37786.14914205947
USR-14725,52.0,425,6,61671.722531642554,1,102349.24266411799,65379.63020506397
USR-14726,30.0,446,9,39665.27458934435,1,,42061.6148257682
USR-14727,27.0,446,5,76852.39475819637,2,,82350.64731584616
USR-14728,33.0,677,6,59152.114941306354,1,145790.54979672658,61045.0259142879
USR-14729,42.0,836,9,63481.06845665374,1,30003.6956882035,67203.14618419168
USR-14730,36.0,311,5,,4,144689.75045371815,
USR-14731,56.0,532,7,68966.9450998243,1,57818.95982094916,73088.9151367087
USR-14732,47.0,567,7,25356.21772139955,1,75062.65693079452,28883.087816528878
USR-14733,59.0,623,0,79890.78725780064,2,35625.68812151364,83502.57272119442
USR-14734,49.0,658,4,36486.63482167029,1,133060.72703826052,37233.63175119559
USR-14735,26.0,451,2,22267.547848101913,1,133822.40881887043,24458.803126539344
USR-14736,85.0,447,9,31664.001579928135,1,98591.98970108604,32636.951278166995
USR-14737,49.0,786,9,60605.23318398597,1,39084.39165473849,61889.66404407096
USR-14738,27.0,420,8,26679.035713999627,2,51710.78566374996,27472.0137664174
USR-14739,,341,9,61326.4867686059,1,126450.40734257392,63151.50679508451
USR-14740,22.0,647,3,,1,54680.087193145606,
USR-14741,39.0,815,7,68927.28094948953,1,61809.100225704555,73397.28289085328
USR-14742,,580,2,30225.670849497357,2,116064.76243300088,31556.259512461635
USR-14743,31.0,446,4,,1,56624.1028281678,
USR-14744,33.0,399,8,28223.304739499603,1,116466.1949493867,29697.2944262213
USR-14745,50.0,640,1,32181.225165846216,1,104586.1961656835,34290.83962075922
USR-14746,34.0,790,4,47816.55472372082,2,21390.797216891973,51041.07251793658
USR-14747,34.0,345,0,37542.048794835675,1,149333.44482267776,39373.65038039031
USR-14748,36.0,714,4,59662.701428313,2,64167.83122733461,61836.356136124945
USR-14749,42.0,310,2,31580.16647473949,2,,31303.948455584792
USR-14750,61.0,367,3,65359.702961570554,1,80311.58465902618,67958.61936834289
USR-14751,43.0,484,2,29780.502560065564,1,82555.0896352432,31475.769367157765
USR-14752,50.0,698,7,,1,39566.25468868286,
USR-14753,30.0,533,9,77568.92019838386,1,49746.72518704955,81247.46514706305
USR-14754,41.0,643,3,70422.41838519672,2,54742.500073347066,74836.96111800181
USR-14755,22.0,690,5,8206.380875805691,2,97402.72382417522,9127.829539951632
USR-14756,19.0,308,7,70443.7781689619,4,78086.80604756152,74740.55462207174
USR-14757,28.0,348,6,51350.744244017966,1,117028.39714176292,54213.9649038474
USR-14758,,348,3,40750.41632925314,1,90615.03492449617,42188.83657102686
USR-14759,42.0,840,3,56860.09395452816,1,82117.02558791991,58663.210710178115
USR-14760,37.0,405,1,90930.44814472077,2,77515.9923442777,93956.2742791987
USR-14761,,777,1,69290.95198452762,1,72381.82213053573,72430.04823360273
USR-14762,31.0,713,7,,2,114559.9640991841,
USR-14763,,641,4,13180.058978441848,3,110347.28032607459,13579.479810274346
USR-14764,23.0,326,6,,1,115176.85496496884,
USR-14765,23.0,816,7,,3,,
USR-14766,26.0,431,3,38694.94708279098,3,99259.64055260683,40706.04353706934
USR-14767,27.0,776,0,18197.366717127705,1,37031.57872985144,18839.35879225715
USR-14768,34.0,705,9,32914.991029777906,3,101899.38500939198,33415.18135425082
USR-14769,56.0,598,6,59173.35775825222,2,100693.262021378,62096.11657168036
USR-14770,35.0,603,1,66655.03061920193,1,72722.51405074308,71368.18613415974
USR-14771,55.0,385,2,394813.9088494494,2,57517.54227505149,415746.5371348215
USR-14772,77.0,582,3,67489.39706515406,1,66708.70269992843,70980.65137803179
USR-14773,52.0,416,9,60667.449651192335,1,90838.43298425636,62651.705936069004
USR-14774,39.0,688,7,34674.120428353155,2,131912.62515043927,36322.853270766755
USR-14775,49.0,797,1,80845.75491729466,2,70783.18960669547,85776.70428309261
USR-14776,18.0,503,6,72687.69207634858,2,79374.48729947866,76650.66143033061
USR-14777,22.0,628,6,69825.6385639252,1,129774.09961659237,73101.34437010044
USR-14778,34.0,778,5,40154.07031626771,2,130030.51273836776,40873.227871582676
USR-14779,27.0,799,7,800430.8155750164,1,50587.91615652509,840982.270742268
USR-14780,27.0,463,5,46542.3913183327,1,77829.13355895098,49042.09329099412
USR-14781,34.0,465,0,63410.787314763096,2,33572.2149801615,67107.56474946838
USR-14782,30.0,621,1,57746.5775851822,1,122152.33604966704,60998.836868851795
USR-14783,30.0,426,3,49052.4336814065,1,116868.26292580078,51643.64337886443
USR-14784,37.0,592,7,83847.65587468552,1,77397.43992034747,87157.84103410642
USR-14785,35.0,805,4,33842.939028109,1,96699.74650933754,35823.180177950955
USR-14786,41.0,580,8,59357.16721977625,1,78967.62331288998,64007.57267696833
USR-14787,60.0,350,1,64953.60720724638,2,65027.10978756253,67786.79682050567
USR-14788,74.0,806,2,44916.08560743689,2,87107.81888760747,47546.51756087475
USR-14789,43.0,486,5,57139.719358356735,2,35293.0586162307,59675.11095437497
USR-14790,27.0,825,5,48223.66069818657,1,97290.65012509473,51120.98010729388
USR-14791,39.0,493,2,,2,,
USR-14792,57.0,338,9,28884.660816873402,3,79480.59781946859,29713.208229542117
USR-14793,43.0,763,8,33364.627370055576,2,105896.38589581076,35059.086855422305
USR-14794,41.0,797,8,62300.62987629802,1,53486.170339242395,64589.399597438955
USR-14795,21.0,673,0,,1,120093.06930807617,
USR-14796,39.0,658,1,72362.46452071024,1,54354.153021117316,74782.72130287478
USR-14797,35.0,745,3,47726.260157451994,1,119303.49225315155,48619.21061752723
USR-14798,25.0,593,1,24027.771389557085,2,22846.709373869784,25546.389031981762
USR-14799,29.0,597,3,,1,51467.33596340461,
USR-14800,46.0,370,0,,2,96942.64101176064,
USR-14801,26.0,719,9,,1,42988.07561065456,
USR-14802,85.0,715,9,45988.10471037355,2,74746.58540240955,49088.26646498137
USR-14803,23.0,532,0,61442.83037946939,2,74399.00799621153,64595.806027480845
USR-14804,28.0,732,8,53534.01109367587,1,60389.70057089817,56486.32389024166
USR-14805,53.0,500,4,52701.13517010749,1,56088.8205842321,56055.83976940164
USR-14806,85.0,818,9,44083.611587430336,3,85456.80091020418,46710.60549940883
USR-14807,36.0,454,2,62050.04230884962,1,119888.84748719666,66232.80032744564
USR-14808,35.0,784,6,40328.29208297879,2,78824.84975634539,42924.87478349055
USR-14809,51.0,337,4,40229.66533362087,1,105256.13888353997,40399.80934704436
USR-14810,75.0,314,4,49601.144168518185,1,94921.65803187393,52894.735204530756
USR-14811,38.0,720,5,39984.18990354675,2,104107.64280178612,41461.775828085636
USR-14812,34.0,599,9,57176.28301034405,1,122020.50400052339,59957.43934822534
USR-14813,27.0,308,5,,2,139149.88530504427,
USR-14814,29.0,594,4,53318.38429021499,2,,57580.358673761904
USR-14815,52.0,555,1,,2,136125.85005507676,
USR-14816,23.0,706,3,33969.835077739066,1,115996.58630472366,34510.548990845076
USR-14817,21.0,391,1,55626.311504175355,2,91434.64754190565,59581.683887154024
USR-14818,52.0,396,5,91092.4779386837,1,148283.70783176558,96040.3288194878
USR-14819,34.0,643,4,64104.63581380319,1,,68000.24284505064
USR-14820,40.0,470,3,59939.54380471012,1,97507.17886540122,63761.87766627651
USR-14821,44.0,499,4,49117.35941011344,3,109913.25314639822,51993.98004990757
USR-14822,27.0,477,7,41772.35625823909,1,76432.82356411757,44366.77165127368
USR-14823,25.0,356,5,34676.44639051848,1,110086.91917838721,35854.7954555992
USR-14824,42.0,763,8,46670.791543804255,4,88407.60109162863,51002.405720882976
USR-14825,57.0,560,5,65084.7287656196,1,105064.6226462314,68173.06515761942
USR-14826,21.0,469,7,55053.18657403026,1,38428.092823645406,59136.13202715289
USR-14827,23.0,586,7,,2,129290.76677275496,
USR-14828,25.0,433,5,65642.94278656124,2,97888.29258316875,68894.27854984584
USR-14829,26.0,412,8,26786.232612778167,2,74261.5968398776,29164.072661492148
USR-14830,30.0,772,3,38966.313747865286,3,145411.12982052597,39293.52668010287
USR-14831,58.0,466,8,53399.50780755462,1,,56035.0699982135
USR-14832,49.0,519,5,72042.57200676732,1,,75431.55977392275
USR-14833,59.0,820,2,27475.320708061394,1,121524.44424341849,29952.953137389322
USR-14834,,513,1,52804.97908709808,2,122300.08547351013,56698.81611754418
USR-14835,40.0,639,1,,1,109761.98187777503,
USR-14836,22.0,578,5,,1,130649.90845505278,
USR-14837,,561,6,65877.72644578858,1,123531.13071936912,69040.21051394516
USR-14838,54.0,303,5,46475.539123676805,2,119562.2176451894,49188.078767561834
USR-14839,31.0,808,2,46472.76985622597,1,78285.96098338824,48854.31920303101
USR-14840,27.0,462,3,49121.6551769986,2,99123.3898018994,49527.15512123619
USR-14841,32.0,661,6,56074.16291139319,2,33760.21433147395,59130.07016794251
USR-14842,20.0,525,7,15852.436888942502,1,50847.638768857636,16651.597998708126
USR-14843,69.0,385,1,68684.82647185057,1,115909.56816296771,73025.81289165624
USR-14844,30.0,407,7,68729.08632305237,3,40459.005424886374,71748.6781219515
USR-14845,41.0,426,2,53307.91522604496,2,119121.35204926916,55559.42775061196
USR-14846,28.0,308,6,28337.576647954767,2,101927.86162844369,28963.09645936837
USR-14847,53.0,641,9,46168.860687243236,2,82820.86236320416,48373.036801203845
USR-14848,35.0,725,7,38295.44946498658,2,125816.87582926101,39985.166861942314
USR-14849,39.0,577,0,25559.845619211876,1,103162.74640080615,25130.532811941503
USR-14850,44.0,441,9,18955.762543957066,2,126091.03983743425,20176.362193908255
USR-14851,47.0,710,3,11757.331332212736,2,68447.1180269134,12340.094938440629
USR-14852,30.0,406,6,46460.934817073954,2,65787.83000408756,50997.361367696576
USR-14853,85.0,375,0,21355.9451759524,1,32821.73846947478,20526.50635877378
USR-14854,35.0,406,7,68371.41054265284,2,,69789.15051499219
USR-14855,35.0,561,9,21118.456305413543,2,36348.174966408595,22974.734325796962
USR-14856,18.0,757,7,64051.2534964522,1,28883.751666933316,66609.15947953594
USR-14857,56.0,623,2,49224.31041736122,2,79198.70682958452,53013.661227396915
USR-14858,42.0,724,8,68505.89896638891,1,119050.23141859702,72303.28892694457
USR-14859,45.0,350,2,50931.90579003928,1,,52639.592799085396
USR-14860,56.0,430,6,20707.21613833009,2,103593.8573959124,20726.372270231688
USR-14861,31.0,603,3,9299.854423136196,2,76533.63971832747,9712.758227654083
USR-14862,66.0,765,3,13287.667871070313,1,32988.657852846605,11331.074476516687
USR-14863,77.0,467,7,24518.70050748807,1,37148.74798411618,26937.097968619953
USR-14864,55.0,805,6,52725.862280519475,1,36292.427701090266,54804.87341793679
USR-14865,36.0,843,8,27750.645488295137,1,84358.70982135404,28642.64846372749
USR-14866,29.0,748,9,48022.86246739315,1,111763.86102536425,48434.71287132916
USR-14867,48.0,802,1,28984.94426242239,2,21726.40863405972,31377.31195804429
USR-14868,29.0,321,5,60842.66904964949,2,86401.68885861209,64277.498984800506
USR-14869,45.0,312,8,47269.72446354886,1,147350.04593295432,52426.07590111782
USR-14870,25.0,420,6,20451.847849340185,1,126745.34149538765,20981.50170282922
USR-14871,57.0,837,9,52098.38030669149,2,50082.02594605139,53770.65521051705
USR-14872,21.0,718,2,35855.78011126067,2,137383.11188645684,39198.359639414186
USR-14873,28.0,494,8,90394.26715284961,3,47279.21172788335,96097.88274750591
USR-14874,29.0,845,6,0.0,2,44986.19627913553,409.49961566869104
USR-14875,25.0,551,0,,2,127763.73795137178,
USR-14876,49.0,726,1,77713.4101706549,1,72496.31044698664,80259.23615451966
USR-14877,32.0,500,8,,3,126766.31847984843,
USR-14878,33.0,374,8,72987.23314218697,2,67951.49106740364,75929.71450001666
USR-14879,54.0,574,0,,1,26057.741342501537,
USR-14880,,368,3,,2,138066.5571980002,
USR-14881,19.0,631,6,0.0,1,,-179.7759654960729
USR-14882,40.0,713,7,55970.30406297741,1,121916.49016481689,58983.40591032702
USR-14883,54.0,635,6,41111.14300745759,1,24227.826003265665,41973.69334880525
USR-14884,27.0,798,7,35435.28379139892,2,112146.52668828148,38723.45838095956
USR-14885,24.0,558,6,583973.6177801646,1,35707.18751998018,613954.4313258857
USR-14886,42.0,567,4,74594.02746378962,1,66113.77519537989,78552.76704670122
USR-14887,,794,5,64454.8591479107,1,94168.82427282004,66544.91106984338
USR-14888,,794,3,49158.32485063252,1,80668.23388230694,52694.43215604936
USR-14889,46.0,849,9,57306.51636579263,2,43469.6672736621,61425.927762768675
USR-14890,58.0,474,8,85188.17990163346,2,22404.652207876214,89522.92325237326
USR-14891,50.0,351,7,59668.09520394635,1,81836.93268593907,62702.32207048257
USR-14892,27.0,670,6,50611.442994684934,2,143114.5554175878,52283.97569645881
USR-14893,40.0,389,7,29950.855925596254,1,49690.74658785447,30404.93716146671
USR-14894,67.0,320,4,32826.9787096723,2,112072.26237789336,35215.395000941855
USR-14895,33.0,715,1,46989.061389830655,3,67172.70518575107,49061.751204820845
USR-14896,85.0,583,9,22500.330711506806,2,78502.35145087935,23640.55684940977
USR-14897,29.0,546,3,18723.65825491597,1,,19851.701910958145
USR-14898,35.0,456,2,36866.97425223254,1,135961.3084455533,39200.44479323716
USR-14899,74.0,726,5,22328.164480284886,2,90856.11423229282,24091.100370751232
USR-14900,25.0,758,6,82835.01586915168,2,68603.31622482522,87150.26925760989
USR-14901,55.0,561,2,38904.74409582991,1,146752.1218037663,39761.23439442832
USR-14902,33.0,403,6,75945.0335887345,2,30358.560967703073,81312.2069594631
USR-14903,78.0,698,3,56298.229371426816,2,27872.646152699108,59488.37725159337
USR-14904,,575,1,67640.683796022,2,43442.46014093197,71745.5338229723
USR-14905,36.0,849,5,54541.52248252922,2,69770.19133026066,56142.45597162934
USR-14906,35.0,843,0,30273.745635930143,3,91581.96709444131,32376.5621730729
USR-14907,38.0,805,1,88124.46515405204,2,136089.05712018587,94950.58718436549
USR-14908,43.0,616,9,61455.99323324119,1,98523.19244473666,63209.03629099223
USR-14909,85.0,326,4,55826.17219611565,2,74585.12655572844,58907.47617154194
USR-14910,27.0,306,1,24249.54193769935,1,67373.16382781402,26914.859271199493
USR-14911,23.0,627,4,74083.9180582601,1,97911.0834274305,77865.28148284816
USR-14912,48.0,351,2,58381.61864701281,1,49199.457292496256,61666.00404781168
USR-14913,57.0,778,2,67676.85817376728,1,137857.01714513678,69625.63015488292
USR-14914,25.0,418,1,35603.633446821135,3,95371.34235469808,37048.06997530006
USR-14915,45.0,340,8,66181.94773230431,1,40585.915405518834,70374.3875609016
USR-14916,27.0,548,4,77287.54716478284,1,75511.19946630416,81019.82828543795
USR-14917,83.0,539,3,63126.8518918701,1,21649.145373792937,66210.8229162619
USR-14918,36.0,795,6,48551.175759195736,2,36663.95212091143,51841.7446252149
USR-14919,23.0,702,2,76860.39761357599,1,107077.11460909266,81440.04393556237
USR-14920,20.0,337,4,43795.298249421496,2,112785.05586997575,47714.22390839155
USR-14921,28.0,372,2,,2,88617.66594141783,
USR-14922,47.0,540,1,,1,105247.17903664312,
USR-14923,78.0,556,9,37709.62435736913,2,115524.07530871863,39760.74094436951
USR-14924,33.0,363,3,16915.472711543916,2,146968.3212201306,17526.846289034198
USR-14925,50.0,436,7,63056.339241606765,2,87104.79339810938,65665.32145436863
USR-14926,29.0,447,6,30979.959028303878,1,122815.05087978786,34963.23996104938
USR-14927,42.0,811,4,34280.995033722924,1,56135.15362639857,36226.38394992819
USR-14928,30.0,736,4,24623.347394004704,3,63054.139976108374,25965.081345936433
USR-14929,52.0,452,7,67905.83465521943,1,118887.05569590056,71017.16021107673
USR-14930,29.0,811,4,37377.56420150557,1,91220.50192590464,39212.427535766765
USR-14931,39.0,607,0,,1,132826.95788149664,
USR-14932,53.0,466,2,71584.43052103919,2,95435.32136475899,74876.2687901457
USR-14933,43.0,355,8,55310.218346954636,1,109207.48058582602,57299.93876547893
USR-14934,36.0,633,7,78135.93719138898,1,56560.67596966933,83939.50701143568
USR-14935,25.0,363,9,14911.473271567906,1,63985.175298416834,16632.19588174261
USR-14936,57.0,843,7,15175.498660040175,1,,15466.11506411239
USR-14937,33.0,576,7,58162.84763680517,2,149460.4566784858,61205.827460379376
USR-14938,32.0,453,5,64318.34131548934,2,102783.2275279914,67636.8535872242
USR-14939,35.0,548,5,,1,37663.64748681828,
USR-14940,37.0,827,2,56381.2827466921,2,123127.65474347817,59256.18041897316
USR-14941,29.0,380,1,39811.1795199415,1,61988.07152058848,41544.89326388238
USR-14942,85.0,791,3,63586.0769286078,1,,65956.54332655446
USR-14943,40.0,780,8,46827.27268558301,1,68571.56822472102,49315.484871921406
USR-14944,,417,2,37146.93732301802,2,131554.88718225592,38959.52044195073
USR-14945,52.0,524,1,69849.59667341656,2,25663.342261139846,73879.61521727737
USR-14946,34.0,766,2,42259.7405508086,2,110188.2880083759,44990.42663346141
USR-14947,61.0,618,6,21575.301909318725,1,,24121.00511726254
USR-14948,39.0,398,2,25504.32508550958,1,51662.36684455539,28791.535300940777
USR-14949,33.0,424,7,5660.85385332186,1,76018.65924231251,6900.6953655686875
USR-14950,53.0,759,4,58608.4324433555,3,121584.35842262769,62528.25616353469
USR-14951,51.0,664,2,72447.19494258272,1,91122.06765042993,74563.36631220933
USR-14952,,546,8,42482.86447534291,2,106762.39135732857,44777.304492020136
USR-14953,45.0,531,9,42934.66524927897,1,103641.11989040574,45031.14904787778
USR-14954,37.0,656,5,57814.26971861718,2,120443.73298952387,59177.22383128412
USR-14955,37.0,631,7,23888.99837987182,1,69980.01270020704,24336.959826550046
USR-14956,26.0,625,3,,1,45750.910980761844,
USR-14957,28.0,488,1,31097.63952750182,2,125626.83648022613,32876.56554801869
USR-14958,39.0,387,4,,2,42118.070771671526,
USR-14959,58.0,449,2,52649.9707983085,3,54213.48688573557,54984.63979751285
USR-14960,39.0,606,9,10835.451947028349,1,20986.423138411552,10711.539419298193
USR-14961,48.0,471,0,33726.83218971024,1,64203.944303159216,34948.58834799981
USR-14962,46.0,631,9,48226.66748200321,2,30886.06383953664,51950.408188198904
USR-14963,28.0,578,8,32535.772213245404,2,106353.887611969,33330.546744422725
USR-14964,37.0,729,3,14420.679901745294,1,66440.79600122993,15804.410892501153
USR-14965,,518,0,52931.65541984463,2,90678.06251971539,56215.00305563184
USR-14966,26.0,311,0,58173.86172633754,2,85704.053042855,61193.52885668758
USR-14967,38.0,537,1,65052.789012440975,1,141021.1805305645,67956.07436026403
USR-14968,85.0,563,3,95877.75067600547,2,75856.21522833226,100434.96318170815
USR-14969,41.0,752,1,36288.05538842884,1,99145.60145890487,39517.44047988668
USR-14970,56.0,773,3,40867.74499917801,2,137193.27701634177,44787.52879901941
USR-14971,68.0,488,5,45961.40398927804,2,71811.52479219562,47526.88194099589
USR-14972,82.0,760,3,30640.10827045708,1,65561.92480096566,33921.52007497508
USR-14973,29.0,591,3,27104.005119517467,2,91913.7010894407,27530.526683956516
USR-14974,33.0,613,9,81963.55377755116,3,47963.29741399574,84151.18744538151
USR-14975,34.0,618,7,74311.8071322311,2,54334.6751428994,75916.6112312506
USR-14976,71.0,677,9,23567.336266086208,2,146117.30992027395,25561.988026826486
USR-14977,41.0,495,0,36148.24642325856,1,137555.49199719215,38091.92430454641
USR-14978,47.0,407,8,69457.64888011389,2,56462.830758315176,72082.71288702842
USR-14979,19.0,603,8,78432.07430922618,1,59242.72145029232,84010.08307218464
USR-14980,23.0,575,7,37963.297304351814,1,48625.18575094361,40544.534011390104
USR-14981,32.0,585,8,48073.862492310494,2,35307.69999304706,49891.17078683778
USR-14982,27.0,560,5,38668.28707933411,2,50896.95220932138,40949.413919682265
USR-14983,42.0,458,2,48572.07277863264,1,49453.59890460208,53369.144812505714
USR-14984,52.0,515,2,72203.03453691765,1,102627.84769408776,75065.22744250347
USR-14985,45.0,414,7,46268.096275969154,2,121306.78932191781,49781.37061702648
USR-14986,36.0,574,5,28933.06358626071,1,41020.40419442819,29558.383191504145
USR-14987,46.0,313,5,39367.95879155592,1,104402.83297902509,39163.66997893392
USR-14988,30.0,338,1,47878.73429482289,1,33421.167243107506,51064.501553195696
USR-14989,28.0,681,4,68894.4497949697,1,33115.867203312315,72777.41581444292
USR-14990,48.0,363,6,55397.59297839092,1,79926.17841219153,57468.92665636609
USR-14991,54.0,441,5,51441.835792800885,1,24021.9134170204,53068.14728313367
USR-14992,58.0,435,1,45399.45509927343,2,108482.55809930628,47924.406794563205
USR-14993,38.0,751,3,91700.29009676029,1,104770.54662211513,95445.5033533849
USR-14994,69.0,433,7,40274.65308019749,1,28706.085454830343,40558.59671913151
USR-14995,31.0,787,2,67168.71741286683,3,87290.84466683518,70945.28938178904
USR-14996,48.0,518,4,76652.8900087804,1,143770.89212562804,80800.53921071341
USR-14997,21.0,413,6,45764.043452302336,1,44813.83336719332,46896.77517452248
USR-14998,41.0,363,5,92569.76631091413,2,44348.35248248515,98264.81428274798
USR-14999,75.0,546,5,63882.82667282812,1,24862.737855646417,67282.11548254253
USR-11501,29.0,337,0,53682.0017256067,3,100516.09588735827,55496.99615669676
USR-12586,,839,3,49569.503750709955,2,110468.22716745466,52518.14123643051
USR-12653,45.0,338,0,,1,63263.78726294217,
USR-11055,55.0,759,5,73832.91356091293,1,91480.81217567886,78305.96419698306
USR-10705,34.0,326,2,,1,78246.8821520962,
USR-10106,32.0,790,0,73533.11534704182,1,30201.53606230264,78394.56811802658
USR-10589,35.0,816,1,58699.84609960108,2,42738.23967527188,61705.48299452933
USR-12468,48.0,367,2,,2,31338.163442661848,
USR-12413,37.0,682,5,78496.6536035788,1,35860.05036791516,83422.94482225117
USR-11600,26.0,797,6,987.0014266853759,2,63770.65474936484,857.7388067035099
USR-12464,75.0,675,6,77996.47189244731,1,40850.00860214855,81740.44035239708
USR-10228,58.0,331,0,6323.677749444381,1,51751.71997083185,6279.5330540813
USR-10915,41.0,762,5,58795.64221203361,2,96143.8951114273,61408.18537085115
USR-10794,41.0,528,2,,1,146006.4669085493,
USR-13021,63.0,646,2,65317.02242244885,2,142672.84485576506,68628.06741265566
USR-13543,36.0,532,5,34413.3374254907,1,65941.88382048413,38174.68023852239
USR-11073,41.0,815,4,55867.42210501861,1,147785.43578871735,60119.998311898875
USR-13351,,525,6,41863.854240275235,1,131855.54744088172,44418.689612691036
USR-11744,37.0,340,1,82086.62883153051,2,67162.21271439042,85654.97640797208
USR-11084,34.0,817,6,62476.70647853899,2,31069.885900057856,65849.76482240742
USR-10926,29.0,558,2,43914.208120412106,1,141294.82477415513,45970.972318374545
USR-13049,73.0,600,3,74260.45104289246,2,114223.33139386504,78496.36580861405
USR-11117,27.0,360,5,61355.33100595928,1,,65454.64244674787
USR-10642,41.0,624,0,29454.617403924152,2,98504.8407787836,30736.27837828879
USR-14767,27.0,776,0,18197.366717127705,1,37031.57872985144,18839.35879225715
USR-10501,,634,7,46541.30155639668,1,91370.47102808999,49399.607940332025
USR-14066,29.0,833,3,56264.9553746561,1,107931.11299361041,58577.728661050955
USR-10333,62.0,403,5,65936.47633629333,1,145656.24374490703,68125.22486457707
USR-14684,39.0,444,5,71267.08836169862,1,37789.2846979936,76056.96113309126
USR-10486,32.0,586,2,32285.014457524783,1,102531.55761294585,35143.50697970972
USR-11962,69.0,784,3,37775.19842498354,2,94545.15183762436,40427.211747560905
USR-10393,30.0,667,6,51347.76112347336,1,,53951.167047468545
USR-14842,20.0,525,7,15852.436888942502,1,50847.638768857636,16651.597998708126
USR-14866,29.0,748,9,48022.86246739315,1,111763.86102536425,48434.71287132916
USR-11755,53.0,312,5,68981.82227822297,1,64436.54971839628,70343.98975311128
USR-12515,28.0,593,0,26330.31808970576,1,125804.52107212506,27567.83548200415
USR-13585,25.0,410,4,29656.640230614732,1,,31691.080561531104
USR-14315,28.0,310,0,,2,89365.92694529227,
USR-14966,26.0,311,0,58173.86172633754,2,85704.053042855,61193.52885668758
USR-12099,49.0,758,0,52339.78649265823,4,44332.19509173956,55677.182936762154
USR-13599,59.0,523,0,105736.0444829169,1,26917.7258388329,109109.75133362462
USR-14121,44.0,690,0,0.0,1,149688.61160935933,1058.7111319176902
USR-10029,24.0,516,9,42689.33707243246,2,114883.12543992329,44979.99444135274
USR-10065,40.0,338,1,78743.79739835428,2,120184.54769293145,81759.29810867038
USR-10838,,788,7,47912.63429777667,1,71438.03641791648,48984.875196201734
USR-13906,27.0,468,8,60207.5340638264,1,42501.411401724356,62825.05948517391
USR-13773,44.0,532,6,,2,66125.99503396725,
USR-14635,35.0,662,1,29015.17743520324,2,143976.2755322957,30633.730768542016
USR-13161,25.0,636,2,,4,,
USR-12659,35.0,715,8,67823.58531728089,1,106190.556443019,70850.9302635767
USR-14615,47.0,768,6,21123.85682673494,1,64382.91797076278,22403.421061649635
USR-14628,44.0,768,7,21062.738366708243,1,102142.7886252451,22068.19420210187
USR-12451,52.0,575,4,39977.82324826435,3,110000.4104661096,42194.611831850845
USR-12846,35.0,739,6,48560.33780404404,1,132346.50368882084,50968.24355444857
USR-11144,37.0,690,6,49641.56609153272,2,58479.09883467126,51817.51499348983
USR-13078,85.0,726,9,41420.69444606233,2,136349.1089245986,44641.33595286146
USR-11103,48.0,659,0,,1,105106.33602115115,
USR-10168,85.0,361,2,73330.95417541255,2,48992.89574189338,78056.43625872408
USR-11670,35.0,778,7,56205.35699476337,1,82843.55154051879,59239.312578181816
USR-12570,,381,2,44635.830129159534,2,,46275.95203028995
USR-12377,35.0,556,3,19703.35329439021,1,20213.771155696475,20633.27205715735
USR-14395,,707,4,12304.342824486761,2,78274.5067057077,12044.19295567995
USR-14257,30.0,550,5,58115.43479809021,2,70849.74442992013,60252.683596504365
USR-13862,25.0,675,6,,2,36761.02728172662,
USR-10023,67.0,773,1,25903.677917879166,2,40249.16164533173,27237.55507518694
USR-12633,39.0,512,6,16037.14357866258,1,50791.5376178279,17309.084243863916
USR-13340,40.0,687,7,39316.802374587875,2,79848.53521194505,41022.442984940935
USR-12215,27.0,818,2,52266.48767932653,2,131557.67135340947,54954.336971447985
USR-13682,51.0,717,1,725458.0826593818,2,86981.36656713708,760986.8834564585
USR-14724,25.0,640,6,37362.253166225484,2,57881.179629587954,37786.14914205947
USR-11907,70.0,494,3,36248.91484155292,1,115303.13389109432,38536.46570396871
USR-10084,,632,4,93186.52206761137,3,93197.86458405184,98443.72487331381
USR-10227,36.0,763,2,37070.58468772273,1,25070.528989430575,38619.13224231879
USR-10296,85.0,832,6,42399.92290755655,3,52889.715087634475,43864.61811091764
USR-11001,78.0,563,2,52985.03499768956,2,,55759.62951659733
USR-12138,24.0,452,3,32492.86569518973,1,133799.63297818205,31821.559462167657
USR-10711,33.0,758,7,68743.22100083514,1,76636.26728806098,74190.61995866147
USR-12801,56.0,449,3,54869.0686648719,2,58213.86329199854,58077.97791448055
USR-12527,27.0,632,8,68872.58271834024,1,104551.74628015209,72258.71473453024
USR-13752,34.0,405,6,31254.641378358014,2,58955.82488223766,33251.058509451905
USR-13321,29.0,475,2,43459.55201025908,3,96491.03603357378,46497.80039501857
USR-13181,85.0,459,8,,1,89183.82151779986,
USR-14183,31.0,808,4,,1,,
USR-11615,48.0,377,0,54382.76810269876,2,148312.57467896823,58262.41108907648
USR-13024,27.0,352,6,11085.564361404453,1,20555.07798287172,12626.427071356167
USR-11413,67.0,613,0,60387.44459310016,1,148463.7911926568,63836.70825855531
USR-10763,45.0,439,1,,3,107817.85433475878,
USR-10655,28.0,662,2,21005.807058523777,2,129095.7606784501,22094.833670376604
USR-14797,35.0,745,3,47726.260157451994,1,119303.49225315155,48619.21061752723
USR-13849,85.0,315,4,,1,,
USR-14153,34.0,476,8,,1,36815.30830968302,
USR-10468,25.0,496,7,40363.57746900549,2,50447.019773453736,42507.80522194717
USR-10157,,476,4,22040.738990153794,1,,22979.997984293903
USR-11295,44.0,481,0,55367.675351511025,2,99923.8300850893,58020.6868399305
USR-10497,85.0,622,7,32081.32728360718,1,41770.09490996659,35098.96998238457
USR-14740,22.0,647,3,,1,54680.087193145606,
USR-12940,59.0,321,6,80985.45805103739,2,44587.44960100068,88293.62079409834
USR-13456,45.0,351,4,37358.473002444574,1,66763.43322248488,37945.33153188474
USR-10373,51.0,354,9,48345.165824766074,2,33902.595863326,49734.396089925875
USR-10079,25.0,466,0,33318.256129899724,1,62433.03007257851,34730.46129326158
USR-11553,54.0,779,6,32260.236139660756,1,47011.46173801779,34943.816897990175
USR-11669,68.0,822,5,28238.18761122248,2,47709.16433393497,29216.79220903935
USR-12131,26.0,329,1,76456.81200502976,2,120533.79707927808,80756.01552485282
USR-14439,35.0,653,9,0.0,1,82207.68966799261,362.23219198787245
USR-10465,21.0,441,5,43905.7953328588,3,20329.994104291385,47479.413080589475
USR-10248,36.0,594,0,5890.990772200952,2,140149.18197455085,6772.747086980666
USR-10931,30.0,810,1,65341.302787369925,1,101149.65096334576,69518.7793911594
USR-11335,65.0,801,7,59453.929309142295,1,,61985.09241491793
USR-14524,44.0,448,1,50574.281998692124,1,141826.7949373438,52067.52301896984
USR-11338,32.0,532,1,,2,97415.35181097956,
USR-11406,26.0,405,6,83989.38040603402,2,110008.201049884,88191.48599966687
USR-11090,42.0,396,0,53321.004080838284,2,82555.70471504671,55159.01006750007
USR-14209,,351,6,86115.89896317883,3,51553.708178736175,90542.88446123616
USR-10742,61.0,495,3,58099.80901649515,1,125405.94218141778,57770.629789625375
USR-12323,,677,0,74323.24656645815,2,,78674.85533762429
USR-13601,29.0,810,6,38771.286318127815,1,144967.46136352792,40067.52718317393
USR-12123,28.0,739,5,70923.1053087257,1,32905.37186387327,75541.45930546898
USR-12094,35.0,353,1,92234.49685980305,2,,97713.79581139053
USR-10240,27.0,763,4,60496.88806567498,2,47467.06820333238,62706.30721894319
USR-12351,57.0,838,7,16972.354743842232,2,99121.80617043392,18235.212352422208
USR-11370,37.0,670,2,0.0,2,129568.0505736872,1559.173188915385
USR-11057,28.0,472,7,,1,106223.11786681123,
USR-14816,23.0,706,3,33969.835077739066,1,115996.58630472366,34510.548990845076
USR-10199,37.0,526,4,,2,93996.33526626154,
USR-12280,47.0,776,8,,2,63742.326588132324,
USR-14749,42.0,310,2,31580.16647473949,2,,31303.948455584792
USR-12220,39.0,535,2,12227.319846438586,1,84192.26367361483,13219.861524797549
USR-14771,55.0,385,2,394813.9088494494,2,57517.54227505149,415746.5371348215
USR-12819,23.0,634,0,51730.298310433565,1,88208.05886292818,53274.277460137324
USR-13150,46.0,392,8,,1,31207.495485344705,
USR-14256,50.0,442,2,73878.64721444873,1,107912.77043820254,76618.74906149019
USR-13107,48.0,412,8,11756.70813595222,1,34209.59008564349,12162.428646359178
USR-11973,77.0,388,8,28547.829131803082,1,121647.2118145511,27567.77805738211
USR-11375,33.0,669,1,32556.622132872682,2,125859.44323889392,35490.568707126935
USR-13968,60.0,563,0,,2,33075.707194069706,
USR-14062,31.0,729,8,50971.29677449275,2,108600.29334437776,52962.96485702375
USR-14445,42.0,499,1,,1,23555.073244344876,
USR-13557,30.0,728,5,62121.87826939512,1,51955.15748419135,63804.22949723993
USR-10964,25.0,651,6,57413.165258079134,1,46350.21126484866,61319.926326158224
USR-10179,47.0,335,9,36340.31550811116,2,32554.742595204145,39390.783853387285
USR-13698,42.0,724,1,59860.17672424526,1,82973.66705184922,61393.59180863173
USR-13821,47.0,811,9,57445.83042964227,2,122842.12961169431,60386.28832835706
USR-14878,33.0,374,8,72987.23314218697,2,67951.49106740364,75929.71450001666
USR-13899,85.0,785,1,59244.518855775445,2,73570.81590078997,61690.43862475223
USR-14487,54.0,546,8,,3,136399.85661318066,
USR-13238,37.0,362,3,47186.224369274096,1,84071.42633694242,47073.084241999684
USR-12974,30.0,523,7,39208.818975161754,1,22623.561999687794,40142.953528779566
USR-13580,72.0,613,3,55169.65800672848,1,62930.54772221766,57673.72552280415
USR-12887,21.0,313,5,44137.13840249524,1,86500.7675077975,46808.3464678815
USR-12575,85.0,709,6,30124.20679752581,2,106303.15691485126,29757.79400601594
